0	32349	Sirius	α	9	CMa	2.637	A0m...
1	30438	Canopus	α		Car	94.787	F0Ib
2	69673	Arcturus	α	16	Boo	11.258	K2IIIp
3	71683	Rigil Kentaurus	α¹		Cen	1.325	G2V
4	91262	Vega	α	3	Lyr	7.679	A0Vvar
5	24608	Capella	α	13	Aur	13.123	M1: comp
6	24436	Rigel	β	19	Ori	264.550	B8Ia
7	37279	Procyon	α	10	CMi	3.514	F5IV-V
8	7588	Achernar	α		Eri	42.753	B3Vp
9	27989	Betelgeuse	α	58	Ori	152.672	M2Ib
10	68702	Hadar	β		Cen	120.192	B1III
11	97649	Altair	α	53	Aql	5.130	A7IV-V
12	60718	Acrux	α¹		Cru	98.717	B0.5IV
13	21421	Aldebaran	α	87	Tau	20.433	K5III
14	0				Aur	12.938	G0 III
15	65474	Spica	α	67	Vir	76.570	B1V
16	80763	Antares	α	21	Sco	169.779	M1Ib + B2.5V
17	37826	Pollux	β	78	Gem	10.358	K0IIIvar
18	113368	Fomalhaut	α	24	PsA	7.704	A3V
19	62434	Mimosa	β		Cru	85.397	B0.5III
20	102098	Deneb	α	50	Cyg	432.900	A2Ia
21	71681	Toliman	α²		Cen	1.325	K1V
22	49669	Regulus	α	32	Leo	24.313	B7V
23	33579	Adhara	ε	21	CMa	124.224	B2II
24	36850	Castor	α	66	Gem	15.596	A2Vm
25	61084	Gacrux	γ		Cru	27.152	M4III
26	85927	Shaula	λ	35	Sco	175.131	B1.5IV+...
27	25336	Bellatrix	γ	24	Ori	77.399	B2III
28	25428	Elnath	β	112	Tau	41.051	B7III
29	45238	Miaplacidus	β		Car	34.698	A2IV
30	26311	Alnilam	ε	46	Ori	606.061	B0Ia
31	109268	Alnair	α		Gru	30.969	B7IV
32	26727	Alnitak	ζ	50	Ori	225.734	O9.5Ib SB
33	39953		γ²		Vel	342.466	WC8 + O9I
34	62956	Alioth	ε	77	UMa	25.310	A0p
35	15863	Mirfak	α	33	Per	155.280	F5Ib
36	90185	Kaus Australis	ε	20	Sgr	43.937	B9.5III
37	54061	Dubhe	α	50	UMa	37.679	F7V comp
38	34444	Wezen	δ	25	CMa	492.611	F8Ia
39	67301	Alkaid	η	85	UMa	31.867	B3V SB
40	41037	Avior	ε		Car	185.529	K3III+B2V
41	86228	Sargas	θ		Sco	92.081	F1II
42	28360	Menkalinan	β	34	Aur	24.869	A2V
43	82273	Atria	α		TrA	119.760	K2IIb-IIIa
44	31681	Alhena	γ	24	Gem	33.512	A0IV
45	42913	Alsephina	δ		Vel	24.698	A1V
46	100751	Peacock	α		Pav	54.825	B2IV
47	11767	Polaris	α	1	UMi	132.626	F7:Ib-IIv SB
48	30324	Mirzam	β	2	CMa	151.057	B1II/III
49	46390	Alphard	α	30	Hya	55.279	K3III
50	9884	Hamal	α	13	Ari	20.178	K2III
51	50583	Algieba	γ¹	41	Leo	39.888	K0III
52	3419	Diphda	β	16	Cet	29.533	K0III
53	92855	Nunki	σ	34	Sgr	69.832	B2.5V
54	68933	Menkent	θ	5	Cen	18.034	K0IIIb
55	677	Alpheratz	α	21	And	29.744	B9p
56	5447	Mirach	β	43	And	60.533	M0IIIvar
57	27366	Saiph	κ	53	Ori	198.413	B0.5Iavar
58	72607	Kochab	β	7	UMi	40.145	K4IIIvar
59	112122	Tiaki	β		Gru	54.259	M5III
60	86032	Rasalhague	α	55	Oph	14.896	A5III
61	14576	Algol	β	26	Per	27.571	B8V
62	9640	Almach	γ¹	57	And	120.482	B8V
63	57632	Denebola	β	94	Leo	11.000	A3Vvar
64	4427	Cih	γ	27	Cas	168.350	B0IV:evar
65	61932		γ		Cen	39.904	A1IV
66	39429	Naos	ζ		Pup	332.226	O5IAf
67	45556	Aspidiske	ι		Car	234.742	A8Ib
68	76267	Alphecca	α	5	CrB	23.010	A0V
69	44816	Suhail	λ		Vel	166.945	K4Ib-II
70	65378	Mizar	ζ	79	UMa	26.309	A2V
71	100453	Sadr	γ	37	Cyg	561.798	F8Ib
72	3179	Schedar	α	18	Cas	69.979	K0II-IIIvar
73	87833	Eltanin	γ	33	Dra	47.304	K5III
74	25930	Mintaka	δ	34	Ori	212.314	O9.5II
75	746	Caph	β	11	Cas	16.784	F2III-IV
76	66657		ε		Cen	131.062	B1III
77	78401	Dschubba	δ	7	Sco	150.602	B0.2IV
78	82396	Larawag	ε	26	Sco	19.535	K2IIIb
79	71860		α		Lup	142.450	B1.5III
80	71352		η		Cen	93.721	B1Vn + A
81	53910	Merak	β	48	UMa	24.450	A1V
82	72105	Izar	ε	36	Boo	62.112	A0
83	107315	Enif	ε	8	Peg	211.417	K2Ibvar
84	86670		κ		Sco	148.148	B1.5III
85	2081	Ankaa	α		Phe	25.974	K0III...
86	58001	Phecda	γ	64	UMa	25.504	A0V SB
87	84012	Sabik	η	35	Oph	27.093	A2.5Va
88	113881	Scheat	β	53	Peg	60.096	M2II-IIIvar
89	35904	Aludra	η	31	CMa	609.756	B5Ia
90	105199	Alderamin	α	5	Cep	15.038	A7IV-V
91	45941	Markeb	κ		Vel	175.439	B2IV
92	102488	Aljanah	ε	53	Cyg	22.292	K0III
93	113963	Markab	α	54	Peg	40.883	B9.5III
94	14135	Menkar	α	92	Cet	76.394	M2III
95	81377		ζ	13	Oph	112.233	O9.5V
96	68002		ζ		Cen	117.096	B2.5IV
97	54872	Zosma	δ	68	Leo	17.915	A4V
98	78820	Acrab	β¹	8	Sco	123.916	B0.5V
99	25985	Arneb	α	11	Lep	680.272	F0Ib
100	59196		δ		Cen	127.227	B2IVne
101	59803	Gienah	γ	4	Crv	47.103	B8III
102	93506	Ascella	ζ	38	Sgr	27.042	A3IV
103	74785	Zubeneschamali	β	27	Lib	56.754	B8V
104	77070	Unukalhai	α	24	Ser	22.676	K2III
105	8903	Sheratan	β	6	Ari	17.986	A5V...
106	26634	Phact	α		Col	80.128	B7IV
107	28380	Mahasim	θ	37	Aur	50.761	A0p Si
108	61359	Kraz	β	9	Crv	44.663	G5II
109	6686	Ruchbah	δ	37	Cas	30.479	A5Vv SB
110	67927	Muphrid	η	8	Boo	11.396	G0IV
111	73273		β		Lup	117.371	B2III
112	23015	Hassaleh	ι	3	Aur	151.286	K3IIvar
113	52727		μ		Vel	35.919	G5III SB
114	61585		α		Mus	96.712	B2IV-V
115	85696	Lesath	υ	34	Sco	176.678	B2IV
116	35264		π		Pup	247.525	K3Ib
117	89931	Kaus Media	δ	19	Sgr	106.610	K3III
118	97278	Tarazed	γ	50	Aql	121.065	K3II
119	79593	Yed Prior	δ	1	Oph	52.466	M1III
120	80331	Athebyne	η	14	Dra	28.233	G8III
121	52419		θ		Car	139.665	B0Vp
122	61941	Porrima	γ	29	Vir	11.685	F0V+...
123	26241	Hatysa	ι	44	Ori	714.286	O9III
124	65109		ι		Cen	18.021	A2V
125	72622	Zubenelgenubi	α²	9	Lib	23.240	A3IV
126	86742	Cebalrai	β	60	Oph	25.094	K2III
127	23875	Cursa	β	67	Eri	27.397	A3IIIvar
128	80816	Kornephoros	β	27	Her	42.662	G8III
129	84345	Rasalgethi	α¹	64	Her	110.254	M5IIvar
130	59747	Imai	δ		Cru	105.820	B2IV
131	85670	Rastaban	β	23	Dra	116.550	G2II
132	76297		γ		Lup	129.032	B2IV
133	25606	Nihal	β	9	Lep	49.164	G5II
134	81693		ζ	40	Her	10.716	F9IV
135	2021		β		Hyi	7.459	G2IV
136	81266	Paikauhale	τ	23	Sco	145.349	B0V
137	90496	Kaus Borealis	λ	22	Sgr	23.969	K1IIIb
138	1067	Algenib	γ	88	Peg	120.048	B2IV
139	39757	Tureis	ρ	15	Pup	19.482	F2mF5IIp
140	77952		β		TrA	12.378	F2III
141	18246		ζ	44	Per	230.415	B1Ib
142	85258		β		Ara	198.020	K3Ib-II
143	85792		α		Ara	81.967	B2Vne
144	17702	Alcyone	η	25	Tau	123.609	B7III
145	63608	Vindemiatrix	ε	47	Vir	33.602	G8IIIvar
146	107556	Deneb Algedi	δ	49	Cap	11.867	A5mF2 (IV)
147	0	Castor B	α	66	Gem	15.805	A m
148	9236		α		Hyi	22.012	F0V
149	97165	Fawaris	δ	18	Cyg	50.582	B9.5III
150	30343	Tejat	μ	13	Gem	71.023	M3IIIvar
151	74946		γ		TrA	56.370	A1V
152	110130		α		Tuc	61.237	K3III
153	13847	Acamar	θ¹		Eri	49.431	A4III+...
154	94141	Albaldah	π	41	Sgr	156.250	F2II/III
155	36188	Gomeisa	β	3	CMi	49.579	B8Vvar
156	63125	Cor Caroli	α²	12	CVn	35.199	A0spe...
157	78265	Fang	π	6	Sco	179.533	B1V + B2V
158	18532		ε	45	Per	195.695	B0.5V
159	80112	Alniyat	σ	20	Sco	213.675	B1III
160	106278	Sadalsuud	β	22	Aqr	164.745	G0Ib
161	14328		γ	23	Per	74.571	G8III+...
162	48002		υ		Car	440.529	A9
163	112158	Matar	η	44	Peg	65.703	G2II-III..
164	32768		τ		Pup	55.804	K0III...
165	60965	Algorab	δ	7	Crv	26.631	B9.5V
166	109074	Sadalmelik	α	34	Aqr	160.514	G2Ib
167	18543	Zaurak	γ	34	Eri	62.344	M1IIIb Ca-1
168	26451	Tianguan	ζ	123	Tau	136.426	B4IIIp
169	47908	Ras Elased Australis	ε	17	Leo	75.643	G0II
170	88635	Alnasl	γ²	10	Sgr	29.700	K0III
171	64962		γ	46	Hya	41.034	G8III
172	87073		ι¹		Sco	591.716	F3Ia
173	93747	Okab	ζ	17	Aql	25.458	A0Vn
174	10064		β	4	Tri	38.895	A5III
175	54539		ψ	52	UMa	44.307	K1III
176	75097	Pherkad	γ	13	UMi	149.254	A3II-III
177	82514	Xamidimura	μ¹		Sco	153.610	B1.5IV + B
178	108085	Aldhanab	γ		Gru	64.725	B8III
179	17358		δ	39	Per	158.228	B5III SB
180	30122	Furud	ζ	1	CMa	111.111	B2.5V
181	33977		ο²	24	CMa	847.458	B3Ia
182	59316		ε	2	Crv	97.466	K2III
183	23416	Almaaz	ε	7	Aur	653.595	F0Ia
184	62322		β		Mus	104.712	B2V
185	71075	Seginus	γ	27	Boo	26.610	A7IIIvar
186	95947	Albireo	β¹	6	Cyg	133.156	K3II+...
187	100345	Dabih	β	9	Cap	100.200	A5:n
188	32246	Mebsuta	ε	27	Gem	259.067	A3mA6-A9
189	50801	Tania Australis	μ	34	UMa	70.621	M0III SB
190	94376	Altais	δ	57	Dra	29.869	G9III
191	89642		η		Sgr	44.743	M2III
192	43813		ζ	16	Hya	51.256	G8III-IV
193	52943		ν		Hya	44.072	K0/K1III
194	56561		λ		Cen	128.700	B9II:
195	101772		α		Ind	30.148	K0III
196	27628	Wazn	β		Col	26.731	K1.5III
197	44127	Talitha	ι	9	UMa	14.510	A7IV
198	83081		ζ		Ara	149.031	K5III
199	84379	Sarin	δ	65	Her	23.036	A3IVv SB
200	73334		κ		Cen	117.509	B2IV
201	45860		α	40	Lyn	62.267	M0IIIvar
202	46701				Vel	73.260	K5III
203	84380		π	67	Her	115.473	K3IIvar
204	31685		ν		Pup	113.895	B8III SB
205	46853		θ	25	UMa	13.479	F6IV
206	83895	Aldhibah	ζ	22	Dra	100.705	B6III
207	92041		φ	27	Sgr	73.368	B8.5III
208	23767	Haedus	η	10	Aur	74.627	B3V
209	71908		α		Cir	16.570	F1Vp
210	22449	Tabit	π³	1	Ori	8.068	F6V
211	23685		ε	2	Lep	65.402	K4III
212	83000		κ	27	Oph	28.043	K2IIIvar
213	87261	Fuyue			Sco	38.580	K0/K1III
214	104732		ζ	64	Cyg	43.879	G8II SB
215	116727	Errai	γ	35	Cep	14.102	K1IV
216	75141		δ		Lup	271.003	B1.5IV
217	79882	Yed Posterior	ε	2	Oph	32.637	G8III
218	89962		η	58	Ser	18.543	K0III-IV
219	106032	Alfirk	β	8	Cep	210.084	B2IIIv SB
220	32607		α		Pic	29.603	A7IV
221	99473		θ	65	Aql	87.796	B9.5III
222	36377		σ		Pup	59.382	K5III SB
223	68895		π	49	Hya	30.960	K2III
224	73714	Brachium	σ	20	Lib	88.417	M3/M4III
225	93194	Sulafat	γ	14	Lyr	190.114	B9III
226	17678		γ		Hyi	65.617	M2III
227	3092		δ	31	And	32.352	K3III...
228	84970		θ	42	Oph	133.690	B2IV
229	113136	Skat	δ	76	Aqr	49.237	A3V
230	24305		μ	5	Lep	57.013	B9IV: HgMn
231	50099		ω		Car	104.822	B8III
232	75458	Edasich	ι	12	Dra	31.027	K2III
233	21281		α		Dor	51.706	A0V:
234	51576				Car	148.148	B4Vne
235	29655	Propus	η	7	Gem	117.924	M3III
236	85267		γ		Ara	341.297	B1Ib
237	5165		β		Phe	0.000	G8IIIvar
238	14354		ρ	25	Per	94.340	M3IIIvar
239	59774	Megrez	δ	69	UMa	24.685	A3Vvar
240	84143		η		Sco	22.528	F3p
241	88048		ν	64	Oph	46.211	K0III
242	93864		τ	40	Sgr	37.286	K1/K2III
243	19780		α		Ret	49.554	G7III
244	54879	Chertan	θ	70	Leo	50.607	A2V
245	38170	Azmidi	ξ	7	Pup	367.647	G6Ia
246	8886	Segin	ε	45	Cas	126.263	B2pvar
247	25281		η	28	Ori	299.401	B1V + B2
248	32362	Alzirr	ξ	31	Gem	17.999	F5IV
249	41704	Muscida	ο	1	UMa	54.915	G4II-III
250	95501		δ	30	Aql	15.525	F0IV
251	75264		ε		Lup	156.986	B2IV-V
252	43109	Ashlesha	ε	11	Hya	39.635	G0III-IV
253	66249	Heze	ζ	79	Vir	22.712	A3V
254	26207	Meissa	λ	39	Ori	336.700	O...
255	50371				Car	201.613	K3II
256	63090	Minelauva	δ	43	Vir	60.827	M3III
257	109492		ζ	21	Cep	256.410	K1Ibv SB
258	20894	Chamukuy	θ²	78	Tau	46.104	A7III
259	0				Oph	25.793	A3 V
260	6867		γ		Phe	71.633	K5II-III
261	18724		λ	35	Tau	148.368	B3V + A
262	67464		ν		Cen	133.869	B2IV
263	74395		ζ		Lup	35.971	G8III
264	102422		η	3	Cep	14.265	K0IV
265	112029	Homam	ζ	42	Peg	62.657	B8.5V
266	8796	Mothallah	α	2	Tri	19.418	F6IV
267	78384		η		Lup	135.501	B2.5IV
268	86974		μ	86	Her	8.310	G5IV
269	102395		β		Pav	41.425	A5IV
270	45080				Car	136.986	B2IV
271	50335	Adhafera	ζ	36	Leo	84.034	F0III
272	93805		λ	16	Aql	37.922	B9Vn
273	50372	Tania Borealis	λ	33	UMa	42.158	A2IV
274	3821	Achird	η	24	Cas	5.953	G0V SB
275	5364		η	31	Cet	37.994	K2III
276	38827		χ		Car	139.470	B3IVp
277	74666		δ	49	Boo	37.341	G8III
278	12706	Kaffaljidhma	γ	86	Cet	24.408	A3V
279	67472		μ		Cen	155.039	B2IV-Ve
280	49583		η	30	Leo	389.105	A0Ib
281	81833		η	44	Her	33.311	G8III-IV
282	8102		τ	52	Cet	3.650	G8V
283	33856	Nganurganity	σ	22	CMa	343.643	K4III
284	55219	Alula Borealis	ν	54	UMa	122.399	K3III SB
285	73555	Nekkar	β	42	Boo	69.061	G8III
286	90422		α		Tel	85.179	B3IV
287	112623		ε		Gru	39.526	A3V
288	32759		κ	13	CMa	202.020	B1.5IVne
289	35550	Wasat	δ	55	Gem	18.539	F0IV...
290	112724		ι	32	Cep	35.348	K0III
291	98337		γ	12	Sge	79.239	K5III
292	112748	Sadalbari	μ	48	Peg	32.531	M2III
293	17378	Rana	δ	23	Eri	9.041	K0IV
294	47508	Subra	ο	14	Leo	39.952	A5V+...
295	48774		φ		Vel	487.805	B5Ib
296	92420	Sheliak	β	10	Lyr	294.985	A8:V comp SB
297	93085		ξ²	37	Sgr	111.982	G8/K0II/III
298	109427	Biham	θ	26	Peg	28.297	A2V
299	0		γ	29	Vir	11.830	F0 V
300	20889	Ain	ε	74	Tau	44.964	K0III
301	40526	Tarf	β	17	Cnc	93.023	K4III
302	56343		ξ		Hya	39.746	G8III
303	77516		μ	32	Ser	52.002	A0V
304	86263		ξ	55	Ser	32.279	F0IIIp
305	20042		υ⁴	41	Eri	54.555	B9V
306	27288		ζ	14	Lep	21.608	A2Vann
307	69996		ι		Lup	103.627	B2.5IV
308	89937		χ	44	Dra	8.057	F7Vvar
309	99240		δ		Pav	6.108	G5IV-Vvar
310	1562		ι	8	Cet	84.175	K2III
311	10602		φ		Eri	47.125	B8IV-V
312	55282		δ	12	Crt	56.948	K0III
313	82545	Pipirima	μ²		Sco	145.349	B2IV
314	37740		κ	77	Gem	43.346	G8III
315	44471	Alkaphrah	κ	12	UMa	109.890	A1Vn
316	71053		ρ	25	Boo	49.092	K3III
317	75177		φ¹		Lup	84.317	K5III
318	35350		λ	54	Gem	30.931	A3V...
319	100064	Algedi	α²	6	Cap	32.447	G6/G8III
320	7607	Nembus		51	And	54.318	K3III
321	24674		τ	20	Ori	151.515	B5III
322	27072		γ	13	Lep	8.927	F7V
323	57757	Zavijava	β	5	Vir	10.929	F8V
324	60260	Ginan	ε		Cru	70.472	K3/K4III
325	6537		θ	45	Cet	34.892	K0III
326	33018		θ	34	Gem	57.971	A3III
327	42536		ο		Vel	151.286	B3IV
328	46651		ψ		Vel	18.815	F2IV
329	76470		υ	39	Lib	68.587	K3III
330	85727		δ		Ara	60.680	B8V
331	13209	Bharani		41	Ari	50.787	B8Vn
332	15900		ο	1	Tau	89.206	G8III
333	49841		λ	41	Hya	34.507	K0III
334	63613		δ		Mus	27.871	K2III
335	86929		η		Pav	107.991	K1III
336	7097	Alpherg	η	99	Psc	107.181	G8III
337	17847	Atlas		27	Tau	117.233	B8III
338	37819				Pup	347.222	K4III
339	82729		ζ²		Sco	40.568	K4III
340	113726		ο	1	And	210.526	B6pv SB
341	57363		λ		Mus	38.986	A7III
342	101769	Rotanev	β	6	Del	30.931	F5IV
343	20205	Prima Hyadum	γ	54	Tau	49.529	G8III
344	46733			23	UMa	23.815	F0IV
345	77233		β	28	Ser	47.551	A3V
346	88714		θ		Ara	249.377	B2Ib
347	110960		ζ¹	55	Aqr	28.169	F3III-IV
348	75695	Nusakan	β	3	CrB	34.282	F0p
349	76600		τ	40	Lib	112.486	B2.5V
350	68756	Thuban	α	11	Dra	92.937	A0III SB
351	103227		β		Ind	187.617	K0III
352	22549		π⁴	3	Ori	322.581	B2III SB
353	42828		α		Pyx	269.542	B1.5III
354	97365		δ	7	Sge	182.149	M2II + B6
355	114341			88	Aqr	82.988	K1III
356	2920	Fulu	ζ	17	Cas	181.818	B2IV
357	9007		χ		Eri	17.851	G5IV
358	23453	Saclateni	ζ	8	Aur	240.964	K4II comp
359	47854				Car	478.469	G5Iab/Ib
360	57399	Taiyangshou	χ	63	UMa	56.306	K0III
361	106985	Nashira	γ	40	Cap	48.146	A7III:mp...
362	15474		τ⁴	16	Eri	93.371	M3/M4III
363	87933		ξ	92	Her	41.946	K0III
364	114971		γ	6	Psc	42.301	G7III
365	22797		π⁵	8	Ori	411.523	B2III SB
366	28103		η	16	Lep	14.879	F1V
367	38414				Pup	108.108	G5III...
368	77622		ε	37	Ser	21.598	A2m
369	88771			72	Oph	26.631	A4IVs
370	98036	Alshain	β	60	Aql	13.699	G8IVvar
371	16537	Ran	ε	18	Eri	3.216	K2V
372	17499	Electra		17	Tau	124.070	B6III
373	28358		δ	33	Aur	38.640	K0III
374	104060		ξ	62	Cyg	258.398	K5Ibv SB
375	16083		ξ	2	Tau	64.103	B9Vn
376	72220			109	Vir	41.237	A0V
377	87585	Grumium	ξ	32	Dra	34.507	K2III
378	107089		ν		Oct	21.200	K0III
379	112961		λ	73	Aqr	118.064	M2IIIvar
380	8645	Baten Kaitos	ζ	55	Cet	72.046	K2III
381	80170		γ	20	Her	59.067	A9III
382	104887		τ	65	Cyg	20.342	F1IV
383	44511				Vel	91.827	K2III
384	87108		γ	62	Oph	31.516	A0V
385	26069		β		Dor	308.642	F6Ia
386	27654		δ	15	Lep	34.867	G8III/IV
387	30867		β	11	Mon	207.469	B3Ve
388	93683		ο	39	Sgr	43.554	K0III
389	95853		ι²	10	Cyg	37.202	A5Vn
390	111169		α	7	Lac	31.456	A1V
391	13268	Miram	η	15	Per	269.542	K3Ib comp SB
392	17529		ν	41	Per	170.649	F5IIvar
393	20455	Secunda Hyadum	δ¹	61	Tau	47.710	G8III
394	26549		σ	48	Ori	328.947	O9.5V...
395	41312		β		Vol	32.971	K2IIIvar
396	42570				Vel	0.000	F3Ia
397	82363		η		Ara	91.743	K5III
398	101958	Sualocin	α	9	Del	77.821	B9V
399	105881		ζ	34	Cap	118.203	G4Ibp...
400	109176		ι	24	Peg	11.726	F5V
401	34481		γ²		Vol	42.863	G8IIIvar
402	36046		ι	60	Gem	36.900	G9III+...
403	48319		υ	29	UMa	35.638	F0IV
404	53253				Car	29.129	K0III-IV...
405	71795		ζ	30	Boo	53.879	A3IVn
406	102618	Albali	ε	2	Aqr	63.694	A1V
407	14668	Misam	κ	27	Per	34.566	K0III
408	53229	Praecipua		46	LMi	29.087	K0III-IV
409	14879	Dalim	α		For	14.237	F8V
410	37229				Pup	106.270	B5IV
411	76276		δ	13	Ser	69.930	F0IV
412	94779		κ	1	Cyg	38.066	K0III
413	99675			31	Cyg	271.003	K2II+...
414	21393	Theemin	υ²	52	Eri	65.574	G8III
415	51232				Car	411.523	F2II
416	76952		γ	8	CrB	44.783	A1Vs
417	116584		λ	16	And	26.406	G8III-IV
418	9487	Alrescha	α	113	Psc	46.168	A2
419	45688			38	Lyn	38.270	A1V
420	56211	Giausar	λ	1	Dra	102.145	M0IIIvar
421	80883	Marfik	λ	10	Oph	53.079	A2V
422	86414		ι	85	Her	139.470	B3V SB
423	51069		μ	42	Hya	71.787	K4III
424	68245		φ		Cen	161.031	B2IV
425	72370		α		Aps	136.986	K5III
426	17440		β		Ret	29.860	K0IV SB
427	17448	Atik	ο	38	Per	343.643	B1III
428	20885		θ¹	77	Tau	47.326	G7III
429	43783				Car	98.039	B8III
430	51624		ρ	47	Leo	0.000	B1Ib SB
431	51986				Vel	26.838	A3m+...
432	61199		γ		Mus	99.602	B5V
433	88794		ο	103	Her	103.627	B9.5V
434	89341	Polis	μ	13	Sgr	0.000	B2III:
435	97433		ε	63	Dra	45.372	G8III
436	19747		α		Hor	35.261	K1III
437	27321		β		Pic	19.440	A3V
438	30277		δ		Col	71.736	G7II
439	50191				Vel	31.075	A2V
440	61281		κ	5	Dra	150.376	B6IIIp
441	61622		τ		Cen	40.241	A2V
442	78072		γ	41	Ser	11.254	F6V
443	90139			109	Her	36.470	K2III
444	91117		α		Sct	61.050	K2III
445	4436		μ	37	And	39.777	A5V
446	21594	Sceptrum		53	Eri	33.681	K1III
447	25859		ε		Col	80.710	K1II/III
448	79664		δ		TrA	186.220	G5II
449	81065		γ		Aps	47.916	K0IV SB
450	87808		θ	91	Her	230.947	K1IIvar
451	110395	Sadachbia	γ	48	Aqr	50.201	A0V
452	17573	Maia		20	Tau	117.509	B8III
453	43023				Vel	568.182	A1III
454	68282		υ¹		Cen	131.062	B2IV-V
455	71957		μ	107	Vir	18.271	F2III
456	78104	Iklil	ρ	5	Sco	144.718	B2IV/V
457	97804		η	55	Aql	423.729	F6Ibv SB
458	765		ε		Phe	44.209	K0III
459	8832	Mesarthim	γ²	5	Ari	50.302	A1p Si
460	48455	Rasalas	μ	24	Leo	38.052	K0III
461	74376		κ¹		Lup	55.188	B9V
462	114421		ι		Gru	56.180	K0III SB
463	13701	Azha	η	3	Eri	41.858	K1III-IV
464	33152		ο¹	16	CMa	0.000	K3Iab
465	45336		θ	22	Hya	34.795	B9.5V
466	60129	Zaniah	η	15	Vir	81.367	A2IV
467	98110		η	21	Cyg	41.374	K0IIIvar
468	47431	Ukdah	ι	35	Hya	80.710	K3IIIvar
469	55425		π		Cen	109.649	B5Vn
470	65936				Cen	277.778	G8II/III
471	18907		ν	38	Tau	35.855	A1V
472	41307				Hya	37.509	A0V
473	60823		σ		Cen	126.263	B3V
474	73807		π		Lup	135.870	B5
475	76333	Zubenelhakrabi	γ	38	Lib	50.025	K0III
476	79992		τ	22	Her	94.251	B5IV
477	83207		ε	58	Her	47.529	A0V
478	95168		ρ¹	44	Sgr	38.926	F0III/IV
479	104987	Kitalpha	α	8	Equ	58.343	G0III+...
480	2072		κ		Phe	23.809	A7V
481	7083		δ		Phe	43.573	K0III-IV
482	13531		τ	18	Per	77.942	G4III...
483	21444		ν	48	Eri	207.039	B2III SB
484	37504		ζ		Vol	43.234	K0III
485	54463				Car	0.000	G0Ia0
486	78933		ω¹	9	Sco	144.509	B1V
487	88192			67	Oph	377.358	B5Ib
488	5348	Wurren	ζ		Phe	91.575	B6V + B0V
489	37447		α	26	Mon	45.310	K0III
490	37677			3	Pup	0.000	A2Iab
491	42911	Asellus Australis	δ	47	Cnc	40.032	K0III
492	103413		ν	58	Cyg	114.811	A1Vn
493	9598			50	Cas	48.170	A2V
494	31592		ν²	7	CMa	19.751	K1III+...
495	0		ζ	79	UMa	24.155	A1 m
496	19343			48	Per	146.199	B3Ve
497	28328		η		Col	144.718	K0III
498	44248				Lyn	16.069	F5V
499	45101				Car	166.389	B3IV
500	95241	Arkab Prior	β¹		Sgr	96.154	B9V
501	95347	Rukbat	α		Sgr	55.741	B8V
502	99848			32	Cyg	324.675	K3Ib-II comp
503	115438			98	Aqr	50.100	K0III
504	20535	Beemim		43	Eri	90.826	K4III
505	27673		ν	32	Aur	70.621	K0III
506	35228		δ		Vol	226.244	F6II
507	42515		β		Pyx	127.551	G5II/III
508	59449		ρ		Cen	116.144	B3V
509	77634		χ	5	Lup	59.844	B9.5III-IV
510	98495		ε		Pav	32.217	A0V
511	110997		δ¹		Gru	94.877	G6/G8III
512	112440		λ	47	Peg	111.982	G8II-III
513	18614	Menkib	ξ	46	Per	381.679	O7.5Iab:
514	106481		ρ	73	Cyg	37.893	G8III
515	9347		υ	59	Cet	89.767	K5/M0III
516	29651		γ	5	Mon	152.672	K3III
517	50954				Car	16.223	F2IV
518	65477	Alcor		80	UMa	25.056	A5V SB
519	114996		γ		Tuc	23.057	F1III
520	44382		α		Vol	38.300	Am
521	55642		ι	78	Leo	23.674	F2IV SB
522	79374	Jabbah	ν	14	Sco	145.349	B2IV
523	8068		φ		Per	220.264	B2Vpe
524	22109		μ	57	Eri	160.000	B5IV
525	34088	Mekbuda	ζ	43	Gem	421.941	G3Ibv SB
526	35037		ω	28	CMa	279.330	B2IV/Ve
527	71865				Cen	103.950	B2.5V
528	78527		θ	13	Dra	21.035	F8IV-V
529	80000		γ²		Nor	39.479	G8III
530	91792		ζ		Pav	66.979	K2III
531	101076			41	Cyg	235.849	F5II
532	43409		γ		Pyx	63.573	K3III
533	59199	Alchiba	α	1	Crv	14.937	F0IV/V
534	93244		ε	13	Aql	47.506	K2III
535	93429			12	Aql	44.131	K1IIIvar
536	10670		γ	9	Tri	34.435	A1Vnn
537	23522		β	10	Cam	267.380	G0Ib
538	43103		ι	48	Cnc	101.523	G8Iab:
539	63003		μ¹		Cru	127.065	B2IV-V
540	88601			70	Oph	5.083	K0V SB
541	101421	Aldulfin	ε	2	Del	101.317	B6III
542	118268		ω	28	Psc	31.990	F4IV
543	19587	Beid	ο¹	38	Eri	37.313	F2II-III
544	57380		ν	3	Vir	90.090	M0III
545	70497		θ	23	Boo	14.531	F7V
546	111497		η	62	Aqr	51.467	B9IV-Vn
547	14632		ι		Per	10.541	G0V
548	40702		α		Cha	19.562	F5III
549	42884				Vel	70.175	G5III
550	55434		σ	77	Leo	67.476	B9.5Vs
551	67459		υ	5	Boo	80.775	K5IIIvar
552	70090		ψ		Cen	79.365	A0IV
553	71536		ρ		Lup	96.899	B5V
554	112716		τ²	71	Aqr	97.371	K5III
555	22957		ο²	9	Ori	57.013	K2III
556	36962		υ	69	Gem	83.056	K5III
557	55705		γ	15	Crt	25.240	A9V
558	59929		ε		Mus	92.421	M5III
559	60009		ζ		Cru	109.649	B2.5V
560	72010				Cen	64.226	K3III
561	83153		ε¹		Ara	110.620	K4III
562	69701	Syrma	ι	99	Vir	22.237	F7V
563	74117		λ		Lup	238.095	B3V
564	74824		β		Cir	30.553	A3V
565	110991		δ	27	Cep	265.252	G2Ibvar
566	3693		ζ	34	And	58.005	K1II
567	11001		δ		Hyi	42.827	A3V
568	12387		δ	82	Cet	199.203	B2IV
569	14146		τ³	11	Eri	27.174	A4V
570	33160		θ	14	CMa	79.936	K4III
571	46974				Car	406.504	B5II
572	53740	Alkes	α	7	Crt	48.804	K1III
573	92862			13	Lyr	91.408	M5IIIvar
574	104139		θ	23	Cap	49.727	A1V
575	105502			1	Peg	47.778	K1III
576	26366		φ²	40	Ori	36.023	G8III-IV
577	77450	Gudja	κ	35	Ser	117.096	M1III
578	7513	Titawin	υ	50	And	13.492	F8V
579	12777		θ	13	Per	11.127	F7V
580	38164				Pup	505.050	B0III
581	90568		ζ		Tel	38.700	G8/K0III
582	94160		β		CrA	145.349	K0II/IIICN.
583	12486		ι		Eri	46.189	K0III
584	34045	Muliphein	γ	23	CMa	135.501	B8II
585	42312				Vel	558.659	A6II
586	48356	Zhang	υ¹	39	Hya	80.906	G6/G8III
587	51839		γ		Cha	128.041	M0III
588	57439				Cen	119.474	G0II
589	76440		ε		TrA	61.843	K0III
590	94114	Meridiana	α		CrA	38.432	A0/A1V
591	113638		ζ		Gru	33.378	G8III
592	12394		ε		Hyi	46.555	B9III
593	19812		μ	51	Per	276.243	G0Ib...
594	28614		μ	61	Ori	47.506	Am...
595	58948		ο	9	Vir	50.050	G8III
596	98032		ι		Sgr	55.741	K0III
597	102978		ω	18	Cap	258.398	K4III
598	111043		δ²		Gru	101.215	M4.5IIIa
599	25247			29	Ori	48.239	G8III
600	30883		ν	18	Gem	166.945	B6III
601	77853		θ	46	Lib	51.653	K0III
602	102485		ψ	16	Cap	14.678	F5V
603	112405		β		Oct	45.767	A9IV/V
604	116771		ι	17	Psc	13.714	F7V
605	16369			5	Tau	104.932	K0II-III...
606	17608	Merope		23	Tau	116.550	B6IV
607	42313		δ	4	Hya	49.164	A1Vnn
608	59072		η		Cru	19.755	F2III
609	76127		θ	4	CrB	115.075	B6Vnn
610	78159		ε	13	CrB	67.889	K3III
611	107354		κ	10	Peg	34.223	F5IV
612	109937			1	Lac	190.476	K3III
613	34769		δ	22	Mon	117.786	A2V
614	85112		ρ	75	Her	120.627	B9.5III
615	116805		κ	19	And	51.626	B9IVn
616	28734			1	Gem	47.551	G7III
617	36366		ρ	62	Gem	18.047	F0V...
618	85340			44	Oph	25.497	A3IV:m
619	2599		κ	15	Cas	0.000	B1Ia
620	17874				Eri	64.350	G8III
621	110003	Ancha	θ	43	Aqr	57.471	G8III-IV
622	69427	Kang	κ	98	Vir	78.125	K3III
623	69732	Xuange	λ	19	Boo	30.358	A0sh
624	81304				Sco	105.042	K5III
625	109857		ε	23	Cep	26.199	F0IV
626	111954		ε	18	PsA	149.254	B8V
627	67457			2	Cen	56.117	M5III
628	92043			110	Her	19.209	F6V
629	25813			32	Ori	92.850	B5V
630	38835			11	Pup	160.000	F7/F8II
631	51233		β	31	LMi	47.192	G8III-IV
632	81126		σ	35	Her	96.525	B9Vvar
633	112447		ξ	46	Peg	16.297	F7V
634	113246		δ	23	PsA	47.259	G8III
635	16228				Cam	595.238	B9Ia
636	20635		κ¹	65	Tau	47.192	A7IV-V
637	82080		ε	22	UMi	93.197	G5IIIvar
638	101093		θ	2	Cep	41.841	A7III
639	105858		γ		Pav	9.262	F6V
640	13254			16	Per	37.023	F2III
641	17651		τ⁶	27	Eri	17.627	F3/F5V
642	38518				Pup	507.614	B0.5Ib
643	78918		θ		Lup	127.065	B2.5Vn
644	80569		χ	7	Oph	161.031	B2Vne
645	89908		φ	43	Dra	92.850	A0p (Si)
646	92175		β		Sct	280.899	G5II...
647	92609		λ		Pav	438.596	B2II-III
648	92791		δ²	12	Lyr	225.734	M4IIvar
649	102453			52	Cyg	61.652	K0III
650	105102		σ	67	Cyg	884.956	B9Iab
651	114724		φ	90	Aqr	61.958	M2III
652	1599		ζ		Tuc	8.587	F9V
653	37629		σ	75	Gem	38.344	K1III SB
654	64394		β	43	Com	9.129	G0V
655	67153			1	Cen	19.402	F3V
656	68520		τ	93	Vir	68.966	A3V
657	79101		φ	11	Her	62.539	B9MNp...
658	81852		β		Aps	48.123	K0III
659	93825		γ		CrA	17.304	F7IV-V
660	107259		μ		Cep	0.000	M2Ia
661	107533		π²	81	Cyg	338.983	B3III
662	5372				Cep	85.911	K2II-III
663	11407		κ		Eri	155.763	B5IV
664	12770		π	89	Cet	120.482	B7IV
665	60000		β		Cha	91.491	B5Vn
666	61317	Chara	β	8	CVn	8.440	G0V
667	80911				Sco	170.068	B2III-IV
668	86565		ο	56	Ser	53.107	A2Va
669	114855		ψ¹	91	Aqr	45.935	K0III
670	5896		κ		Tuc	20.956	F6IV
671	19167		λ	47	Per	129.366	A0IVn
672	21402			88	Tau	47.893	A5m
673	21476			58	Per	244.499	G8II comp
674	23972		λ	69	Eri	248.756	B2IVn
675	41075	Alsciaukat		31	Lyn	117.233	K5III
676	62896				Cen	45.558	A4IV
677	70692			5	UMi	110.011	K4III
678	107418		ν	10	Cep	0.000	A2Iavar
679	5434		φ	42	And	219.780	B7III
680	8198	Torcular	ο	110	Psc	85.690	K0III
681	15510	82 G. Eri			Eri	6.043	G8V
682	16611		τ⁵	19	Eri	89.928	B9V
683	19893		γ		Dor	20.462	F4III
684	22783		α	9	Cam	0.000	O9.5Ia SB:
685	44066	Acubens	α	65	Cnc	57.737	A5m
686	86170				Sco	50.839	G8/K0III/IV
687	88267			95	Her	127.877	G5
688	108917	Kurhah	ξ	17	Cep	29.595	Am
689	4906		ε	71	Psc	55.741	K0III
690	12828		μ	87	Cet	25.773	F1III-IV
691	19860		μ	49	Tau	139.665	B3IV
692	21589			90	Tau	47.081	A6V
693	21881		τ	94	Tau	122.100	B3V
694	64004		ξ²		Cen	143.267	B1.5V
695	74911		μ		Lup	102.881	B8V
696	95294	Arkab Posterior	β²		Sgr	41.135	F2III
697	102532		γ²	12	Del	38.730	K1IV
698	115830		θ	10	Psc	45.537	K1III
699	20711		υ	69	Tau	47.148	A8Vn
700	47193				Dra	304.878	K3III
701	51172		α		Ant	112.233	K4III
702	85423			45	Oph	34.211	F3III
703	99655			33	Cyg	48.828	A3IV-Vn
704	105515		ι	32	Cap	60.314	G8III
705	109410		π²	29	Peg	80.645	F5III
706	114131		θ		Gru	40.437	F5me...
707	16852			10	Tau	13.963	F9V
708	24845		λ	6	Lep	261.097	B0.5IV
709	52154				Vel	257.732	G2II
710	57936		β		Hya	94.967	Ap Si
711	77055		ζ	16	UMi	113.122	A3Vn
712	80894		φ	8	Oph	74.683	G8/K0III
713	109139		ι	33	Aqr	53.706	B8V
714	111188		β	17	PsA	43.783	A1V
715	116631		ι	17	And	153.139	B8V
716	4577		α		Scl	238.095	B7IIIp
717	11484		ξ²	73	Cet	59.207	B9III
718	17531	Taygeta		19	Tau	125.471	B6V
719	17797				Eri	50.736	A+...
720	20648		δ³	68	Tau	45.537	A2IV
721	28404		π	35	Aur	230.415	M3IIvar
722	42799		η	7	Hya	179.856	B3V...
723	53417			54	Leo	87.951	A1
724	56647		υ	91	Leo	55.648	G9III
725	57669				Cen	182.482	B3V
726	61174		η	8	Crv	18.282	F2V
727	70069				Cen	375.940	B6Ib
728	100027		α¹	5	Cap	174.520	G3Ib
729	42568				Car	442.478	B1.5III
730	70638		δ		Oct	91.659	K2III
731	75411	Alkalurops	μ¹	51	Boo	34.686	F0V
732	78990		ω²	10	Sco	89.127	G6/G8III
733	101847			71	Aql	103.413	G8III SB
734	16826		ψ	37	Per	178.891	B5Ve
735	21763			54	Eri	112.994	M3/M4III
736	25945			119	Tau	549.451	M2Ib
737	29696		κ	44	Aur	54.259	G8IIIvar
738	43067			12	Hya	75.132	G8III
739	46750	Alterf	λ	4	Leo	100.908	K5IIIvar
740	58758		θ¹		Cru	72.046	Am
741	64241	Diadem	α	42	Com	17.825	F5V
742	67669			3	Cen	105.374	B5
743	72683		ο		Lup	123.916	B5IV
744	84880		ν	53	Ser	62.305	A0/A1V
745	36284		γ	4	CMi	97.561	K3III SB
746	62867				Cen	90.253	K3/K4III
747	70576		τ²		Lup	97.847	A7:+...
748	84405	Guniibuu		36	Oph	5.933	K2:III:
749	88866		π		Pav	39.856	Am
750	89826		κ	1	Lyr	77.160	K2IIIvar
751	0	Alula Australis	ξ	53	UMa	10.417	G0 Ve
752	2912		π	29	And	183.486	B5V
753	3031		ε	30	And	50.226	G5III...
754	5542		θ	33	Cas	40.950	A7Vvar
755	27100		δ		Dor	45.872	A7V
756	31125		ξ¹	4	CMa	423.729	B1III
757	40888		θ		Cha	47.619	K0III-IV
758	45496				Car	149.701	M1III
759	47175				Vel	32.321	A5V
760	68523		υ²		Cen	389.105	F6II
761	76552		ω		Lup	67.024	K4.5III
762	85355		σ	49	Oph	276.243	K3IIvar
763	91971		ζ¹	6	Lyr	47.870	Am
764	92161			111	Her	28.893	A5III
765	107348			9	Peg	284.091	G5Ib
766	111022			5	Lac	505.050	M0II
767	14838	Botein	δ	57	Ari	52.029	K2IIIvar
768	22509		π²	2	Ori	68.823	A1Vn
769	31407				Car	418.410	B9III
770	33449			15	Lyn	54.675	G5III-IV
771	39794		ε		Vol	172.414	B6IV
772	43234		ρ	13	Hya	108.578	A0Vn
773	60742		γ	15	Com	51.282	K2IIICN+...
774	74857			2	Lup	99.900	K1II/III
775	85822	Yildun	δ	23	UMi	52.770	A1Vn
776	90098		ξ		Pav	143.678	M1III SB
777	94713		θ	21	Lyr	255.102	K0II
778	107380		ι	9	PsA	62.617	B9.5V
779	2484		β¹		Tuc	41.408	B9V
780	3405		η		Phe	75.529	A0IV
781	10324		ξ¹	65	Cet	117.509	G8II:
782	16335		σ	35	Per	110.254	K3III
783	19038			37	Tau	57.372	K0III
784	22701		ω	61	Eri	72.046	A9IV
785	24327		κ	4	Lep	223.214	B7V
786	28199		γ		Col	266.667	B2.5IV
787	33347		ι	20	CMa	769.231	B3Ib/II
788	39863		ζ	29	Mon	324.675	G2Ib
789	68862		χ		Cen	156.494	B2V
790	96468		ι	41	Aql	119.904	B5III
791	154			30	Psc	132.450	M3III
792	29807		κ		Col	55.960	G8II
793	35415		τ	30	CMa	917.431	O9Ib
794	53773				Vel	60.169	A3IV
795	88886			102	Her	280.899	B2IV
796	98412		θ¹		Sgr	158.982	B2.5IV
797	64238		θ	51	Vir	96.805	A1V
798	99255		κ	1	Cep	96.525	B9III
799	115669			99	Aqr	86.881	K4III
800	116231		β		Scl	53.362	B9.5IVMNpe.
801	8837		ψ		Phe	104.822	M4III SB
802	17884				Cam	243.902	M1III
803	26176		φ¹	37	Ori	333.333	B0IV...
804	27913		χ¹	54	Ori	8.663	G0V
805	30419		ε	8	Mon	37.495	A5IV
806	39311				CMi	77.882	K2III
807	49637			31	Leo	90.580	K4III
808	73620			110	Vir	59.916	K0III
809	82673		ι	25	Oph	75.188	B8V
810	84893		ξ	40	Oph	17.355	F2/F3V
811	96757	Sham	α	5	Sge	130.378	G0II
812	96837		β	6	Sge	134.771	G8II
813	105319		θ		Ind	30.285	A5V
814	4463		η	38	And	70.422	G8III-IV
815	38070		ο		Pup	434.783	B1IV:nne
816	39906			16	Pup	142.653	B5V
817	93015		κ		Pav	153.374	F5Ib-II:
818	108431		δ		Ind	57.670	F0IV
819	32761				Car	166.945	G6II
820	34693		τ	46	Gem	98.425	K2III
821	70300				Cen	140.252	B2V
822	85693	Maasym	λ	76	Her	113.250	K3IIIvar
823	87998		ν	94	Her	263.852	F2II
824	105138		υ	66	Cyg	196.850	B2Vne
825	114222		π	33	Cep	75.643	G2III
826	115033		ψ²	93	Aqr	123.153	B5Vn
827	115102		γ		Scl	55.866	K1III
828	29038		ν	67	Ori	158.228	B3IV
829	31700		ν³	8	CMa	129.199	K0II/III
830	34922				Pup	64.061	M5e
831	34981			27	CMa	531.915	B3III
832	40326				Pup	91.491	K1II/III
833	53954			60	Leo	38.865	A1m
834	72571			58	Hya	101.523	K3III
835	77257		λ	27	Ser	12.124	G0Vvar
836	88290			68	Oph	89.686	A2Vn
837	110538		β	3	Lac	52.111	G9III
838	115623	Alkarab	υ	68	Peg	52.247	F8IV
839	17593		π	26	Eri	147.493	M1III
840	19849	Keid	ο²	40	Eri	4.984	K1V
841	23040			7	Cam	114.025	A1V
842	94481	Aladfar	η	20	Lyr	425.532	B2.5IV
843	98688			62	Sgr	137.552	M4III
844	100587			39	Cyg	76.628	K3III
845	102281		δ	11	Del	68.446	A7IIIp d Del
846	102624			3	Aqr	179.533	M3IIIvar
847	1170			7	Cet	137.174	M1III
848	3786		δ	63	Psc	95.420	K5III
849	19921		ε		Ret	18.238	K2IV
850	21770		α		Cae	20.165	F2V
851	30060			2	Lyn	48.008	A2Vs
852	36795				Pup	25.297	F6V
853	40091				Pup	520.833	K4III
854	40706				Pup	28.629	A4m...
855	71121		σ		Lup	176.367	B2III
856	95771	Anser	α	6	Vul	91.158	M0 comp
857	7884		ν	106	Psc	111.359	K3III
858	13147		β		For	52.938	G8III
859	24244		ι	3	Lep	71.073	B8V
860	29426		ξ	70	Ori	186.220	B3IV
861	42402	Minchir	σ	5	Hya	114.286	K2III
862	44191				Vel	64.516	Fp
863	51849				Car	361.011	K3/K4II
864	52633		δ²		Cha	107.527	B2.5IV
865	55084		φ	74	Leo	56.465	A7IVn
866	80975		ω	9	Oph	51.706	Ap
867	94648		τ	60	Dra	44.883	K3III
868	96229		μ	38	Aql	32.992	K3III
869	11569		ι		Cas	40.733	A5p Sr
870	18255			32	Eri	95.969	G8III
871	24331		ρ	17	Ori	107.296	K3III...
872	44901			15	UMa	28.818	Am
873	54682		β	11	Crt	104.275	A1V
874	59173				Cen	134.409	B2IIIne
875	80582		ε		Nor	162.602	B4V
876	112948		γ	22	PsA	66.050	A0III
877	12843		τ¹	1	Eri	14.221	F5/F6V
878	15549				Ari	166.389	K2II-III
879	23123		π⁶	10	Ori	289.855	K2IIvar
880	30788		λ		CMa	129.870	B4V
881	31216			13	Mon	0.000	A0Ib
882	38957				Pup	294.118	B1Vp + B2
883	44599				Car	122.850	F6II-III
884	46146		κ	1	Leo	61.728	K2III
885	47006			26	UMa	80.386	A2V
886	57803				Cen	132.802	K4III
887	71284		σ	28	Boo	15.833	F3Vwvar
888	73165			16	Lib	26.903	F0V
889	104858		δ	7	Equ	18.488	F5V+...
890	109111		λ		Gru	74.239	M0III
891	3504		ο	22	Cas	215.517	B5III
892	18744		γ		Ret	143.885	M4III
893	20713			71	Tau	49.092	F0V...
894	32578			18	Mon	112.867	K0III
895	49641		α	15	Sex	86.881	A0III
896	75323		γ		Cir	137.552	B5III + F8
897	80343		ψ	4	Oph	61.162	K0III
898	113889	Fumalsamakah	β	4	Psc	125.156	B6Ve
899	114119			86	Aqr	66.313	G8III
900	9480			48	Cas	35.261	A3IV
901	21248		υ¹	50	Eri	38.956	K0III
902	32249			30	Gem	88.574	K1III
903	34834				Pup	21.427	F0IV
904	38455				Pup	198.807	B2V
905	49593			21	LMi	28.241	A7V
906	71762		π¹	29	Boo	93.721	B9p MnHg
907	96441		θ	13	Cyg	18.335	F4V
908	104234			24	Cap	139.860	K5/M0III
909	107310		μ¹	78	Cyg	22.237	F6V
910	116928		λ	18	Psc	32.690	A7V
911	116971		ω²	105	Aqr	45.537	B9V
912	118322		ε		Tuc	114.416	B9IV
913	26594		ω	47	Ori	423.729	B3IIIe
914	27530		γ		Pic	54.200	K1III
915	43105				Car	185.529	B3Vne
916	50676				Vel	352.113	B3III
917	57565			93	Leo	71.327	A comp SB
918	67275		τ	4	Boo	15.618	F7V
919	99874			23	Vul	103.842	K3III
920	104459		ν	13	Aqr	48.852	G8III
921	106039			36	Cap	52.466	K0III
922	109285		μ	14	PsA	41.649	A2V
923	109754				Lac	147.929	K3III
924	111944			11	Lac	102.041	K3III
925	1473		σ	25	And	41.322	A2V
926	5586		τ	83	Psc	51.760	K0III-IV...
927	27483		τ	29	Aur	63.411	G8III
928	46515		ε		Ant	217.865	K3III
929	47391				Car	69.204	B9V
930	76852		ι	21	Ser	58.275	A1V
931	98702		ρ	67	Dra	131.406	K3III
932	102333		η		Ind	24.172	A6:var
933	106723		ε	39	Cap	323.625	B3V:p
934	110838		δ		Tuc	76.923	B8V
935	117863		ρ	7	Cas	0.000	F8Iavar
936	13061	Lilii Borea		39	Ari	52.604	K1III
937	65271				Cen	108.696	B3V
938	65387				Cen	79.808	G5III-IV
939	69974	Khambalia	λ	100	Vir	57.175	A1V
940	73745		ψ	43	Boo	75.415	K2III
941	89112		ε		Tel	128.205	G5III
942	95176		υ	46	Sgr	546.448	F2p
943	102431				Cep	27.293	F8IV-V
944	106140			2	Peg	120.773	M1III
945	111104			6	Lac	526.316	B2IV
946	2487		β²		Tuc	51.653	A2V
947	3881		ν	35	And	189.394	B5V SB
948	28413				Ori	129.032	K2IIIvar
949	37096				Pup	110.497	B8IV/V
950	69483		κ²	17	Boo	50.100	A8IV
951	85365				Oph	30.075	F3V
952	87072			3	Sgr	302.115	F7II
953	102589		λ	54	Cyg	235.849	B6IV
954	114570			7	And	24.588	F0V
955	24727			16	Aur	71.225	K3III...
956	31416		ξ²	5	CMa	135.318	A0III
957	46776		τ²	32	Hya	158.730	A3V
958	46952			10	LMi	56.721	G8III
959	46977			24	UMa	31.928	G4III-IV
960	72659		ξ	37	Boo	6.712	G8V + K4V
961	74392		ι¹	24	Lib	116.414	Asp...
962	75304		φ²		Lup	159.236	B4V
963	98162			59	Sgr	255.102	K3III
964	114144			55	Peg	100.806	M2III
965	115919			70	Peg	53.619	G8III
966	301			2	Cet	83.472	B9IVn
967	16281				Cam	769.231	A0Ia SB:
968	23595		γ¹		Cae	55.586	K2III
969	33694				Cam	56.338	K4III
970	36425			6	CMi	175.439	K2III
971	48402		φ	30	UMa	156.006	A3IV
972	76371				Lup	131.234	B3IVp
973	80079		ο	19	Sco	269.542	A4II/III
974	88839				Sgr	103.950	K0IIICNpvar
975	107119			11	Cep	55.928	K0III
976	110351			2	Lac	170.068	B6V
977	110609			4	Lac	689.655	B9Iab
978	13328			17	Per	143.267	K5III
979	18597		δ		Ret	161.290	M2III
980	27830			136	Tau	129.702	A0V
981	44700				Lyn	250.627	G8Ib-II
982	54951			72	Leo	294.118	M3III
983	70574		τ¹		Lup	334.448	B2IV
984	86092		σ	1	Ara	116.009	A0V
985	103004			31	Vul	57.803	G8III
986	104194			63	Cyg	316.456	K4II
987	16870				Eri	70.771	K0III
988	80463	Cujam	ω	24	Her	76.687	B9p Cr
989	80473		ρ	5	Oph	110.742	B2V
990	86614	Dziban	ψ¹	31	Dra	22.836	F5IV-V
991	92818			113	Her	144.718	G4III+...
992	94005		δ		CrA	54.734	K1III
993	97886			13	Vul	102.564	B9.5III
994	26237			42	Ori	271.003	B2III...
995	48374				Vel	323.625	G5Ib
996	52468				Car	349.650	K3Ib
997	64425				Cen	116.144	B8V
998	67627			10	Dra	113.895	M3III
999	79404			13	Sco	146.843	B2V
1000	86284		μ	57	Oph	231.482	B8II-IIIMNp
1001	115250	Salm	τ	62	Peg	49.579	A5V
1002	3245		μ		Phe	75.358	G8III
1003	17351				Eri	56.497	K2IIICN...
1004	17959		γ		Cam	110.011	A2IVn
1005	25473		ψ²	30	Ori	348.432	B2IV
1006	42527		π²	4	UMa	78.493	K2III
1007	46509		τ¹	31	Hya	17.334	F6V
1008	50555				Vel	568.182	K3II
1009	54751				Car	0.000	A6Ia
1010	77512		δ	10	CrB	52.138	G5III-IV
1011	77840			2	Sco	154.083	B2.5Vn
1012	91926		ε²	5	Lyr	47.687	A8Vn
1013	96465			52	Sgr	58.139	B8/B9V
1014	117452		δ		Scl	42.141	A0V
1015	20070				Per	96.154	A2V
1016	49402		υ²	40	Hya	96.154	B8V
1017	53502		ι		Ant	58.275	K0III
1018	72125		ο	35	Boo	74.516	K0III
1019	75501				Lup	120.337	A0V
1020	77760		χ	1	Her	15.893	F9V
1021	95081		π	58	Dra	70.175	A2IIIs
1022	443			33	Psc	39.495	K1III
1023	1366		θ	24	And	94.697	A2V
1024	8833		ξ	111	Psc	54.915	K0III SB
1025	14817		ω	28	Per	88.339	K1III
1026	36145			21	Lyn	83.893	A1V
1027	39095				Pup	73.965	A1V
1028	76219			37	Lib	28.927	K1IV
1029	101474			47	Cyg	847.458	K2Ib comp
1030	4422	Castula	υ²	28	Cas	61.275	G8III-IV
1031	18673		τ⁹	36	Eri	100.402	Ap Si
1032	23497		ι	102	Tau	52.966	A7V
1033	25923		υ	36	Ori	877.193	B0V
1034	44824		κ		Pyx	171.821	K4/K5III
1035	54182		χ	63	Leo	28.994	F2III-IVvar
1036	54301				Car	122.100	G8III
1037	56480				Cen	130.719	B9V
1038	62327				Cru	117.924	B3V
1039	63007		λ		Cru	117.647	B4Vn
1040	80628		υ	3	Oph	40.950	A3m
1041	88175		ζ	57	Ser	23.552	F3V
1042	90982		θ		CrA	170.940	G5III
1043	92946	Alya	θ¹	63	Ser	47.416	A5V
1044	13914		ε	48	Ari	101.937	A2Vs
1045	37648			1	Pup	236.967	K5III
1046	38500				Pup	232.558	B1.5Vp
1047	42835				Hya	235.849	G2Ib
1048	45448				Vel	50.480	F3/F5V
1049	61789				Cen	111.857	B8II/III
1050	66738			83	UMa	160.514	M2IIIvar
1051	73199				UMi	140.845	M5III
1052	77635			1	Sco	151.745	B1.5Vn
1053	78662		ι¹		Nor	39.386	A7IV
1054	90797		ν		Pav	134.589	B8III
1055	92512		ο	47	Dra	104.822	K0II-III SB
1056	118131		ψ	84	Peg	145.985	M3III
1057	18216		τ⁸	33	Eri	115.607	B5V
1058	22845		π¹	7	Ori	35.663	A0V
1059	28716		χ²	62	Ori	552.486	B2Iavar
1060	67234				Cen	80.515	G8/K0III
1061	76669		ζ¹	7	CrB	145.138	B7V+...
1062	76829				Lup	17.437	F5IV-V
1063	82369			20	Oph	31.980	F7IV
1064	84606			69	Her	53.792	A2V
1065	88765			71	Oph	83.612	G8III-IV
1066	95585		ν	32	Aql	869.565	F2Ib
1067	101589		ζ	4	Del	67.476	A3V
1068	111674			9	Lac	52.632	A8IV
1069	113919			3	And	54.171	K0III
1070	12719			35	Ari	105.153	B3V
1071	21273		ρ	86	Tau	48.520	A8V
1072	23607			11	Ori	111.982	A0p Si
1073	27890				Dor	26.247	K1III/IV
1074	35363				Pup	246.305	B2V+...
1075	36514				Pup	460.829	G2Ib...
1076	36917				Pup	67.935	B8V
1077	51192				Car	0.000	A6Ia
1078	58590		π	8	Vir	117.786	A5V
1079	78639		η		Nor	67.295	G8III
1080	0				Vel	18.556	F0 IV
1081	5571		χ	84	Psc	117.647	K0III
1082	8497		χ	53	Cet	23.186	F3III
1083	31978			15	Mon	281.690	O7
1084	33302		π	19	CMa	29.586	F2IV/V
1085	35205				CMa	124.224	M2III
1086	42806	Asellus Borealis	γ	43	Cnc	55.556	A1IV
1087	44626				Car	296.736	B2IVe
1088	53295		ω	45	UMa	75.529	A1Vs
1089	61740		χ	26	Vir	90.009	K2III
1090	62012				Cen	58.445	K0III
1091	76705		ψ¹	3	Lup	67.340	G8/K0III
1092	88567		γ¹		Sgr	266.667	G0Ib/II
1093	89678				Sgr	233.645	K3III
1094	90135		ζ		Sct	63.371	K0III
1095	98543			15	Vul	72.464	A4III
1096	5742		φ	85	Psc	136.799	K0III...
1097	16244			34	Per	165.289	B3V
1098	19811			52	Per	291.545	G5II comp
1099	21683		σ²	92	Tau	47.687	A5Vn
1100	28910		θ	18	Lep	52.966	A0V
1101	40167	Tegmine	ζ²	16	Cnc	25.081	G0V
1102	45075		τ	14	UMa	38.730	Am
1103	88128			93	Her	205.761	K0II-III
1104	90595		γ		Sct	97.943	A1IV/V
1105	91919		ε¹	4	Lyr	49.776	F1V
1106	96100	Alsafi	σ	61	Dra	5.755	K0V
1107	103738		γ		Mic	70.225	G8III
1108	7294		χ	39	Cas	63.816	K0III
1109	8928		η²		Hyi	67.069	G5III
1110	9677		ν		For	113.766	B9.5p (Si)
1111	13879		π	22	Per	94.967	A2Vn
1112	43878				Vel	108.342	B5V
1113	47310				Hya	90.580	K3III
1114	49029		π	29	Leo	124.533	M2III
1115	52098			37	LMi	177.305	G0II
1116	66006			74	Vir	122.549	M3III
1117	66234			24	CVn	55.279	A5V
1118	80047		δ¹		Aps	233.645	M5III
1119	96683		φ	12	Cyg	81.633	G8III-IV...
1120	106786	Bunda	ξ	23	Aqr	54.764	A7V
1121	112211			66	Aqr	132.802	K3III
1122	20732		π	73	Tau	127.714	G8III
1123	24813		λ	15	Aur	12.631	G0V
1124	37173				Pup	189.753	B8IV
1125	38089				Pup	71.225	K0III
1126	39211			28	Mon	137.931	K4III
1127	52102				Car	719.424	K4/K5III:
1128	62268		ι		Cru	36.805	K1III
1129	107136	Azelfafage	π¹	80	Cyg	529.101	B3IV
1130	108870		ε		Ind	3.622	K5V
1131	116389		ι		Phe	76.278	A2V
1132	24927				Lep	127.551	A0V
1133	56633		θ	21	Crt	85.984	B9.5Vn
1134	56922		ο		Hya	137.552	B9V
1135	82671		ζ¹		Sco	787.402	B1Iae
1136	91726		δ		Sct	62.073	F2IIIp d Del
1137	98066	Terebellum	ω	58	Sgr	25.988	G3/G5III
1138	104521		γ	5	Equ	36.298	F0p
1139	113116				Cep	109.051	K4III
1140	116247			101	Aqr	90.009	A0V
1141	13954		λ	91	Cet	176.678	B6III
1142	16245		κ		Ret	21.683	F5IV-V
1143	22667		ο¹	4	Ori	199.601	M3Sv
1144	23693		ζ		Dor	11.646	F7V
1145	25737			31	Ori	155.763	K5III
1146	25984		χ	25	Aur	0.000	B5Iab
1147	45902		θ		Pyx	154.083	M0III
1148	46026		λ		Pyx	58.893	G8III
1149	57283		ζ	27	Crt	108.225	G8III
1150	63945				Cen	119.617	B5V
1151	68191				Cen	64.267	K4III
1152	97938	Libertas	ξ	59	Aql	56.275	K0III
1153	105140		ε		Mic	55.866	A0V
1154	114375			89	Aqr	154.560	A3IV:
1155	6692		ψ	36	Cas	59.809	K0III
1156	25044			22	Ori	284.900	B2IV-V
1157	27639		υ	31	Aur	160.256	M1III
1158	29276		δ		Pic	398.406	B0.5IV
1159	40084			19	Pup	54.171	K0III
1160	46371				Hya	48.008	K1III
1161	51056			30	LMi	71.531	F0V
1162	51438				Car	79.872	A2III
1163	51658				UMa	34.626	A7IV
1164	58867		θ²		Cru	261.780	B2IV
1165	60202			11	Com	88.889	G8III
1166	64844			20	CVn	81.037	F3III
1167	78592		υ	6	Her	113.895	B9III
1168	84514			41	Oph	63.092	K2III
1169	107188		κ	43	Cap	90.171	G8III
1170	11313			65	And	113.250	K4III
1171	33202			38	Gem	25.628	F0Vp
1172	40096				Pup	0.000	A7Ib
1173	53907			61	Leo	179.212	K5III
1174	78914		δ		Nor	37.509	Am
1175	79119		τ	16	CrB	35.778	K0III-IV
1176	103045		μ	6	Aqr	48.216	A3m
1177	2505		λ	14	Cas	115.741	B8Vn
1178	6193		υ	90	Psc	94.429	A3V
1179	11783		σ	76	Cet	26.695	F5V
1180	12413				Eri	35.689	A2V
1181	15520				Cam	233.645	B2.5Vne
1182	16341			17	Eri	123.916	B9Vs
1183	39903				Car	19.980	F5V
1184	42624				Vel	781.250	A5II
1185	44390		ρ	8	UMa	96.432	M3III
1186	64924			61	Vir	8.555	G5V
1187	69191				Cen	55.928	G8III
1188	77661		ρ	38	Ser	114.942	K5III
1189	88116			4	Sgr	127.388	B9V
1190	93542		ζ		CrA	59.207	A0Vn
1191	96052			8	Cyg	263.852	B3IV
1192	103632			59	Cyg	434.783	B1ne
1193	108874		ο	31	Aqr	133.511	B7IVe
1194	116602				Phe	61.387	A2V
1195	35020				Pup	115.473	B8/B9V
1196	57581		μ		Mus	131.752	K4III
1197	67786			4	Cen	195.312	B4IV
1198	69713		ι	21	Boo	29.070	A9V
1199	76880		κ	43	Lib	94.607	K5III
1200	76945		ψ²	4	Lup	111.483	B5V
1201	101612		φ¹		Pav	27.793	F1III
1202	115088		ο	34	Cep	62.267	K0III
1203	2472		λ¹		Phe	52.966	A0V
1204	13244		ν		Hyi	104.058	K3III
1205	13288	Angetenar	τ²	2	Eri	57.307	K0III
1206	27750			56	Ori	386.100	K2IIvar
1207	29997				Cam	53.648	A0Vn
1208	38901				Pup	371.747	A7III
1209	47522				Hya	155.280	B5V
1210	52370				Car	139.082	B3V
1211	55266			55	UMa	58.824	A2V
1212	60485			5	CVn	118.483	G7III
1213	63355			36	Com	99.404	M0III
1214	65639			69	Vir	85.911	K1IIICN...
1215	67665				CVn	184.162	K5III
1216	70264				Cen	117.509	G8/K1 + F/G
1217	84969		ζ		Aps	91.158	K1III
1218	86486		λ		Ara	21.450	F3IV
1219	94703			1	Vul	248.756	B4IV
1220	106801			9	Cep	0.000	B2Ib
1221	114155			56	Peg	181.488	K0IIp
1222	3455		φ¹	17	Cet	71.633	K0IIIvar
1223	14382				Per	64.725	K0II-III
1224	26563			49	Ori	44.603	A4V
1225	32533			17	Mon	151.057	K4III
1226	45751			26	Hya	103.306	G8III
1227	56127			87	Leo	185.185	K4III
1228	62985		ψ	40	Vir	166.945	M3IIIvar
1229	86201		ω	28	Dra	23.164	F5V
1230	88404		τ	69	Oph	51.335	F5V+...
1231	90905			45	Dra	649.351	F7Ib
1232	98761				Sgr	112.360	K4III
1233	100044			34	Cyg	0.000	B2pe
1234	100310	Alshat	ν	8	Cap	77.640	B9IV
1235	101027		ρ	11	Cap	30.266	F3V
1236	112519				Cep	96.061	K3III
1237	122		θ		Oct	66.578	K2III
1238	4147			20	Cet	179.856	M0III
1239	9977			58	And	58.685	A5IV-V
1240	17587				Cam	303.951	A3V...
1241	21029				Tau	43.197	A6IV
1242	23231			64	Eri	88.968	F0V
1243	26199				Ori	495.050	B0.5V
1244	39847			27	Lyn	76.687	A2V
1245	40274				Pup	284.900	B2ne
1246	47758		θ		Ant	104.058	A7V+...
1247	50564			40	Leo	21.367	F6IV
1248	60351			12	Com	90.334	F8:p...
1249	64852		σ	60	Vir	207.039	M2III
1250	70104				Lup	43.554	F0IV
1251	70306			51	Hya	48.263	K3III
1252	85755			51	Oph	124.378	A0V
1253	87294		ι²		Sco	781.250	A6Ib
1254	92024				Pav	28.547	A7V
1255	110371			32	Peg	213.220	B9III
1256	110882			35	Peg	45.475	K0III
1257	1168		χ	89	Peg	112.867	M2III
1258	9153		λ	9	Ari	39.495	F0V
1259	22678			2	Aur	184.502	K3III
1260	41039				Vel	526.316	B1V
1261	45856				Car	71.633	G6III
1262	64661		η		Mus	117.371	B8V
1263	77655		κ	11	CrB	30.497	K0III-IV
1264	80815			22	Sco	126.743	B3V
1265	87220				Sco	170.649	B8Ib/II
1266	88149			66	Oph	199.601	B2Ve
1267	99824				Vul	303.951	B3V
1268	109400			24	Cep	120.919	G8III
1269	109908		μ¹		Gru	84.246	G8III+...
1270	3300		ξ	19	Cas	438.596	B2.5V
1271	4151				Cas	18.744	F8V
1272	15197	Zibal	ζ	13	Eri	33.647	A5m
1273	20354			53	Per	155.521	B4IV
1274	20542		δ²	64	Tau	49.480	A7V
1275	23364		ψ	65	Eri	226.757	B3V
1276	31832		ψ²	50	Aur	127.551	K3III
1277	45038		σ²	13	UMa	20.379	F7IV-V
1278	45493			18	UMa	35.842	A5V
1279	45811			27	Hya	68.213	F5V+...
1280	52502				Car	150.830	B5Vn
1281	61394			23	Com	95.057	A0IV
1282	64022			41	Com	101.626	K5III
1283	69112			4	UMi	140.056	K3III
1284	69879				Boo	71.582	K1III
1285	71995			34	Boo	215.983	M3III
1286	73568		ω	41	Boo	113.895	K4III
1287	79881				Sco	41.288	A0V:
1288	84573			68	Her	204.082	B1.5Vp
1289	99639			30	Cyg	187.266	A5IIIn
1290	103089			57	Cyg	161.031	B5V
1291	105382		θ¹		Mic	60.459	A2p
1292	110672		π	52	Aqr	239.808	B1Ve
1293	112051		ο	43	Peg	91.575	A1IV
1294	0	Alula Australis B	ξ	53	UMa	10.417	G0 Ve
1295	24010			15	Ori	165.017	F2IV
1296	24372		θ		Dor	150.602	K2III
1297	24659		ο		Col	32.447	K0/K1III/IV
1298	28237			139	Tau	476.190	B1Ib
1299	39138				Car	153.139	B3V
1300	47029				Lyn	66.050	K0III
1301	55687		ε	14	Crt	115.340	K5III
1302	70755	Elgafar	φ	105	Vir	36.258	G2III
1303	90289			21	Sgr	125.786	A1/A2V
1304	101867			29	Vul	71.378	A0V
1305	102724			55	Cyg	714.286	B3Ia
1306	9095				Phe	76.103	G8III
1307	24340		μ	11	Aur	46.904	A4m
1308	31827				CMa	303.030	K2III
1309	33092			15	CMa	373.134	B1Ib
1310	36773				Pup	471.698	A4Ia
1311	50799				Vel	62.500	K1IIIvar
1312	51459			36	UMa	12.780	F8V
1313	60710				Cen	137.363	B3Vn
1314	66458			25	CVn	60.901	A7III
1315	69226			12	Boo	37.425	F9IVw
1316	78554		π	44	Ser	54.885	A3V
1317	80179		σ	50	Ser	27.270	F0V
1318	82321			52	Her	55.249	A2p...
1319	83262			30	Oph	124.224	K4III
1320	90344	Fafnir		42	Dra	96.525	K2III
1321	92782		υ	52	Dra	105.485	K0III
1322	104019		η	22	Cap	49.505	A5V
1323	110386			31	Peg	497.512	B2IV-V
1324	111123		σ	57	Aqr	88.810	A0IVs
1325	115022			8	And	172.712	M2III
1326	116901			104	Aqr	257.069	G2Ib/II
1327	4292		υ¹	26	Cas	100.705	K2III
1328	6813		ω	48	And	28.620	F5IV
1329	12390		ε	83	Cet	21.482	F5V
1330	12876		ζ		Hyi	87.184	A2IV/V
1331	34495				Pup	223.214	B3IV/V
1332	35210				CMa	434.783	K4III
1333	40945				Pup	308.642	K2/K3III
1334	42726				Vel	148.588	B3IV
1335	63724		ξ¹		Cen	67.613	A0V
1336	73695			44	Boo	12.508	G2V + G2V
1337	74449				Lup	154.560	B3IV
1338	80704			30	Her	108.578	M6III:var
1339	83574				Sco	0.000	B2Iab
1340	92088				Lyr	78.125	K3III
1341	93026		η		Sct	62.035	K1III
1342	93174		ε		CrA	30.184	F3IV/V
1343	7007		μ	98	Psc	93.197	K4III
1344	10340			60	And	162.602	K4III
1345	10644		δ	8	Tri	10.784	G0V
1346	15457		κ¹	96	Cet	9.140	G5Vvar
1347	19740			47	Tau	101.729	G5III
1348	26777			126	Tau	194.932	B3IV...
1349	37297				Pup	170.358	B3V
1350	42134				Car	68.073	K0III
1351	53807			58	Leo	110.497	K1III
1352	57328		ξ	2	Vir	37.411	A4V
1353	70027			20	Boo	57.339	K3III
1354	81008			29	Her	107.643	K4III
1355	81660			18	Dra	225.734	K1p
1356	82020				Dra	26.110	F2V
1357	98353			60	Sgr	96.061	G8II/III
1358	112203		ρ		Gru	70.621	K0III
1359	112374		η		Gru	127.227	K2IIICNIV
1360	114104			1	Cas	346.021	B0.5IV
1361	0	Graffias	ξ		Sco	24.331	F6 IV-V
1362	14862				Cas	50.710	A2Vnn
1363	15416				Per	361.011	K2II
1364	36431				Pup	952.381	A6Ib/II
1365	49712				Vel	408.163	B3IV
1366	64408				Cen	20.670	G3V
1367	74837		ε		Cir	125.000	K2.5III
1368	87846				Sco	88.889	K2III
1369	89918			74	Oph	79.872	G8III
1370	93148		λ		Tel	187.617	A0V
1371	2210		η		Scl	138.504	M2/M3III
1372	15382			15	Eri	78.308	K0III
1373	32438			12	Lyn	65.833	A3V
1374	42483		ζ		Pyx	74.906	G5III
1375	51808				Dra	75.815	K0III
1376	64820				Mus	366.300	K2Ib/II
1377	70327				Boo	65.920	A0V
1378	71832			31	Boo	164.745	G8IIIvar
1379	80181		ξ	19	CrB	56.243	K0III
1380	81122		μ		Nor	0.000	B0Ia
1381	81497			42	Her	127.065	M2.5III
1382	85829		ν²	25	Dra	30.488	Am
1383	86736			58	Oph	17.652	F6/F7V
1384	91918				Sgr	143.061	B2V
1385	92761	Ainalrami	ν¹	32	Sgr	344.828	K1II
1386	94643		ψ	42	Sgr	91.491	K0/K1III+..
1387	101773		ρ		Pav	58.139	Fm delta Del
1388	109068		ν	22	Peg	83.264	K4III
1389	6411	Adhil	ξ	46	And	65.746	K0III-IV
1390	12093		ν	78	Cet	104.275	G8III
1391	15110		ζ	58	Ari	80.386	A1V
1392	19777			39	Eri	74.294	K3III
1393	34899				Pup	56.529	Ap
1394	42662			9	Hya	64.935	K0IIICN...
1395	43825		δ		Pyx	75.815	A3IV
1396	48559				Hya	104.822	K2III
1397	51979				Hya	149.477	M1III
1398	52736				Car	147.275	B3IV
1399	97290			56	Sgr	63.654	K0III
1400	106551			72	Cyg	70.972	K1III
1401	11345		ρ	72	Cet	139.860	A0V
1402	25539			114	Tau	191.571	B2.5IV
1403	27468			132	Tau	111.483	G8IIIvar
1404	27810		λ		Col	102.564	B5V
1405	35412			29	CMa	584.795	O7f
1406	58484		ε		Cha	110.865	B9Vn
1407	61960		ρ	30	Vir	36.271	A0V
1408	63462			37	Com	202.429	K1IIIp
1409	82860			19	Dra	15.258	F6Vvar
1410	87936				Sco	138.504	M0III
1411	91845		ε		Sct	165.017	G8II
1412	94820			43	Sgr	147.710	K0III
1413	96341		ι		Tel	113.636	G9III
1414	117301		τ	5	Cas	53.333	K1III
1415	118209			27	Psc	71.891	G9III
1416	118243		σ	8	Cas	0.000	B1V...
1417	910			6	Cet	18.748	F5V
1418	22453				Per	154.321	K4II
1419	25302		ψ¹	25	Ori	318.471	B1V:pe
1420	27511			134	Tau	76.278	B9IV
1421	37265	Jishui	ο	71	Gem	50.994	F3III
1422	37908			81	Gem	104.058	K5III
1423	51523				Vel	21.810	F6V
1424	52009				Hya	208.333	C
1425	57443				Cen	9.221	G3/G5V
1426	57851				Mus	111.111	B4V
1427	62886			35	Com	86.806	G8III
1428	69896		η		Aps	42.337	A2m...
1429	83613			60	Her	40.866	A4IV
1430	85819		ν¹	24	Dra	30.248	Am...
1431	97118			15	Cyg	88.653	G8III
1432	102831		α		Mic	116.009	G8III
1433	111841			10	Lac	529.101	O9V
1434	115990				Cas	190.476	B3IV
1435	3801		ν	25	Cas	126.263	B9III
1436	6670			46	Cet	88.183	K2III
1437	26885			51	Ori	90.009	K1III
1438	33485			16	Lyn	73.855	A2Vn
1439	62683				Cen	122.699	B9V
1440	64583				Cen	18.198	F7IV
1441	78655				Lup	122.549	B6III/IV
1442	78821	Acrab B	β²	8	Sco	122.100	B2V
1443	80686		ζ		TrA	12.117	F9V
1444	97679			12	Vul	193.050	B2.5V
1445	102790		ζ		Ind	126.582	K5III
1446	12623			12	Per	24.190	F9V
1447	21139			45	Eri	201.207	K3II-III
1448	23362				Lep	60.680	B9V
1449	23835			104	Tau	15.434	G4V
1450	30093				Ori	142.450	M1III
1451	34622			20	Mon	62.189	K0III
1452	34752			63	Aur	148.810	K4II-III
1453	52085		φ³		Hya	64.558	G8III
1454	61966				Cru	293.255	B6IV
1455	66257				CVn	45.662	F2IV SB
1456	73473		δ	19	Lib	90.009	B9.5V
1457	74604			1	Lup	598.802	F3III
1458	81724				Oph	126.422	G8II/III
1459	83608		μ	21	Dra	27.435	F5
1460	98055		ψ	24	Cyg	86.281	A4Vn
1461	101101			69	Aql	61.275	K2III
1462	101692			70	Aql	398.406	K5II
1463	111310		ν		Tuc	88.968	M4III
1464	113186		ρ	50	Peg	95.694	A1V
1465	9061			56	Cet	108.225	K3III
1466	28574			3	Mon	240.385	B5III
1467	28816			17	Lep	278.551	Ap shell
1468	30520		ψ¹	46	Aur	0.000	K5Iabvar
1469	34059				Pup	60.569	A4IV
1470	36547				Cam	153.139	M4IIIa
1471	45439				Vel	68.871	K1III
1472	54204		χ¹		Hya	43.234	F3IV/V
1473	60697			14	Com	84.602	F0p
1474	66200			78	Vir	56.657	A1p SrCrEu
1475	67480			6	Boo	123.001	K4III
1476	72104				Cen	65.703	A0V
1477	75379		ε	31	Lib	31.230	F5IV
1478	88726				CrA	41.841	A5V
1479	89861			106	Her	120.192	M1III
1480	90830		δ¹		Tel	216.920	B6IV
1481	92689				Dra	139.860	G8III
1482	102388			30	Vul	99.602	K2III
1483	19515		δ		Hor	54.825	A9V
1484	19990		ω²	50	Tau	28.944	A3m
1485	20252			54	Per	66.934	G8III
1486	23179		ω	4	Aur	52.274	A1V
1487	36942				Car	120.337	K3III
1488	37609			24	Lyn	81.833	A3IVn
1489	39079			27	Mon	84.246	K2III
1490	43937				Car	206.612	B2IV-V
1491	47592				Hya	15.013	G0V
1492	56280				Hya	26.295	F8V
1493	56986				Cen	272.480	G3Ib
1494	59847			7	Com	76.453	K0III
1495	62763			31	Com	89.127	G0III
1496	63503			78	UMa	25.445	F2V
1497	69269				Vir	141.243	M1III
1498	72631			11	Lib	67.024	G8...
1499	73996			45	Boo	19.554	F5V
1500	79375		ψ	15	Sco	47.710	A3IV
1501	96483		κ	39	Aql	515.464	B0.5III
1502	99120		ξ		Tel	331.126	M1II
1503	99303			28	Cyg	317.460	B2.5V
1504	99770			29	Cyg	42.699	A2V
1505	102571				Cyg	136.426	K3IIIvar
1506	114939		χ	92	Aqr	187.970	M3III
1507	117073			78	Peg	68.776	K0III
1508	10280			6	Tri	89.127	F5V comp SB
1509	13905			24	Per	112.867	K2III
1510	33357				Pup	263.852	M1III
1511	35727				CMa	147.493	B5II/III
1512	39424		χ		Gem	78.555	K2III
1513	43347				Vel	340.136	A2III
1514	48615	Felis			Hya	188.324	K5III
1515	50933				UMa	104.058	A0sp...
1516	51495				Car	316.456	K4/K5III
1517	64166		ψ	45	Hya	70.972	K0III
1518	64540				CVn	140.845	K0III
1519	80650			15	Dra	149.254	A0III
1520	93279		λ	15	Lyr	338.983	K3III
1521	99742		ρ	67	Aql	45.977	A2V
1522	101138		ω¹	45	Cyg	278.551	B2.5IV
1523	109422		τ	15	PsA	18.278	F6V
1524	3414		π	20	Cas	53.677	A5V
1525	6242		φ	34	Cas	0.000	F0Ia
1526	18505				Cam	110.620	B9.5V
1527	26736				Ori	275.482	B2IV-V
1528	29434			69	Ori	162.075	B5Vn
1529	55945		τ	84	Leo	172.414	G8II-III
1530	61384			6	Dra	184.502	K2III
1531	78207			48	Lib	143.472	B8Ia/Iab
1532	79509		κ		Nor	131.234	G4III
1533	79822		η	21	UMi	29.735	F5V
1534	98068			22	Cyg	442.478	B5IV
1535	98608				Pav	145.773	M6III
1536	112917			15	Lac	99.701	M0III
1537	115738		κ	8	Psc	47.059	A0p
1538	117245			19	Psc	275.482	C5II
1539	7818		τ	53	And	218.341	B8III
1540	7918				And	12.739	G2V
1541	11918		ω		For	148.368	B9V
1542	15648			32	Per	46.168	A3V
1543	20877			75	Tau	57.241	K2IIIvar
1544	24822			109	Tau	75.815	G8III
1545	27949		ξ	30	Aur	73.046	A2V
1546	67494			89	Vir	74.906	K0III
1547	78180				Dra	33.580	F0IV
1548	78650				Sco	63.654	K3III
1549	88657			98	Her	226.244	M3IIIa+...
1550	89153			1	Sgr	78.493	K0III
1551	89172			104	Her	166.945	M3III
1552	115590			4	Cas	240.964	M1III
1553	5862		ν		Phe	15.115	F8V
1554	9009		ω	46	Cas	215.054	B8III
1555	17313			40	Per	323.625	B0.5V
1556	18772		ι		Ret	97.847	K4III
1557	20250		φ	52	Tau	98.425	K1III
1558	28010		ξ		Col	102.041	K1IIICN...
1559	38538		φ	83	Gem	68.213	A3V
1560	50847				Car	123.153	B8V
1561	60172			16	Vir	94.429	K1III
1562	65721			70	Vir	17.986	G5V
1563	70753			52	Hya	120.627	B7/B8V
1564	76742			42	Lib	117.233	K3III
1565	79790		γ¹		Nor	450.450	F9Ia
1566	83430				Her	121.065	M3III
1567	116310			72	Peg	168.350	K4III
1568	116758		ω¹	102	Aqr	43.592	A7IV
1569	117221		ψ	20	And	307.692	G5Ib
1570	7999				Cet	364.964	K3II-III
1571	10053			14	Ari	88.496	F2III
1572	13884		β		Hor	90.334	A5III
1573	23783			9	Aur	26.288	F0V
1574	26220		θ¹	41	Ori	0.000	O7
1575	26235		θ²	43	Ori	473.934	O9.5Vpe
1576	37379				Pup	213.220	K3III
1577	42509			6	Hya	119.048	K3III
1578	53824			59	Leo	46.361	A5III
1579	57696				Mus	290.698	G5Ib
1580	60746			16	Com	85.179	A4V
1581	76041		ν²	53	Boo	119.048	A5V
1582	78493		ι	14	CrB	95.602	A0p...
1583	90156			39	Dra	56.465	A3V
1584	92951	Alya B	θ²	63	Ser	51.948	A5Vn
1585	95066			26	Aql	47.281	G8III-IV...
1586	98073				Cyg	280.899	K5II-III
1587	355			3	Cet	641.026	K3Ibvar
1588	9505			4	Per	223.214	B8III
1589	16147				Per	160.772	B5V
1590	17304		δ		For	259.740	B5III
1591	18488				Cam	448.430	K3I-II
1592	21644				Eri	71.327	A0V
1593	25142			23	Ori	476.190	B1V
1594	32844		ψ⁷	58	Aur	116.144	K3III
1595	32855				Pup	250.000	K2/K3III
1596	33971			19	Mon	373.134	B1V
1597	36041		ε	2	CMi	319.489	G8III
1598	40259			20	Pup	266.667	G5Ib/II
1599	44659		ω	18	Hya	274.725	K2II-III
1600	45085				Vel	0.000	B5Ia
1601	46771		ξ	5	Leo	66.094	K0IIIvar
1602	55560			56	UMa	163.399	G8II
1603	59856				Com	96.993	K1III
1604	66821				Cen	83.195	B8Vn+...
1605	69389				Vir	79.177	B9p Si
1606	75206		ν¹		Lup	35.855	F8V
1607	75312		η	2	CrB	17.863	G2V
1608	78323				Lup	133.690	G8III
1609	89348			36	Dra	22.920	F5V
1610	95372			2	Cyg	258.398	B3IV
1611	98842				Sgr	89.127	K1III/IV
1612	109289		υ		PsA	130.039	K4III
1613	113288				Lac	490.196	K5Ibvar
1614	115115		ψ³	95	Aqr	80.192	A0V
1615	19018				Cam	625.000	F0II
1616	25278			111	Tau	14.386	F8V SB
1617	29034	Elkurud	θ		Col	221.239	B8:IV
1618	29735				CMa	125.000	B9V
1619	33345		μ	18	CMa	381.679	B9.5V
1620	35384				Lyn	106.952	A4IIIn
1621	47205			10	Leo	75.301	K1IIIvar
1622	55588				Cen	323.625	K4III
1623	57175				Cen	0.000	F9Ia
1624	76008		θ	15	UMi	262.467	K5III
1625	79043	Marsic	κ	7	Her	112.740	G8III
1626	88060				Sgr	310.559	K5/M0III
1627	88788				Her	125.628	G8III...
1628	92845		ν²	35	Sgr	83.963	K1Ib/II
1629	93408			16	Lyr	37.439	A7V
1630	94490			54	Dra	50.659	K2III
1631	96275			9	Vul	169.492	B8IIIn
1632	97295			17	Cyg	21.231	F5
1633	118121		η		Tuc	47.438	A1V
1634	0				Vel	24.450	
1635	0		ξ		Sco	24.331	F6 IV-V
1636	0		γ		CrA	17.892	F8 V
1637	841			22	And	377.358	F2II
1638	2219			47	Psc	162.075	M3IIIvar
1639	7719		χ	52	And	76.746	G8III...
1640	23430				Lep	71.480	K1III
1641	24504			14	Aur	87.566	A9IV
1642	29353		η²		Dor	196.464	M2.5III
1643	29919			1	Lyn	195.695	M3III
1644	36429			65	Gem	148.368	K2III
1645	38423				Pup	17.944	F3/F5V
1646	42088				Vel	260.417	K1/K2II
1647	46950				Vel	277.008	B1.5IV
1648	52425				UMa	128.041	K3III
1649	56862				Mus	153.846	G2III + A
1650	60059				Cen	151.515	M1III
1651	60646			6	CVn	80.192	G8III-IV
1652	60998			4	Dra	190.476	M3IIIa
1653	84833				Her	147.059	M2III
1654	97496		ζ	8	Sge	78.186	A3V
1655	98258			61	Sgr	81.433	A2V
1656	20901			79	Tau	48.852	A7V
1657	25292		σ	21	Aur	143.267	K4III
1658	46880				Hya	111.111	K0III
1659	51635				Vel	401.606	K4III
1660	53426			46	UMa	72.622	K1III
1661	68103			9	Boo	178.253	K3IIIvar
1662	72800				Cen	150.830	B7II/III
1663	74793			11	UMi	122.100	K4III
1664	87212			30	Dra	66.534	A2V
1665	87234			35	Dra	31.756	F6IV-Vs
1666	89981				Dra	198.807	M2III
1667	91975			4	Aql	142.653	B9V
1668	93057		ξ¹	36	Sgr	632.911	B9.5Ib
1669	95477		χ¹	47	Sgr	77.220	A4IV/V
1670	107608		θ	10	PsA	98.425	A1V
1671	9836		κ	12	Ari	55.679	A2m
1672	22479			60	Eri	72.307	K0III
1673	28675				Lep	124.688	K3II/IIICNv
1674	35226				Pup	230.947	B3V
1675	37891			4	Pup	72.098	F2V
1676	41639				Vel	800.000	B+...
1677	53721	Chalawan		47	UMa	14.063	G0V
1678	61418			24	Com	138.121	K2III
1679	66803			82	Vir	156.250	M2III
1680	69618				Cen	147.710	B4Vne
1681	82504			51	Her	214.133	K2II-III
1682	83336				Sco	137.174	B8V
1683	84671				Oph	151.057	K4II-III
1684	91755			46	Dra	104.384	B9.5p...
1685	95261		η		Tel	48.216	A0Vn
1686	95937			36	Aql	162.075	M1IIIvar
1687	97635			20	Cyg	62.073	K3IIIvar
1688	103200			32	Vul	178.571	K4III
1689	183		ζ		Scl	154.083	B4V
1690	5317			41	And	58.962	A3m
1691	8241				Eri	62.035	A1V
1692	15219				Per	242.131	G5II
1693	21861		β		Cae	28.670	F3V
1694	28325			2	Mon	87.796	A6m
1695	28991				Pic	110.865	K2/K3III
1696	29800			74	Ori	19.249	F5IV-V
1697	32173		ψ⁴	55	Aur	99.206	K5III
1698	35846			57	Gem	48.733	G8III
1699	37300			74	Gem	161.031	M0III
1700	37606				Pup	24.673	G5IV
1701	39690				Vel	427.350	K3III
1702	58905		κ		Cha	146.199	K4III
1703	64407			53	Vir	33.910	F6V
1704	65468		ι¹		Mus	67.797	K0III
1705	65810				Cen	155.521	A0V
1706	74778		δ		Cir	0.000	O8.5V
1707	74975			5	Ser	25.381	F8III-IV
1708	75973		ν¹	52	Boo	257.069	K5III
1709	77811		λ	45	Lib	94.877	B3V
1710	105186			68	Cyg	0.000	O8
1711	106711			74	Cyg	65.833	A5V
1712	108535			16	Cep	36.724	F5V
1713	111710	Situla	κ	63	Aqr	65.574	K2III
1714	15444			31	Per	171.821	B5V
1715	17851	Pleione		28	Tau	117.096	B7p
1716	23649		η²		Pic	136.054	M2IIIvar
1717	24879			19	Aur	636.943	A5IIvar
1718	31765				Pup	146.199	G8III
1719	37391				Cep	139.665	M2III
1720	42430				Pyx	19.399	G3/G5V
1721	88745			99	Her	15.642	F7V
1722	109556		λ	22	Cep	606.061	O6e
1723	114347			57	Peg	239.808	M4Sv
1724	115227			7	Psc	132.626	K2III
1725	117371				Cep	92.937	A1Vn
1726	17296				Cam	159.236	S5.3 SB:
1727	24505				Lep	85.251	B9V
1728	25045				Lep	107.875	A2/A3
1729	29134		ν		Dor	91.912	B8V
1730	29417				Mon	366.300	B2V
1731	30772			10	Mon	333.333	B2V
1732	36817				Pup	31.686	F6V
1733	40680				Vol	91.075	K1III
1734	49485				Vel	73.692	K0IV
1735	53838			49	UMa	115.473	Am
1736	70248		ε		Aps	197.629	B4V
1737	84033				Sco	96.805	G8/K0III+..
1738	96825				Cyg	49.628	F5II
1739	96950			55	Sgr	54.318	F3IV/V
1740	98571			26	Cyg	133.156	K1II-III
1741	101868			28	Vul	160.256	B5IV
1742	102843			56	Cyg	40.967	A4me...
1743	102950		ι		Ind	143.061	K1II/III
1744	104755		ο		Pav	273.973	M2III
1745	117718		φ	81	Peg	141.844	M2III
1746	2578		β³		Tuc	45.558	A0V
1747	3810			64	Psc	23.452	F8V...
1748	14954			94	Cet	22.578	F8V
1749	21060		δ		Cae	215.983	B2IV-V
1750	21727			3	Cam	129.534	K0III SB
1751	25282			27	Ori	57.208	K0III
1752	33558				Pup	180.832	B4IV/V
1753	34909			51	Gem	165.838	K3V
1754	36393			64	Gem	54.025	A4V
1755	38010				Pup	323.625	B2IV/V
1756	46774			6	Leo	153.139	K3III
1757	46928		ζ		Cha	175.439	B5V
1758	47452		κ	38	Hya	133.690	B4IV/V
1759	48437		γ	8	Sex	85.106	A2V
1760	51775			48	Leo	81.566	G8II-III
1761	56243		ο¹		Cen	0.000	G0Ia
1762	69415			50	Hya	66.711	K2III
1763	81292			17	Dra	126.422	B9V
1764	83947				Her	86.505	K3III
1765	85805			27	Dra	64.683	K0III
1766	90853		δ²		Tel	366.300	B3III
1767	93867			18	Aql	214.133	B8III
1768	101916		κ	7	Del	30.120	G5IV+...
1769	107763			14	Peg	84.246	A1Vs
1770	109017			19	Cep	632.911	O9.5Ib
1771	0	Guniibuu B		36	Oph	5.985	K1 Ve
1772	2854				Cas	164.474	B7III
1773	17771			30	Tau	139.082	B3V
1774	21673		σ¹	91	Tau	45.086	A4m
1775	22565			97	Tau	51.256	A7IV-V
1776	25110				Cam	20.886	F6V
1777	25541		φ	24	Aur	138.889	K4IIIp
1778	29271		α		Men	10.198	G5V
1779	32558				Mon	432.900	M1II
1780	38872				Pup	335.570	B2.5IV
1781	41483				Vel	61.050	A9/F0III/IV
1782	48113				UMa	18.369	G2V
1783	51437		β	30	Sex	124.070	B6V
1784	51718			44	Hya	244.499	K5III
1785	51912				Car	80.515	K1III
1786	52457			41	LMi	70.274	A3Vn
1787	55598		λ	13	Crt	42.882	F3IV
1788	63005		μ²		Cru	124.844	B5Vne
1789	73129		θ		Cir	462.963	B4Vnp
1790	92814				Sct	429.185	B3II
1791	99080			17	Vul	154.560	B3V
1792	100881		π	10	Cap	167.224	B4V
1793	108036		μ	51	Cap	26.617	F3IV
1794	111532			31	Cep	54.885	F3III-IV
1795	3781		λ		Hyi	64.935	K5III
1796	9110		ι	8	Ari	159.490	K1p...
1797	16292				Cam	60.901	A1V
1798	23265				Cep	117.786	K3III
1799	31278				Mon	169.779	B5Vn
1800	35699			56	Gem	135.870	M0III
1801	36114				Car	185.529	K0III
1802	39023			12	Pup	263.852	G8II
1803	40321				Pup	311.526	B2V:
1804	43413				Vel	0.000	B0III
1805	46283				Vel	131.579	B6V
1806	47965				UMa	169.492	M3III
1807	48224				Vel	258.398	B7III
1808	55597				Mus	123.762	B5
1809	59819			6	Com	60.901	A3V
1810	77660			36	Ser	49.751	A3Vn
1811	79302				Sco	97.466	K0III
1812	87194			87	Her	64.977	K2III
1813	90037				CrA	148.588	K4/K5III
1814	98920		η	16	Sge	49.164	K2III
1815	106999			75	Cyg	123.762	M1IIIvar
1816	108022			16	Peg	193.798	B3V
1817	109102				Lac	186.567	K5III
1818	110256		ε		Oct	89.127	M6III
1819	113788			2	And	129.199	A3Vn
1820	115444			66	Peg	119.048	K3III
1821	117020			77	Peg	189.753	M2III
1822	13775			21	Per	98.039	B9p...
1823	15737		τ²	63	Ari	97.371	K3III
1824	19461				Cep	116.414	G8III+...
1825	20522			66	Tau	121.359	A3V
1826	27534		ε		Dor	176.056	B6V
1827	57613				Hya	167.224	M4III
1828	64803				Cen	78.989	K0III
1829	70400				Vir	48.757	A5V
1830	78481			5	Her	76.923	G8III
1831	82129				TrA	213.675	Ap
1832	85162				Sco	226.244	B7III
1833	88899			101	Her	100.806	A8III
1834	94885			23	Aql	113.766	K2II-IIIvar
1835	106944			25	Aqr	69.444	K0III
1836	107382			46	Cap	242.718	G8II-III
1837	113561				Cas	0.000	G0Ia
1838	117689		γ¹		Oct	81.301	G7III
1839	6960			48	Cet	71.378	A0V
1840	18213				Eri	106.157	B6/B7V
1841	23941			68	Eri	25.458	F2V
1842	33104			43	Cam	300.300	B7III
1843	35406				Pup	232.019	A0V
1844	48833			19	LMi	28.145	F6Vs
1845	54461				Car	0.000	B9Ia
1846	65535				Cen	62.344	Kp...
1847	77982		κ		TrA	370.370	G6VII
1848	90191		μ	2	Lyr	134.589	A3IVn
1849	91875		λ		CrA	62.933	A0/A1V
1850	94083			59	Dra	27.300	A9V
1851	101983		φ²		Pav	24.661	F8V
1852	102693		ι		Mic	35.423	F1IV
1853	108317				Cep	751.880	M2 comp
1854	109973		μ²		Gru	81.367	G8III
1855	111795				Lac	138.313	M4III
1856	112242			13	Lac	78.678	K0III
1857	8882		φ		Phe	94.073	A3V
1858	14240		μ		Hor	43.403	F0IV
1859	23794			66	Eri	94.697	B9.5V
1860	34670				Pup	96.899	K2III
1861	35710			65	Aur	72.359	K0III
1862	37664				Pup	66.534	K1III
1863	38373		ζ	13	CMi	191.205	B8II
1864	45505				Vel	0.000	K3Ib
1865	46914				Vel	254.453	B4IV
1866	52353			38	UMa	69.541	K2IIIvar
1867	53261			44	UMa	200.401	K3III
1868	56250		ο²		Cen	0.000	A3Ia
1869	61468				Cen	35.524	A7III
1870	62356			27	Com	104.167	K3III
1871	86796	Cervantes	μ		Ara	15.511	G5V
1872	89935			107	Her	80.645	A7V
1873	90806				Sgr	68.400	B9/B9.5V
1874	91105				Sct	100.908	G8III
1875	95951	Albireo B	β²	6	Cyg	122.549	B8V
1876	96327			37	Aql	140.252	G8III
1877	97675		ο	54	Aql	19.190	F8V
1878	101477		ν		Mic	71.736	K0III
1879	110391			47	Aqr	52.438	K0III
1880	113860		π		PsA	29.420	A9V
1881	145			29	Psc	139.276	B7III-IV
1882	1158				Cet	178.571	M3IIIvar
1883	6061			89	Psc	75.301	A3V
1884	11477		φ		For	46.598	A2/A3V
1885	15890				Cam	628.931	M0II
1886	26221		θ¹	41	Ori	0.000	O6pe
1887	40843		χ	18	Cnc	18.271	F6V
1888	41325				Cnc	121.065	G8II
1889	56332				Hya	119.189	M1/M2III
1890	69038				Boo	157.233	M4.2III
1891	73826				Lup	108.225	G8III
1892	76259			36	Lib	97.561	K2/K3III
1893	79653		θ		Nor	118.203	B8V
1894	84887			70	Her	131.062	A2V
1895	94302			53	Dra	105.485	G8III
1896	104043		α		Oct	43.535	F4III
1897	118234		π		Phe	88.106	K1III
1898	2900				And	189.036	K5III
1899	5799			37	Cet	23.386	F5V
1900	16322			4	Tau	110.742	A0Vn
1901	17886			42	Per	82.305	A3V
1902	25429		λ		Dor	140.449	G6III
1903	28691			64	Ori	220.264	B8V
1904	32765				Pup	25.259	F5III
1905	32864			42	Cam	283.286	B4IV
1906	33779				Car	198.020	M1III
1907	34033				Gem	182.149	K3III
1908	34105				Car	92.251	A0p:
1909	37088			25	Mon	67.522	F6III
1910	38016		π	80	Gem	202.840	M0III
1911	38917				Pup	89.206	K2III
1912	39567			8	Cnc	65.790	A1V
1913	40285				Vel	416.667	B2.5IV
1914	52742				Vel	161.290	B8/B9III
1915	56000				Cen	214.592	B9V
1916	56656				Cen	71.685	K1III
1917	59504				Cam	33.378	A5m
1918	60221				Crv	61.690	K0III
1919	64906			21	CVn	84.246	A0V
1920	70012		υ	102	Vir	80.192	G9III
1921	76307		μ	6	CrB	189.753	M2III
1922	78105		ξ¹		Lup	42.373	A3V
1923	84626		ο	39	Oph	90.416	K:...
1924	93163		ω		Pav	172.712	K1III-IV
1925	94477			21	Aql	217.865	B8II-III
1926	95498			4	Vul	83.264	K0III
1927	97870			23	Cyg	194.175	B5V
1928	100122			35	Cyg	970.874	F5Ib
1929	102157		υ		Pav	240.964	B8Vvar
1930	5544			82	Psc	147.275	F0V
1931	9459		χ		Phe	115.075	K5III
1932	11784			14	Tri	132.802	K5III
1933	29895				CMa	189.753	K1III
1934	37946				Lyn	132.802	M3III
1935	42834				Vel	568.182	B0IIIn
1936	43531			35	Lyn	81.235	K0III
1937	44857		σ¹	11	UMa	159.744	K5III
1938	47654			27	UMa	146.628	K0III
1939	50083				Car	94.340	Am
1940	54360				Cen	84.104	Ap SrCrEu
1941	56754				Cen	87.413	B9IV
1942	58803				Cen	25.323	F6V
1943	60320		ζ²		Mus	101.112	Am
1944	64078			49	Vir	94.251	K2III
1945	67244				Cen	133.869	A0V
1946	72197			54	Hya	30.285	F0V + G/K
1947	72603		α¹	8	Lib	22.978	F3V
1948	74605				UMi	25.342	F9IV
1949	74707				Lup	540.540	F:+...
1950	75761			10	Ser	39.746	A8IV
1951	82073			43	Her	108.578	K5III
1952	98425			25	Cyg	404.858	B3IV
1953	101936			1	Aqr	71.480	K1III
1954	101984		υ	15	Cap	177.936	M1III
1955	102531		γ¹	12	Del	37.951	A2Ia+...
1956	114520			59	Peg	74.294	A5Vn
1957	1686		ρ	27	And	48.544	F5III
1958	11060			9	Per	0.000	A2Ia
1959	13717				Eri	57.175	A3Vn
1960	15404			29	Per	195.312	B3V
1961	27621				Pic	78.616	G8III
1962	31084				CMa	112.360	K1III
1963	38382			9	Pup	16.504	G2V
1964	40429				Car	77.519	A+...
1965	44946	Nahn	ξ	77	Cnc	114.416	K0III
1966	51814			37	UMa	26.525	F1V
1967	67929			90	Vir	75.586	K2III
1968	73776		η		Cir	84.602	G8III
1969	75530		τ¹	9	Ser	211.417	M1III
1970	76243				Lib	122.399	B6IV
1971	90887				CrA	70.274	A3V
1972	105570		β	10	Equ	101.420	A3V
1973	107095			42	Cap	33.234	G2V
1974	112935		σ	49	Peg	27.278	F7IV
1975	2381				Cet	53.107	A3V
1976	3909		φ²	19	Cet	15.753	F7IV-V
1977	5336		μ	30	Cas	7.554	G5Vp
1978	12273				Cas	78.431	G8III
1979	12832			38	Ari	36.337	A7III-IV
1980	20507		ξ	42	Eri	64.103	A2V
1981	38211			6	Pup	78.064	K3III
1982	44093				Vel	68.918	Am
1983	44143				Car	26.420	F3V
1984	58188		η	30	Crt	77.101	A0V
1985	59151				Mus	130.208	K2II/III
1986	60514			13	Com	81.103	A3V
1987	61910				Crv	78.927	F3IV
1988	63210				Cen	112.994	B8V
1989	87563			90	Her	108.460	K3III
1990	93815		ρ		Tel	56.721	F7V
1991	95447			31	Aql	15.177	G8IVvar
1992	95556			4	Cyg	216.920	B9sp...
1993	96459				Cyg	40.833	K0III
1994	104085		μ		Ind	112.108	K2III
1995	104963		φ	28	Cap	197.239	K0II/III
1996	117629			108	Aqr	97.752	Ap Si
1997	0		α	42	Com	14.325	F5 V
1998	1708		ι		Scl	101.317	K0III
1999	2225				And	86.655	A2Vs
2000	8016			42	Cas	85.106	B9V
2001	19171			41	Tau	128.866	B9p Si
2002	22833			6	Ori	69.979	A3V
2003	24197				Ori	105.263	K5III
2004	25918		γ		Men	31.358	K4III
2005	26640			125	Tau	131.062	B3IV
2006	27204		μ		Col	408.163	B1IV/V
2007	33682				Vol	89.606	K3III
2008	35951				CMa	287.356	B2Vne
2009	40943				Pup	456.621	B2IV-V+...
2010	41296				Vel	213.220	B2V
2011	42504				Vel	135.685	B4IV
2012	45333			16	UMa	19.570	F9V
2013	52469				UMa	37.092	F5III
2014	55137			75	Leo	101.833	M0III comp
2015	55779				Cen	27.218	F7V
2016	69373				UMi	131.234	M2III
2017	73036				Cir	49.431	K1III
2018	92646		κ		Tel	83.333	G8/K0III
2019	96665		σ	44	Aql	239.234	B3V + B3V
2020	97630			19	Cyg	212.314	M2IIIa
2021	99853			22	Vul	588.235	G2Ib SB
2022	101260			73	Dra	121.359	A0p...
2023	107230				Cep	74.963	K0III
2024	117315		σ		Phe	185.185	B3V
2025	11072		κ		For	21.963	G2V
2026	11220			64	And	122.399	G8III
2027	23840				Dor	173.310	M3III
2028	28744				Mon	403.226	B2Vne+
2029	30717				Mon	260.417	K1II
2030	39070				Car	301.205	M0II
2031	42425		θ		Vol	73.638	A0V
2032	43352				Pyx	68.634	G8III
2033	51362		δ	29	Sex	98.717	B9.5V
2034	56583			2	Dra	72.833	K0III
2035	64792			59	Vir	17.559	G0Vs
2036	73945		ν	21	Lib	213.220	K5III
2037	77277				Dra	87.719	A2IV
2038	80874				TrA	240.964	K0II/IIICN.
2039	85312		κ		Ara	139.665	K1III
2040	99738			21	Vul	91.158	A7IVn
2041	103294			17	Del	147.059	K0III
2042	105268			6	Cep	609.756	B3IVe
2043	111797			30	Cep	88.028	A3IV
2044	115404			97	Aqr	65.359	A3V
2045	2355			28	And	62.775	A7III
2046	2762			13	Cet	21.254	F8V...
2047	19949				Cam	100.200	A2Vn
2048	21296			47	Eri	304.878	M3III
2049	27971			31	Cam	143.678	A2V
2050	29650			71	Ori	20.816	F6V
2051	30932				Pic	93.284	K0III
2052	32104			26	Gem	43.630	A2V
2053	33927		ω	42	Gem	456.621	G5II
2054	34081				Pup	106.838	Am
2055	35146			18	Lyn	61.013	K2III
2056	36238			63	Gem	32.020	F5IV-V...
2057	39961				Vel	383.142	B2IV-V
2058	42540				Vel	85.616	Ap (SiCr)
2059	42679				Vel	0.000	B5Iab
2060	57047				Hya	123.762	K5III
2061	60189		ζ	5	Crv	127.388	B8V
2062	63901			14	CVn	104.384	B9V
2063	68269			47	Hya	102.041	B8V
2064	80197		ν¹	20	CrB	196.464	M2III
2065	90441			59	Ser	143.885	G0III+...
2066	92226		μ		CrA	121.359	G5/G6III
2067	93017				Lyr	14.872	G0V
2068	93917			17	Lyr	41.580	F0V
2069	104174				Mic	100.604	K2III
2070	104214			61	Cyg	3.486	K5V
2071	115126			94	Aqr	21.119	G6/G8IV
2072	5300		υ		Phe	56.948	A3V
2073	5737	Revati	ζ	86	Psc	53.305	A7IV
2074	12484		ζ		Hor	49.092	F4IV
2075	19205		ψ	42	Tau	27.601	F1V
2076	28296			60	Ori	136.612	A1Vs
2077	30457				CMa	106.838	K3III
2078	30679			5	Lyn	191.939	K4III
2079	32064				Mon	105.597	M0III
2080	55756				Cen	84.034	K0III
2081	64725			57	Vir	38.476	K1III
2082	66098			76	Vir	72.098	K0III
2083	77578		ω	34	Ser	83.822	G8III
2084	85079		ι		Ara	286.533	B2IIIne
2085	111449		υ	59	Aqr	22.681	F7V
2086	3505				Cet	26.745	F0V
2087	9763			49	Cas	122.699	G8III
2088	13874				Eri	110.620	A2IV
2089	19799				Tau	119.904	B9Vn
2090	21547			51	Eri	29.429	F0V
2091	23734			11	Cam	210.084	B2.5Ve
2092	25048		ρ	20	Aur	162.338	B5V
2093	31119				Mon	63.654	A3V
2094	32562		ψ⁶	57	Aur	110.497	K1III
2095	33878				Mon	175.131	M2III
2096	36265		η	5	CMi	97.561	F0III
2097	38020				Pup	480.769	B1V
2098	39061				Pup	55.556	F3V
2099	43970		ο¹	62	Cnc	45.725	A5III
2100	54767				Car	95.877	B9V
2101	55831				Cen	418.410	B3IV
2102	58684			67	UMa	34.270	A7m
2103	62267			32	Vir	77.459	A8m
2104	70035				Cen	48.356	Am
2105	72290				Lup	79.681	G6III
2106	82216			45	Her	120.627	B9p (Cr)
2107	92390			29	Sgr	286.533	K2III
2108	92405		ν²	9	Lyr	70.972	A3V
2109	95260			3	Vul	120.482	B6III
2110	98583			64	Dra	180.180	M1III
2111	106093			71	Cyg	66.445	K0III
2112	116076	Veritate		14	And	79.177	K0III
2113	6315			91	Psc	107.411	K5III
2114	10306		η	17	Ari	28.868	F5V
2115	14456				Eri	139.860	M3III
2116	32292			10	CMa	0.000	B2V
2117	35907			66	Aur	370.370	K0III
2118	39970				Vel	338.983	B1IVe
2119	43834		ρ²	58	Cnc	149.254	G8II-III
2120	44154		σ³	64	Cnc	90.662	G9III
2121	44337				Vel	112.994	Ap Si
2122	44798		κ	76	Cnc	162.866	B8IIIMNp
2123	48926		η		Ant	33.311	A8IV
2124	52701				Car	145.985	B7IV
2125	53252				Hya	30.807	F6V
2126	63076	Taiyi		8	Dra	29.291	A5n
2127	72357			56	Hya	109.769	G8/K0III
2128	76939				Lup	79.936	G8/K0III
2129	79607		σ	17	CrB	21.079	F8V
2130	82493				Sco	0.000	O9e
2131	82730			23	Oph	73.801	K2III
2132	86036			26	Dra	14.190	G0V
2133	94068			19	Aql	45.788	F0III-IV
2134	98636			16	Vul	67.981	F2III
2135	950		θ		Scl	21.277	F3/F5V
2136	3949		ρ		Phe	74.239	F2III
2137	7981			107	Psc	7.532	K1V
2138	14043				Per	140.647	B7V
2139	15371		ζ²		Ret	12.032	G1V
2140	16803			20	Eri	149.254	B8/B9III
2141	17457			24	Eri	200.803	B7V
2142	17717		τ⁷	28	Eri	76.923	A1V
2143	17954				Tau	56.465	A2V
2144	20384		η		Ret	117.924	G7III
2145	21297				Eri	233.100	K4III
2146	25197			16	Cam	103.093	A0Vn
2147	26268			45	Ori	110.254	F0III
2148	32480		ψ⁵	56	Aur	16.717	G0V
2149	35393				Pup	141.844	A0V
2150	36641		δ¹	7	CMi	233.100	F0III
2151	42334		η		Pyx	71.073	A0V
2152	45344				Vel	187.617	B4V+...
2153	45527			23	Hya	75.245	K2III
2154	56779		ω	1	Vir	152.439	M4III
2155	64348				Cen	68.166	K1/K2III
2156	73909				Boo	78.927	G8III
2157	79540		χ	17	Sco	116.009	K3III
2158	80620				Oph	176.991	M2 comp
2159	80843				Her	192.678	G8p
2160	90200				CrA	149.477	B2.5Vn
2161	98174				Pav	85.397	B9.5IV
2162	101923		τ	14	Cap	348.432	B7III
2163	103571				Equ	56.561	G0V
2164	107128			41	Cap	70.721	K0III
2165	109572				Cep	37.355	F8V
2166	112529			68	Aqr	77.882	G8III
2167	117089			106	Aqr	116.144	B9V
2168	0		τ	69	Oph	52.029	dF3   J
2169	7955		π		Scl	65.876	K1II/III
2170	10559			7	Tri	86.058	A0V
2171	13141		ν		Hor	50.454	A2V
2172	25202			8	Lep	505.050	B2IV
2173	31165				Col	83.752	G8III
2174	31688				CMa	123.305	K1III
2175	37921			11	CMi	92.421	A1Vnn
2176	39487				Pup	641.026	M2II
2177	50414		ε	22	Sex	59.312	F2III
2178	51502				Cam	21.501	F2V
2179	76534		φ	54	Boo	52.029	G8III-IV
2180	86305		π		Ara	44.563	A7V
2181	88331			96	Her	288.184	B3IV
2182	90067				Her	111.235	K3III
2183	92056				Dra	96.805	K0II-III
2184	93903		ι	18	Lyr	274.725	B6IV
2185	104738				Mic	32.960	F5V
2186	112031			12	Lac	411.523	B2IIIv SB
2187	113864				Cep	126.743	K3III
2188	13165		π	42	Ari	239.234	B6V
2189	14293		ρ³	10	Eri	41.563	A8V
2190	20261			58	Tau	46.948	F0V
2191	20266				Cam	97.943	G5III
2192	27386			52	Ori	165.017	A5V
2193	31434			49	Aur	113.379	A0Vnn
2194	45328				Vel	196.078	G8II/III
2195	45631				Vel	134.228	B7/B8III
2196	48883		ν	27	Leo	153.139	B9IV
2197	49698				Car	113.250	K0III
2198	53154				Car	0.000	B9Ia
2199	56573				Cen	61.805	A7m
2200	56975			92	Leo	82.781	K1III
2201	58082				Hya	87.719	G8III
2202	67703				Cen	79.681	B9Vn
2203	69068			13	Boo	168.350	M2III
2204	75828				Lup	335.570	K4III
2205	76425			16	Ser	70.872	K0p
2206	80161				Dra	89.928	K2III
2207	93256				Lyr	99.206	K2III
2208	108924			18	Cep	130.039	M5III
2209	6999			49	And	90.171	K0III
2210	9727			47	Cas	33.157	F0Vn
2211	10320		μ		For	98.232	A0V
2212	11738				Cet	140.845	K3III
2213	11757		μ		Hyi	87.032	G4III
2214	15627		τ¹	61	Ari	156.006	B5IV
2215	20641		κ²	67	Tau	45.393	A7V
2216	30073			7	Mon	267.380	B2.5V
2217	32537				Pup	99.404	B8/B9V
2218	36760			68	Gem	129.870	A1Vn
2219	42129				Car	274.725	B3V+...
2220	48682			31	UMa	63.776	A3III
2221	50070				Vel	51.894	A7V
2222	51313				Car	813.008	K3Ib
2223	57477				UMa	66.094	K3III
2224	62027				Cru	373.134	B2pe
2225	65581			68	Vir	134.953	K5III
2226	72929			12	Lib	127.877	K2/K3III
2227	80057		δ²		Aps	187.970	K3III
2228	83313			59	Her	98.814	A3IV
2229	83431		ε²		Ara	27.226	F6V
2230	93203			11	Aql	48.426	F8V
2231	99968				Cyg	483.092	K5II
2232	107843		λ		Oct	125.471	G8/K0III+..
2233	109005			20	Cep	92.937	K4III
2234	109693				Cep	78.678	B9.5Vn
2235	116957				Aqr	82.781	K3III
2236	7650			40	Cas	140.449	G8II-IIIvar
2237	18453			43	Per	37.439	F5IV
2238	18788			35	Eri	126.904	B5V
2239	22040		κ		Dor	67.024	A8/A9III/IV
2240	23871			106	Tau	58.106	A5V
2241	26460		ν²		Col	40.800	F5V
2242	27364			133	Tau	194.175	B2IV-V
2243	29048			19	Lep	257.069	M1III
2244	30953				Pup	51.440	F2V
2245	32492			11	CMa	243.902	B8/B9III
2246	32921			36	Gem	150.602	A2V
2247	41003		η		Vol	116.822	A0/A1IV/V
2248	43142				Hya	123.153	A3V
2249	45455			17	UMa	220.751	K5III
2250	45581				Car	107.527	A1V
2251	47300			42	Lyn	37.580	F0V
2252	57371				Cen	211.864	B6III
2253	58587				Crv	970.874	B2IV
2254	60122			3	CVn	180.832	M0III
2255	74596		χ	48	Boo	77.399	A2V
2256	80645		ι		TrA	38.805	F4IV
2257	81437				Dra	83.056	K1III
2258	85389				Ara	194.932	B8V
2259	91014				Sgr	404.858	B2III/IV
2260	94834		ω¹	25	Aql	127.227	F0IV
2261	96957		χ	47	Aql	261.780	F3V:+...
2262	98103		φ	61	Aql	67.295	A1IV
2263	100195		σ	7	Cap	343.643	K2III
2264	110618		ν		Ind	28.703	A3V: + F9V
2265	117218			107	Aqr	73.206	F2:V+...
2266	814		γ³		Oct	78.064	K1/K2III
2267	983				Cet	190.840	K4III
2268	8209		ε		Scl	28.114	F2IV
2269	9312				Cas	75.301	A0Vn
2270	10793			10	Tri	115.473	A2V
2271	11021			69	Cet	330.033	M2III
2272	11486			12	Tri	49.826	F0III
2273	19719			46	Tau	36.337	F3V...
2274	20704				Per	77.640	K1III
2275	22287			4	Cam	52.770	A3m
2276	24873		ν	7	Lep	102.249	B7/B8V
2277	26868				Col	131.406	B9/B9.5V
2278	27947				Pic	34.698	F0Ve...
2279	33316				CMa	0.000	B2/B3III
2280	35427				CMa	384.615	G2II
2281	48390			22	Leo	41.459	A5IV
2282	60904			17	Com	72.886	A0p
2283	69612			15	Boo	81.235	K1III
2284	89439			15	Sgr	0.000	B0/1Ia/ab
2285	92824		χ		Oct	78.740	K3III
2286	105898				Cyg	126.103	A6pe...
2287	106327		ξ		Gru	142.857	K0III
2288	107472			12	Peg	427.350	K0Ib
2289	108991			32	Aqr	68.120	A5m
2290	3231			32	And	108.814	G8III
2291	12225		η		Hor	45.558	A6V
2292	12489			33	Ari	70.972	A3V
2293	16499			36	Per	36.324	F4IIIvar
2294	21914		λ		Pic	114.811	K0/K1III
2295	21928			59	Per	73.965	A1Vn
2296	23467		β		Men	243.309	G8III
2297	32411				CMa	130.039	A1IV/V
2298	34802				Pup	126.103	A3p...
2299	37704			76	Gem	194.553	K5III
2300	38962			14	CMi	74.074	K0III
2301	39780		μ²	10	Cnc	23.288	G2IV
2302	43305			14	Hya	138.121	B9MNp...
2303	45290			36	Lyn	178.253	B8IIIMNp
2304	47479				Car	72.569	A3IV
2305	49809				Hya	27.739	F2/F3IV/V
2306	56034			57	UMa	65.232	A2V
2307	85084			43	Oph	251.256	K4/K5III
2308	89773			105	Her	298.507	K4II SB
2309	96808			54	Sgr	73.746	K1III
2310	98421		θ²		Sgr	48.497	A4/A5IV
2311	99951			24	Vul	134.228	G8III
2312	100541				Aql	75.586	G8III-IV
2313	103511			33	Vul	138.696	K4III
2314	103569		ε	1	Equ	54.083	F5III...
2315	104365		χ	25	Cap	55.127	A0V
2316	105942			70	Cyg	400.000	B3V
2317	107151			7	Peg	223.714	M2III
2318	114200			4	And	106.952	K5III
2319	116820		μ		Scl	89.445	K0III
2320	117730			82	Peg	56.022	A4Vn
2321	10366				And	64.977	G8III:var
2322	10819			62	And	75.358	A1V
2323	27243				Pic	143.885	K0/K1II
2324	37701				Lyn	226.757	A0IIIn
2325	43671				Vel	77.280	Am
2326	45544				Vel	105.820	K2III
2327	55016			73	Leo	118.483	K3III
2328	56997			61	UMa	9.612	G8Vvar
2329	57562			4	Vir	59.172	A1
2330	59654				Cen	175.131	K3III
2331	64577			55	Vir	38.971	G8III/IV
2332	80945				Sco	833.333	B1Ia
2333	85667				Oph	16.343	G8IV-V
2334	94150				Pav	37.383	G8/K0III/IV
2335	104974			29	Cap	187.617	M2III
2336	110649				Tuc	20.563	F9V
2337	5518			31	Cas	84.890	A0Vnn
2338	14168		ρ²	9	Eri	81.169	K0II-III
2339	15770				Per	166.113	B5V
2340	18957			40	Tau	196.464	B3V
2341	21515				Tau	261.097	B7V
2342	26126			38	Ori	84.602	A2V
2343	38146				Pup	86.281	G2
2344	41260				Pup	143.472	K4/K5III
2345	52911			53	Leo	116.686	A2V
2346	57111			3	Dra	184.502	K3III
2347	60449				Cen	136.240	B8/B9V
2348	65479				Cen	39.200	F2III
2349	72489		μ	7	Lib	72.939	Ap
2350	73049				Cen	77.821	A0V
2351	74649			3	Ser	114.416	K0III
2352	80208				Nor	141.844	B6IV
2353	84177			37	Oph	334.448	M2III
2354	97749				Sgr	92.421	A0p
2355	98624		μ²		Pav	72.464	K2IVCN...
2356	99461				Sgr	6.015	K2V
2357	103882		ζ		Mic	35.373	F3V
2358	112781		ξ		Oct	151.057	B6IV
2359	5131		ψ¹	74	Psc	84.317	A1Vn
2360	20161				Hor	77.280	K2III
2361	22730			5	Ori	181.159	M1III
2362	22834				Ori	147.710	K1III
2363	23879			14	Ori	64.641	Am
2364	39734				Pup	473.934	A3Ib/II
2365	40817		κ¹		Vol	133.333	B9III/IV
2366	41616				Vel	653.595	B2IV
2367	41822		θ	31	Cnc	127.227	K5III
2368	41909		η	33	Cnc	91.491	K3III
2369	52678				Car	145.985	B7:V
2370	64823				Vir	99.502	K3III
2371	90074				Sgr	170.649	B7Ib/II
2372	93124				Aql	473.934	F8Ib
2373	97421		ν		Tel	49.554	A9Vn
2374	98438			13	Sge	312.500	M4IIIa
2375	109786			41	Aqr	71.582	K1III
2376	116264			71	Peg	159.490	M5IIIa
2377	9440		π		For	90.253	G8III
2378	13490			20	Per	70.671	F4Vvar
2379	17563			29	Tau	163.666	B3V
2380	20186			56	Tau	100.000	A0p Si
2381	24817			21	Ori	61.958	F5IIvar
2382	25980				Ori	478.469	B1IV
2383	26001				Dor	71.023	G8/K0III
2384	29704			72	Ori	160.256	B7V
2385	30247			45	Aur	59.207	F5III...
2386	31789		ψ³	52	Aur	420.168	B8III
2387	32489			13	Lyn	64.683	K0III
2388	33048			14	Lyn	149.254	G4III...
2389	36896				Gem	114.155	K0III
2390	40215				UMa	230.415	G8II
2391	43414				Vol	51.921	F5IV
2392	46107		ι		Cha	58.139	F3/F5IV
2393	50888				Ant	41.459	A8V
2394	58884				Mus	106.496	A0V
2395	59184				Cen	183.823	A1V
2396	63117				Cru	0.000	O9Ib
2397	70469				Lib	140.647	K0III
2398	76866		χ	20	Ser	67.385	A0p Sr
2399	82587			53	Her	29.189	F0V
2400	96288				Cyg	176.678	A2V
2401	103127				Mic	122.699	K2III
2402	107788			13	Peg	33.422	F2III-IV
2403	109654				Peg	79.114	K2III
2404	110000			42	Aqr	179.856	K1III
2405	113327				Lac	251.889	B4IIIpe
2406	3951				Cas	196.078	A4V comp SB
2407	4371		φ³	22	Cet	168.919	K4III
2408	6706		ρ	93	Psc	25.214	F2V:var
2409	22157				Ori	72.150	Am...
2410	28946			40	Aur	104.493	A4m
2411	29246			37	Cam	116.822	G8III
2412	35957				CMa	202.429	K1III
2413	36439			22	Lyn	20.239	F6V
2414	42604			34	Lyn	55.279	G0IV
2415	46811				Vel	129.870	G8III
2416	66936			84	Vir	73.099	K1III
2417	75119			6	Ser	73.368	K3III
2418	77907			2	Her	200.401	M3III
2419	79050				Sco	146.843	M2III
2420	80782				Nor	558.659	B1.5Iap
2421	82802			54	Her	120.048	K4III
2422	86182			82	Her	108.342	K1III
2423	92953				CrA	90.580	G6III-IV
2424	94385			20	Aql	300.300	B3V
2425	110273		ρ	46	Aqr	270.270	B8IIIMNp...
2426	115355			64	Peg	254.453	B6III
2427	116709			18	And	129.199	B9V
2428	3138			55	Psc	127.065	F3V...
2429	3632			57	Psc	238.095	M4III
2430	5268		ι		Tuc	93.284	G5III
2431	11258		λ		Hor	49.383	F2III
2432	11791			75	Cet	81.433	G3III:
2433	18993				Tau	35.398	F6IV
2434	21730			2	Cam	44.464	A8V
2435	26063				Ori	450.450	B1V
2436	27658			55	Ori	321.543	B2IV-V
2437	29490			36	Cam	219.298	K2II-III
2438	29996				Mon	144.092	K1III
2439	34987				CMi	227.273	K0III
2440	35083				CMa	192.678	B2V
2441	37853				Pup	15.209	G0V
2442	38846				Pup	480.769	B2.5V
2443	40107				Hya	89.127	G8III
2444	45410		π²	82	Cnc	186.220	K1III
2445	47723		ψ	16	Leo	187.266	M2III
2446	52405				Car	0.000	B2.5Ia
2447	52638			42	LMi	117.233	A1Vn
2448	58510			7	Vir	93.633	A1V
2449	65301			63	Vir	93.809	K0III
2450	72131				Cir	48.450	A7Vn
2451	75439		υ		Lup	124.688	Ap...
2452	76628			41	Lib	95.420	G8III/IV
2453	84821				Her	136.986	A3III
2454	89605				Tel	233.100	B3IIIpe
2455	92989				CrA	131.926	B3V
2456	102599				Dra	122.249	K1III
2457	110109				Gru	13.786	G1V
2458	116889			103	Aqr	232.019	K4/K5III
2459	8230				Cet	168.919	K4III
2460	23482		η¹		Pic	26.076	F2V
2461	26248			121	Tau	169.492	B2.5IV
2462	28949				Mon	324.675	B5IV
2463	29730			40	Cam	150.830	K3III
2464	30565		π²		Dor	82.781	G8III
2465	35848				CMa	189.036	K4III
2466	35987			1	CMi	96.993	A5IV
2467	39117				Cam	269.542	K3III
2468	49081			20	LMi	15.047	G1V
2469	54746				Cen	50.403	A2III
2470	60978			74	UMa	83.752	A5e...
2471	63432			9	Dra	191.571	K2III
2472	73223				Aps	114.811	K4III
2473	79804				Dra	226.757	M4IIIa
2474	80337				Sco	12.778	G3/G5V
2475	88380			7	Sgr	331.126	F2/F3II/III
2476	90763				Sgr	88.889	A5V
2477	92111			28	Sgr	209.644	K5III
2478	92112			50	Dra	85.837	A1Vn
2479	109404				PsA	63.371	A5IV
2480	109592				Cep	112.108	K1III
2481	110298			30	Peg	390.625	B5IV
2482	113957		κ		Gru	111.607	K5III
2483	1645			41	Psc	125.000	K3III
2484	1960			12	Cas	215.054	B9III
2485	2568			52	Psc	80.000	K0III
2486	3330		ρ		Tuc	41.034	F6V
2487	12086			15	Tri	193.798	M3III
2488	18859				Eri	18.832	F5V
2489	20264				Eri	145.773	A0V
2490	20430		χ	59	Tau	89.286	B9V
2491	21670				Tau	49.164	A5m
2492	24799				Aur	126.743	A0p...
2493	35589				Car	147.275	B9V
2494	38722			85	Gem	114.811	A0Vs
2495	45571				Car	32.637	F4V
2496	46404				Hya	30.414	G2V
2497	60379				Cru	110.865	B9V
2498	60781				Cru	135.870	M4/M5III
2499	62572				Cam	178.891	A1IIIsh
2500	66849				Cen	239.808	B9IV
2501	70931				Lup	62.344	A1V
2502	73095				Lup	61.501	A2III
2503	75178			50	Boo	80.321	B9Vn
2504	77858				Sco	128.866	B5V
2505	84862			72	Her	14.327	G0V
2506	90642			60	Ser	70.422	K0III
2507	91013				Dra	195.695	K0III
2508	91217				Oph	38.521	F5III
2509	92202				Sct	0.000	K0Ibpvar
2510	94712				Tel	167.224	K3III
2511	97650			51	Aql	27.871	F0V
2512	99031			27	Cyg	23.946	K0IV
2513	100965			75	Dra	139.665	G9III
2514	103732			60	Cyg	467.290	B1V
2515	105665			33	Cap	73.368	K0III
2516	109521				Lac	56.148	A5V
2517	4890				Phe	73.099	G8III
2518	13202		γ²		For	140.647	A1V
2519	18396				Per	223.714	B6V
2520	19513			44	Tau	62.933	F2IV-V
2521	22044				Ori	45.830	F0V
2522	23221			63	Eri	53.967	G4V
2523	29850			75	Ori	69.109	A2V
2524	32494				Car	252.525	K1II/IIIp+G:
2525	32677				CMa	162.075	B7IV
2526	39538				Cam	99.010	A0p...
2527	46735			8	LMi	147.059	M1III
2528	55650			79	Leo	108.460	G8IIICN...
2529	56391				Cen	118.203	A2IV/V
2530	71500				Lup	418.410	K0III
2531	71618			33	Boo	57.013	A1V
2532	77227			25	Ser	137.931	B8III
2533	78459		ρ	15	CrB	17.235	G2V
2534	79195				Ser	146.843	K4III
2535	82764				Her	82.781	G8III
2536	84979		ι		Aps	404.858	B8/B9Vn...
2537	89851				Ser	159.744	K3III
2538	93299				Dra	205.761	B2.5IV
2539	96302			9	Cyg	171.233	A0V+...
2540	97534				Pav	43.630	A4III
2541	101483		η	3	Del	72.411	A3IVs
2542	105966			35	Vul	58.343	A1V
2543	114389			58	Peg	248.139	B9III
2544	4914			25	Cet	102.249	K0III-IV
2545	12653		ι		Hor	17.167	G3IV
2546	17854				Cam	106.383	A2m
2547	20376				Cam	136.799	M0III
2548	21036			83	Tau	45.208	F0V
2549	25499			115	Tau	168.350	B5V
2550	26536			26	Aur	173.611	A2V + GIII
2551	31579				Aur	0.000	C5II
2552	35795				CMa	406.504	B3V
2553	43721			57	Cnc	141.443	G7III
2554	46454		ω	2	Leo	33.167	F9V
2555	46471	Intercrus			UMa	85.837	K0III-IV
2556	47080			11	LMi	11.369	G8IV-V
2557	54849			69	Leo	161.812	A0V
2558	65728				UMa	71.378	A1Vn
2559	70602			22	Boo	89.127	F0m
2560	76013		κ¹		Aps	380.228	B1npe
2561	80214		ν²	21	CrB	182.149	K5III
2562	80399				Sco	33.091	G0
2563	91989				CrA	400.000	K1/K2III+..
2564	93526			14	Aql	153.139	A1V
2565	93713			51	Dra	111.111	A0Vn
2566	93717			15	Aql	88.731	K1III
2567	98962			66	Dra	52.687	K3III
2568	105143			30	Cap	163.666	B5II/III
2569	0				Her	10.796	K0 V
2570	0				Equ	18.481	F7 V
2571	930		κ²		Scl	243.309	K2III
2572	3544				Cas	98.814	A2Vs
2573	7450			50	Cet	167.504	K1III
2574	32912		ι		Vol	172.712	B7IV
2575	34301				CMa	934.579	B0.5IV
2576	35855				CMa	340.136	B2/B3II/III
2577	36363				Pup	165.017	B3V
2578	37450				Pup	181.818	B3V
2579	61621				Hya	34.329	F0V
2580	67288			87	Vir	207.469	M2III
2581	69989			18	Boo	26.096	F5IV
2582	77060		η	44	Lib	45.746	A6IV
2583	77859				Sco	130.890	B2V
2584	80693				Oph	124.844	K4IIIp
2585	83838				Her	54.259	A5m
2586	85537				Oph	59.630	A8V
2587	89772				Oph	46.795	K2III
2588	90023				Her	199.601	K5III
2589	91235				Lyr	154.560	B8II-IIIp..
2590	96693			14	Cyg	200.000	B9III
2591	97646				Pav	84.962	A0IV
2592	102177			51	Cyg	390.625	B2V
2593	102773		σ		Pav	92.593	K0III
2594	104750				Mic	112.486	K3III
2595	761		κ¹		Scl	77.459	F3V
2596	2240				Phe	115.207	M0III
2597	3721			23	Cas	236.407	B8III
2598	5951			39	Cet	80.580	G5III-IVe
2599	6592				Phe	72.254	K0III
2600	8814			55	And	193.424	K1III
2601	9589			60	Cet	86.133	A5III
2602	11046			70	Cet	80.128	F0Vn
2603	20776				Cep	296.736	G6III:
2604	31299				Col	120.048	K3III
2605	32311			28	Gem	145.985	K4III
2606	36778				Pup	363.636	B2Vne
2607	41817				Pyx	105.820	B9.5IV/V
2608	44818		τ	72	Cnc	83.893	G8III
2609	50333			37	Leo	179.533	M1III
2610	57512				Cen	215.517	K5III
2611	61309				CVn	89.365	K0IIICN...
2612	62223	La Superba			CVn	320.513	C7Iab
2613	70794			106	Vir	191.571	K5III
2614	80390				Sco	129.032	B8V
2615	91494				CrA	196.078	M2III
2616	101800		ι	5	Del	57.937	A2V
2617	105972			7	Cep	246.914	B7V
2618	114273			5	Psc	81.500	G8IV
2619	9326			57	Cet	180.505	M0/M1III
2620	9372				Cet	145.985	M3III
2621	11029				Cet	29.656	F0V
2622	12768			14	Per	301.205	G0Ib
2623	23983			16	Ori	54.705	A2m
2624	25769			17	Cam	288.184	M1III
2625	31121				Mon	214.133	K2III
2626	43082				Vel	0.000	B3Ia
2627	43908		ζ		Oct	49.751	F0III
2628	47956		ν		Cha	56.529	G8III
2629	51585			46	Leo	212.766	M2III
2630	54173				Ant	158.730	A0V
2631	54477				Hya	55.648	A1V
2632	62423	Tianyi		7	Dra	227.273	K5III
2633	74941				Cir	0.000	O7Iab:
2634	76618				Nor	125.313	B9V
2635	78012		λ	12	CrB	41.563	F0IV
2636	78246				Sco	170.358	B5V
2637	79387			16	Sco	77.399	A4V
2638	83962				Oph	41.322	F5IV
2639	87728		ψ²	34	Dra	323.625	F2.5II-III
2640	91237				Oph	33.080	F3V
2641	92614			112	Her	124.378	B9p...
2642	108661		η	12	PsA	250.627	B8/B9V+...
2643	109472			38	Aqr	137.931	B5III
2644	112731				Lac	121.803	K1III
2645	112832				Gru	236.967	K3III
2646	113521			2	Psc	91.659	K1III:
2647	117447			6	Cas	0.000	A3Ia comp
2648	4510			68	Psc	198.807	G6III
2649	13782			4	Eri	47.687	A5IV/V
2650	15547				Cep	81.169	A6V
2651	17776				Tau	118.343	B8V
2652	19483			37	Eri	107.759	G8III
2653	24254				Cam	115.875	B9p Si
2654	24829		ζ		Pic	35.714	F7III-IV
2655	26649				Col	129.366	G6/G8III
2656	29736			73	Ori	357.143	B9II-III
2657	32439				Cam	17.873	F8V
2658	33184				Mon	169.205	A4IV
2659	34724			21	Mon	87.184	F2V
2660	38497				Pup	227.790	K1IIICN...
2661	43851			60	Cnc	213.220	K5III
2662	43932		σ²	59	Cnc	59.559	A7IV
2663	47204				Vel	71.531	A2/A3V
2664	52737				Hya	63.131	A3V
2665	58379				Cru	233.645	B8III
2666	64094		θ		Mus	0.000	WC6 + O9.5I
2667	76397				Lup	166.945	M0III
2668	78893				Dra	77.821	A0Vn
2669	79963		λ		Nor	106.952	A3Vn
2670	87847				Oph	122.699	G9III
2671	90414				Tel	152.672	K0/K1III+..
2672	99631			66	Aql	216.920	K5III
2673	101243		ω²	46	Cyg	122.399	M2III
2674	113996			83	Aqr	64.226	F2V
2675	115152			11	And	87.719	K0III
2676	2942				And	259.740	G5III
2677	3083				Cas	641.026	K5III
2678	4293		λ²		Tuc	68.027	G7III
2679	12332		ν	32	Ari	103.306	A7V
2680	14376			52	Ari	165.289	B7Vn
2681	17489	Celaeno		16	Tau	115.607	B7IV
2682	18975				Tau	34.855	F2V
2683	19398				Eri	200.000	B5IV
2684	19805				Ret	80.580	K0III
2685	21735			93	Tau	127.714	B8IV
2686	25993				Col	52.826	K2/K3III
2687	33384		θ		Men	107.991	B9.5V
2688	33478				CMa	37.936	F3V
2689	36616				Gem	96.899	K2III
2690	41323				Pup	220.264	B3V
2691	42286				Car	103.627	K0III
2692	42459				Vel	136.426	B5V
2693	44405		ν	69	Cnc	120.337	A0III
2694	46594				Vel	132.626	B8V
2695	53273				Leo	95.877	G8III
2696	59394			3	Crv	58.824	A1V
2697	60855				Cen	133.869	B8/B9V
2698	63031		ι		Oct	107.875	K0III
2699	73624				Lup	118.906	B3V
2700	74305				Lup	662.252	G2Ib/II
2701	77902				Ser	156.494	M0III
2702	79754				Nor	237.530	M2IV
2703	89507				CrA	92.081	G8/K0III
2704	95503		χ³	49	Sgr	153.139	K3III
2705	96556			42	Aql	32.154	F3IV
2706	104382	Polaris Australis	σ		Oct	86.133	F0III
2707	108294				Gru	102.987	A3V
2708	109789		λ	16	PsA	153.610	B7V
2709	111056		ρ²	29	Cep	75.132	A3V
2710	113357	Helvetios		51	Peg	15.608	G5V
2711	4288			36	And	37.980	K1IV
2712	19009			36	Tau	347.222	G0III...
2713	20156				Per	74.460	A7V
2714	21685				Eri	60.132	K0III
2715	24902				Aur	84.962	A3V
2716	25768				Pic	44.131	G3IV
2717	25861			33	Ori	348.432	B1.5V
2718	27196		ο	27	Aur	126.743	A0p...
2719	27566		κ		Men	87.413	B9.5V
2720	28943				Lep	141.044	A2V
2721	34624				CMa	216.450	G8III
2722	34912				Lyn	221.730	M3III
2723	35180				CMa	82.508	A1V
2724	42637		η		Cha	94.967	B9IV
2725	46358				Car	61.881	K2III
2726	46741				Car	242.131	K4III
2727	52595		δ¹		Cha	106.838	K0III
2728	56290				UMa	27.988	F6V
2729	56700				Cen	108.342	K2III
2730	62131				Hya	126.422	K3III
2731	63066				Cen	202.840	M0III
2732	66634			82	UMa	53.591	A3Vn
2733	67304				Cen	152.672	K2III
2734	68940			95	Vir	58.038	F2IV
2735	75572				Boo	157.978	K4III
2736	75647				Lup	131.234	B5V
2737	79488			9	Her	121.803	K5III
2738	81305				Sco	416.667	O9Ia
2739	82676				Sco	793.651	B0.5Ia
2740	92308		η¹		CrA	103.093	A2Vn
2741	92831				Lyr	81.967	G8III
2742	94827			2	Vul	373.134	B0.5IV
2743	95073			27	Aql	134.228	B9III
2744	95865				Sgr	71.736	K1/K2III
2745	96536				Sgr	30.562	F7V
2746	98194				Cyg	340.136	B5V
2747	106787			5	Peg	98.425	F1IV
2748	4104				Cet	171.233	K1III
2749	13965				Per	156.494	G4p
2750	16470				Per	185.529	B8IIIp Mn
2751	20982				Cep	94.251	G8III
2752	21039			81	Tau	44.924	Am
2753	22626				Cam	152.905	M2III
2754	22871		η		Men	204.918	K6III
2755	25695			118	Tau	130.378	B9Vn
2756	27338			130	Tau	546.448	F0III
2757	34440			45	Gem	98.912	G8III
2758	38639			26	Lyn	257.732	K4III
2759	42080			2	UMa	46.751	A2m
2760	43325				Vel	387.597	A2/A3IV
2761	44961			20	Hya	147.710	G8II
2762	52004				Car	0.000	A0Ia
2763	53781				UMa	253.165	K5III
2764	60044				Dra	97.847	A1V
2765	60941			18	Com	61.614	F5III
2766	61071			21	Com	82.713	A2pvar
2767	65112				Cen	125.313	B6V
2768	68581				Hya	134.771	K2/K3III
2769	72582				Boo	64.350	K0III-IV
2770	78400			49	Lib	35.211	F7V
2771	84720				Ara	8.802	M0V
2772	87747			89	Her	0.000	F2Iavar
2773	89042		ι		Pav	17.612	G0V
2774	89290				CrA	357.143	B2.5III
2775	90133		φ		Oct	59.488	A0V
2776	90913				Sct	884.956	K3Iab
2777	90923				Lyr	109.649	B8IV
2778	102014				Mic	72.622	K1III
2779	103145				Cyg	184.162	K5III
2780	106044				Pav	126.263	M5III
2781	110725				Cep	153.610	K2III
2782	110936		ν		Gru	87.413	G8III
2783	11249		ξ	24	Ari	267.380	B7IV
2784	13265		η³		For	140.845	K2III
2785	18141			30	Eri	179.533	B8+...
2786	24679				Lep	49.020	G8IV
2787	30214				CMa	337.838	B1Vpe SB
2788	38048			5	Pup	28.596	F5+...
2789	38593				Pup	207.900	B2V
2790	42712				Vel	0.000	B1.5Vn
2791	44613				UMa	97.087	F6II-III
2792	56802		ι	24	Crt	26.731	F7V
2793	61318			21	Vir	79.239	A0V
2794	72664				Dra	138.889	K4III
2795	73133		ξ²	15	Lib	168.350	K4III
2796	76957				Boo	91.575	B9p...
2797	79280			19	UMi	189.394	B8V
2798	80008				Her	26.378	F3IV-V
2799	82135				Sco	88.261	K0III
2800	82402			47	Her	54.407	A3m
2801	82960			27	Sco	290.698	K5III
2802	102497				Mic	99.502	B8/B9V
2803	103094				Cyg	308.642	K0II
2804	105668			18	Aqr	47.103	F0V
2805	105767			21	Aqr	119.048	K4III
2806	3607				Cet	93.284	G8/K0III
2807	7213				Scl	84.388	K1/K2III
2808	8240				Phe	194.553	M3III
2809	14417				Cep	211.864	F7IV comp SB
2810	15338			30	Per	224.215	B8V...
2811	18434				Per	265.957	B1.5V
2812	22263			58	Eri	13.277	G3V
2813	27517				Lep	82.034	G8III
2814	29150				Lep	75.529	A0V
2815	37901				Mon	82.102	K5III
2816	42715				Vel	153.139	B8...
2817	45526			24	Hya	207.469	B9III
2818	46578				Ant	242.131	K2IIICNII
2819	50303			23	LMi	79.936	A0Vn
2820	52689			52	Leo	88.106	G4III:
2821	61136				Cru	429.185	F5III
2822	61724			26	Com	83.822	G9III
2823	79672			18	Sco	13.900	G1V
2824	88836				Her	63.613	K2III
2825	89369			14	Sgr	138.889	K2III
2826	91004			24	Sgr	632.911	K3III
2827	93667				Sgr	147.059	A0V
2828	97063				Sgr	48.924	F5V
2829	103401			7	Aqr	167.504	K5III
2830	110078		ψ		Oct	38.491	F3III
2831	116611			75	Peg	71.378	A1Vn
2832	117375			20	Psc	97.087	G8III
2833	1647		π		Tuc	97.561	B9V
2834	4852		σ		Scl	71.225	A1/A2IV
2835	4889		σ	69	Psc	132.979	B9.5V
2836	6732			94	Psc	85.543	K1III
2837	9570		ε	3	Tri	120.048	A2V
2838	15643				Eri	112.486	G8III
2839	15861			64	Ari	63.776	K4III
2840	20171			53	Tau	82.781	B9IV
2841	22958			62	Eri	227.273	B6V
2842	23900			103	Tau	458.716	B2V...
2843	24450				Ori	149.031	K4III
2844	25950				Tau	917.431	B7III
2845	29064		π²		Col	74.460	A0V
2846	34000				Car	151.286	B9IV
2847	35564				Car	31.716	F2
2848	49005				UMa	153.374	K5III
2849	51821				Ant	268.096	C
2850	52686			51	Leo	57.208	K3III
2851	56497				Cen	58.824	K1III/IV
2852	66435				UMi	126.103	K2III
2853	67172			86	Vir	124.688	G8III
2854	76106				Lib	70.077	A2IV
2855	76133			11	Ser	85.911	K0III
2856	79199				Sco	125.000	B8V
2857	81141				Aps	248.139	K1IIICN...
2858	81252		θ		TrA	104.932	G8/K0III
2859	89065				Oph	123.609	K2III
2860	97077			10	Vul	101.729	G8III
2861	100435			25	Vul	305.810	B8IIIn
2862	105913				Mic	56.433	Am
2863	108543				Gru	132.626	K1II/III
2864	115836		τ		Oct	149.031	K2III
2865	2802		λ²		Phe	34.819	F6V
2866	3675			58	Psc	86.806	G8II
2867	5346			80	Psc	35.211	F0III-IV
2868	6748			47	Cet	37.467	F0V
2869	10642			67	Cet	102.041	G8III
2870	14131		θ		Hyi	157.729	B8III/IV
2871	15201		ι		Hyi	29.709	F4III
2872	19388		ω¹	43	Tau	87.032	K2III
2873	20860				Cep	232.019	B5V
2874	23043				Tau	146.199	K1III
2875	29941				CMa	243.902	B2/B3V
2876	41451				Vol	85.690	A0V
2877	47267				Vel	145.560	G8II
2878	52221				Car	160.514	B9p Si
2879	52422			40	LMi	48.379	A4Vn
2880	54029				Crt	103.842	G7III...
2881	59232				Cen	487.805	B3IV
2882	67250				CVn	97.182	K0III+...
2883	70915				Lup	146.199	B8Vn
2884	73193				Vir	89.365	K1III
2885	75049		ο	1	CrB	82.781	K0III
2886	82480			21	Oph	116.144	A2Vs
2887	84835			74	Her	170.940	M0III
2888	87308				Her	77.760	K1III
2889	92549				Dra	25.667	G9IVa
2890	92630				Tel	317.460	M0III
2891	93225				Sgr	146.199	B4V
2892	93340			49	Dra	150.830	G5IIbCN...
2893	94437				Sgr	166.113	K3III
2894	97260				Sgr	217.865	B8III
2895	98325				Cyg	142.653	B9Vn
2896	98823		τ	63	Aql	141.643	K0III
2897	99404			18	Vul	129.870	A3III
2898	99518			19	Vul	432.900	K3II-III
2899	103527	Musica		18	Del	75.301	G6III:
2900	105259				Cep	591.716	B3Vv comp
2901	107235				Cyg	196.850	M2III
2902	111062			37	Peg	51.867	F5IVs
2903	113532				PsA	95.785	F0V
2904	7978				Eri	17.434	F8V
2905	13327		σ	43	Ari	151.515	B7V
2906	17738		ρ		For	82.440	G6III
2907	19335			50	Per	20.995	F7V
2908	22854			5	Cam	190.114	B9.5V
2909	24555			18	Ori	135.870	A0V
2910	25555			116	Tau	130.039	B9.5Vn
2911	28098		σ		Col	510.204	F2III
2912	31583				Mon	230.947	B8V
2913	39360				Pup	147.059	Ap Si
2914	39566				Car	117.647	K3/K4III
2915	40282				Vel	221.239	M1III
2916	41152				Lyn	50.429	A3V
2917	41395				Pup	84.317	K1/K2III
2918	50456				Ant	813.008	B9.5Ib/II
2919	50935			28	LMi	130.039	K1III
2920	51384				Cam	40.634	F0IV
2921	54336			65	Leo	63.211	G9IIICN...
2922	60170				Com	49.358	K2III-IV
2923	66091			75	Vir	157.729	K1III
2924	73497				Lib	227.790	M0III
2925	73634				Boo	85.837	G8III:
2926	74732				Lib	144.718	K2III
2927	85385				Her	178.891	B5V
2928	88816				Sgr	77.101	K0III
2929	90124				Sgr	87.874	K0III
2930	94789				Pav	91.575	A4IV/V
2931	102916				Mic	180.180	K3III
2932	107835		ο		Ind	166.667	M0III
2933	107975			15	Peg	27.450	F6IVwvar
2934	109474				Cep	33.591	F2V
2935	110817			26	Cep	0.000	B0.5Ib
2936	112381				Gru	241.546	K3III
2937	107				Phe	166.389	M2III
2938	8704			1	Per	396.825	B1.5V
2939	12107			80	Cet	142.653	M0III
2940	15330		ζ¹		Ret	12.008	G2V
2941	17167			22	Eri	152.207	B9IIIp Si
2942	20789			72	Tau	115.875	B7V
2943	20884				Tau	117.371	B3V
2944	21949		μ		Men	150.602	B9IV
2945	22028				Eri	93.809	A1V
2946	25853			10	Lep	83.264	A0V
2947	26382			122	Tau	48.591	F0V
2948	30651				Lyn	74.963	A3m
2949	40035			18	Pup	22.381	F7V
2950	49065		μ¹		Cha	115.075	A0IV
2951	58159			95	Leo	151.745	A3V
2952	63950			40	Com	225.734	M5III
2953	67819				Cen	52.274	F3V
2954	69462				Cen	653.595	K5III+...
2955	69536			14	Boo	33.921	F6IV
2956	69658				Vir	75.643	A0V
2957	76126		ζ⁴	35	Lib	201.207	B3V
2958	77464				Lib	54.025	A5IV
2959	78436			50	Lib	150.150	A0Vs
2960	79980				Sco	48.263	F5IV
2961	80460			25	Her	74.460	A5V
2962	81290			16	Dra	130.890	B9.5Vn
2963	83057				Ara	159.236	B9IV
2964	84551				Sco	48.379	F6V
2965	86698				Sco	211.417	K5III
2966	89020				Sgr	137.741	K1III + (F)
2967	93843				Lyr	39.968	F0III
2968	94982			28	Aql	103.413	F0III
2969	102066			49	Cyg	244.499	G8IIb
2970	103981			12	Aqr	153.846	G4
2971	106227				Cep	462.963	B1II
2972	107586			12	Cep	140.449	M1III
2973	109745				Lac	77.160	A0III
2974	110529			49	Aqr	80.321	K0IIICN...
2975	113148			77	Aqr	41.186	K1III
2976	113969				Ind	53.447	F4III
2977	115713		ο		Gru	30.769	F4V
2978	813			34	Psc	93.633	B9V
2979	7535		π	102	Psc	35.088	F0V
2980	25143				Aur	89.686	A3V
2981	27581			135	Tau	97.087	G9III:
2982	28524				Col	188.324	K5III
2983	29263				Col	261.097	M2II/III
2984	29842				Col	91.575	K2III
2985	32609				Lyn	44.267	F5V:+...
2986	35136				Lyn	16.892	G0V
2987	36039		ε		Men	143.061	K2/K3III
2988	45219				Car	145.138	G6II
2989	56146			86	Leo	96.525	K0III
2990	57013				Cen	65.488	A0V
2991	58576				Vir	12.763	K0IV
2992	60212			70	UMa	194.932	K5III
2993	75127				Lib	92.678	K1III
2994	77390				TrA	111.982	A5
2995	78132		φ		Ser	73.965	K1IV
2996	84183				Dra	43.048	F0IV
2997	86019				Ser	123.305	B8Vn
2998	86623				Her	34.855	F4Vw
2999	97765				Vul	518.135	A1Iab
3000	98234			11	Sge	139.665	B9III
3001	103298			16	Del	60.496	A4V
3002	103598				Cep	188.679	K4III
3003	108339			17	Peg	122.850	A2Vnn
3004	115054		φ		Gru	35.411	F5V
3005	476			86	Peg	114.286	G5III
3006	2661				Scl	165.017	K1III
3007	3885			65	Psc	88.574	F5III+...
3008	5132		ψ¹	74	Psc	85.911	A0Vn
3009	7617				Cas	534.759	G5II
3010	11432			11	Tri	85.251	K1III:
3011	14915				Cet	230.947	K1IIIpe+...
3012	15696			62	Ari	271.003	G5III
3013	17103			12	Tau	114.025	G6III:
3014	17203				Per	251.889	B7Vn
3015	20234				Per	332.226	B1.5IV
3016	24738				Aur	172.712	M4III
3017	27955				Col	155.280	M0III
3018	30143				Col	595.238	B3V
3019	30720				Mon	212.314	K5III
3020	30728				Mon	94.429	G9III
3021	34267				Gem	92.678	G8IV
3022	36258				Pup	282.486	B9Vsp...
3023	37521				Gem	396.825	M3Sv
3024	40793				Cam	85.984	G8III
3025	43496			15	Hya	136.799	A4m
3026	52136				UMa	139.082	K3III
3027	55657				Mus	304.878	B2IV-V
3028	62608				Mus	143.267	G8Ib/II
3029	67057			83	Vir	252.525	G1IV/V
3030	70054				Lup	113.122	G8III
3031	71419				Lup	214.592	K3III
3032	71837			32	Boo	123.609	G8III
3033	80480				UMi	42.882	F0V
3034	81754				Oph	42.052	F3V
3035	82171				Ara	826.446	B0Iab
3036	84949				Her	73.965	F9Vn...
3037	96014				Cyg	141.643	K1III
3038	103005			5	Aqr	199.203	B9III
3039	103519				Cyg	79.302	G8III
3040	104177		η		Mic	218.341	K3III
3041	108772			14	Cep	934.579	O9V
3042	108868			30	Aqr	93.110	K0III
3043	110778			53	Aqr	20.202	G3V
3044	113669				PsA	163.934	K3III
3045	114831				Cep	116.279	F0IV
3046	116354			15	And	80.321	A1III
3047	117299				Cas	492.611	K3II
3048	4440				Cas	165.017	B8V
3049	5310		ψ²	79	Psc	47.304	A3V
3050	5566				Cas	124.070	B9.5V
3051	13951			5	Eri	111.111	B9.5V
3052	16780				Eri	115.875	G7III:
3053	17506			25	Eri	120.919	K4III
3054	21743				Eri	107.411	G6/G8III
3055	25608				Col	87.796	A0V
3056	29205				Lep	63.816	K2III
3057	30321		π¹		Dor	189.753	K5III
3058	34065				Pup	16.515	G3V...
3059	41400			27	Cnc	276.243	M3III
3060	42535				Vel	147.275	B7Vn
3061	44299				Vel	131.579	B5V
3062	45189				Vel	212.314	B8V
3063	45924				Vel	176.056	M3Ib
3064	46982			33	Hya	173.611	K1III
3065	47717				Vel	105.153	A0V
3066	48310				Car	334.448	K1IIICN...
3067	56770			59	UMa	46.490	F2II-III
3068	57870				Cen	102.881	B4III
3069	60735				Hya	155.521	B9V
3070	66753		κ		Oct	83.752	A2m...
3071	70492				Cir	621.118	A3Ib
3072	75257				Boo	595.238	K4III
3073	83692				Her	104.822	K4III
3074	86667			83	Her	124.378	K4III
3075	89482				Lyr	181.488	B7IV
3076	92882				Sgr	31.716	F5/F6IV/V
3077	93051			64	Ser	348.432	B9IIIp...
3078	93996				Sgr	396.825	B2V
3079	97961				Vul	144.300	A0III
3080	110935				Ind	43.122	A3V
3081	114822				Aqr	71.225	A3V
3082	115142			96	Aqr	34.165	F3IV
3083	115395				Cas	526.316	K3II
3084	115591			67	Peg	145.138	B9III
3085	115746				Cep	102.145	A7IV
3086	531			10	Cas	265.957	B9III
3087	729			87	Peg	87.413	G9III
3088	2711				Phe	25.484	F3IV-V
3089	2941				Cet	15.401	K1V+...
3090	3741				Cet	105.153	B9V
3091	5454		ψ³	81	Psc	115.473	G0III
3092	5589			32	Cas	119.048	B9IV
3093	7965			43	Cas	119.189	A0p SiSr
3094	9313				Phe	89.928	K1III
3095	10418		π¹		Hyi	238.095	M1III
3096	10535			21	Ari	51.072	F6V
3097	10944			63	And	120.337	B9p Si
3098	16263				Eri	128.205	A5III/IV
3099	22393				Aur	65.833	K2III
3100	31277				Gem	77.042	K2III:
3101	38152				Car	334.448	G5II
3102	43903			6	UMa	94.073	G6III
3103	47168				Leo	175.439	M2III
3104	51376		δ		Ant	133.156	B9/B9.5V
3105	51685			34	LMi	209.644	A2Vn
3106	53064			42	UMa	83.542	K2III
3107	61968			31	Vir	71.531	A2V
3108	64122				Vir	97.087	K3III
3109	66640				Boo	59.988	F0V
3110	70243				Cen	420.168	B8V
3111	76996		ρ		Oct	66.138	A2V
3112	77048		π	9	CrB	74.627	G9III:
3113	77163				Ser	113.379	A1V
3114	79153		ι²		Nor	85.837	B9V
3115	81702				Ara	0.000	O5
3116	82925			24	Oph	93.110	A0V
3117	85749				Oph	111.607	G8III
3118	89008				Her	120.773	G8III
3119	95564			50	Sgr	132.275	K1/K2III
3120	95822				Aql	91.743	K0III
3121	102633			13	Del	131.406	A0V
3122	106429				Gru	200.401	K0III
3123	107517		λ	48	Cap	86.356	A1V
3124	107649				Gru	15.995	G2V
3125	108845				Cyg	151.057	A0IV
3126	114622				Cas	6.546	K3Vvar
3127	118077				Cas	70.972	G8Ib
3128	124				Cas	943.396	F0III
3129	1921				Cas	306.748	B5IV
3130	5164			28	Cet	180.832	A1V
3131	7679				Cet	77.280	F0V
3132	10732		θ	22	Ari	137.174	A1Vn
3133	13702		ρ³	46	Ari	35.348	F6V
3134	16210				Per	160.772	B6Vn
3135	20219			57	Tau	45.704	F3V...
3136	20995			80	Tau	45.830	F0V...
3137	22531		ι		Pic	41.563	F0IV...
3138	31079				Car	36.914	F8V
3139	35044				CMa	83.333	K3III
3140	37204			70	Gem	114.025	K0III
3141	37441				Lyn	96.339	K0III
3142	40944				Pup	173.913	A3V
3143	41377		φ¹	22	Cnc	114.416	K5III
3144	47963				Vel	305.810	B2.5IV
3145	51140				Vel	621.118	K3II/III
3146	51364				Hya	110.132	K3III
3147	54327				Car	252.525	B2V
3148	55765			81	Leo	43.917	F2V
3149	58110			6	Vir	52.576	K0III:
3150	61296				Crv	49.358	G8III/IV
3151	63738				Vir	28.209	F7V
3152	70791			24	Boo	100.000	G3IV
3153	87569				Sco	252.525	K3III
3154	89487				Pav	90.334	K0III/IV
3155	90260			18	Sgr	196.078	K0III
3156	92728		δ¹	11	Lyr	303.951	B2.5V
3157	92872				Aql	88.261	G9III
3158	94624				Aql	212.314	G8II-III
3159	100108			36	Cyg	62.500	A2V
3160	100437				Cyg	124.224	K0IIIvar
3161	105411				Peg	82.919	K1III
3162	109352		π¹	27	Peg	88.496	G6III:
3163	109737				PsA	77.399	F7II
3164	114924				Cas	20.504	F7V
3165	115271			63	Peg	128.700	M0III
3166	377				Tuc	175.439	B8III
3167	2497				Cas	116.822	K2III
3168	3849				Cet	85.106	K3III
3169	4283				Cep	87.719	A4V
3170	4770		ξ		Scl	157.480	K1III
3171	9573			53	Cas	537.634	B8Ib
3172	13665				Cas	26.709	F4V
3173	17395				Eri	42.427	A5m
3174	19095				Eri	45.045	F0IV/V
3175	21479				Dor	54.615	M8e
3176	31457				Col	156.250	A0V
3177	33575				CMa	264.550	B2V
3178	35615				CMa	184.843	G8/K0III
3179	36723		δ²	8	CMi	41.754	F2V
3180	38908				Car	16.205	G2V...
3181	40678				Pup	126.263	K2III
3182	43499				Car	226.244	B8III
3183	45001		ε		Pyx	64.977	A4IV
3184	49569				Hya	117.233	K4III
3185	50241				Vel	155.521	K4III
3186	51491				Hya	160.256	B8/B9IV/V
3187	58326				Cru	187.266	B3V
3188	58427				Cru	0.000	A3Ib
3189	58654				UMa	102.775	K0III
3190	63972				Cen	105.597	K0II/III
3191	72833				Aps	101.010	G5III
3192	73841			47	Boo	84.104	A1V
3193	74950				Lup	167.785	B9V
3194	78106		ξ²		Lup	46.062	B9V
3195	94727			22	Aql	164.474	A3IV
3196	94986				Sgr	276.243	B4III
3197	95077				Sgr	55.371	A6:m...
3198	96178				Tel	121.654	A0p
3199	100261				Dra	205.339	M5III
3200	101716			27	Vul	97.371	B9V
3201	102253			4	Cep	42.790	A8V
3202	103530				Cyg	331.126	B5Vn
3203	105769				Cyg	33.467	F0V
3204	117683			22	Psc	229.358	K4II
3205	118277				Scl	226.244	K5III
3206	5626				Cep	82.850	A3V
3207	6514			47	And	63.857	A1m
3208	10723				Cet	24.355	G0.5IV
3209	17460				Per	90.580	A2m
3210	24169				Lep	149.031	M6.2III
3211	25329				Ori	133.869	K5III
3212	26093			35	Ori	136.799	B3V
3213	26215				Ori	343.643	B9IIIMNp...
3214	27629				Tau	107.066	G7III:
3215	27743			137	Tau	130.039	B9p...
3216	30342		ν		Pic	48.263	Am
3217	31167				Mon	41.841	F0Vnn+...
3218	32531				Car	184.502	K5III
3219	36186				CMa	92.336	F2V
3220	36388				Mon	684.932	K5III
3221	37623				Pup	191.939	B5V
3222	38253				Mon	367.647	K3III
3223	39177			3	Cnc	243.309	K3III
3224	41375			2	Hya	50.025	A5III-IV
3225	44883			19	Hya	188.324	B9.5III
3226	46221			28	Hya	275.482	K5III
3227	51046				Sex	121.654	M0.5III
3228	59501			5	Com	130.378	K0II-III
3229	65072			23	CVn	156.006	K1III
3230	66198			81	UMa	91.575	A0V
3231	82028				Her	139.082	M3III
3232	84401				Sco	0.000	O9
3233	92382		η²		CrA	147.710	B9IV
3234	95560			5	Vul	72.886	A0V
3235	97757				Cyg	0.000	O9.5Ia
3236	97980			58	Aql	113.895	A0III
3237	100469		κ¹		Sgr	66.138	A0V
3238	102635				Cyg	179.856	K5III
3239	104371				Cyg	115.741	B9V
3240	108691			28	Aqr	219.298	K4III:
3241	110986			36	Peg	182.815	K5III
3242	113281			16	Lac	390.625	B2IV
3243	114254				Scl	82.440	G8III
3244	115620				Tuc	89.047	K0III
3245	115770				Cep	65.359	A6IV
3246	0				Cet	27.034	F5 V
3247	0				Ant	117.786	F8 V
3248	1728				Cet	270.270	M5/M6Ib/II
3249	9622				Cet	166.113	K5Iab:
3250	15154				Ari	159.744	A1Vs
3251	18647				Eri	225.225	K4III
3252	20922				Eri	465.116	B2V:ne
3253	23554				Lep	58.173	A2IV
3254	30436				CMa	310.559	K5III
3255	31897		ζ		Men	126.904	A5III
3256	38200				Pup	232.558	M0III
3257	41211			1	Hya	26.617	F3V
3258	41723				Pyx	323.625	K3III
3259	45920				Vel	81.169	A3IVs...
3260	47570			43	Lyn	106.496	G8III
3261	51008			44	Leo	314.465	M2IIIs
3262	52965				Ant	132.450	A1V
3263	63121	Cor Caroli B	α¹	12	CVn	36.900	F0V
3264	66656				Cen	152.207	K2/K3III
3265	67384				CVn	87.184	K0III
3266	69598				Cen	136.612	G8III
3267	72323			55	Hya	227.790	B9IV/V
3268	77286				Lup	117.924	B8V
3269	78276				CrB	234.192	K5III
3270	79689				Nor	129.702	A5III
3271	80953				Her	69.300	A4Vn
3272	85922				Oph	48.100	A5V
3273	87044				Her	143.061	A1V
3274	89925			108	Her	56.180	A5m
3275	108693			20	Peg	77.220	F4III
3276	112864				Cep	72.727	G2IV+...
3277	4587		φ⁴	23	Cet	98.039	G7III
3278	7345			49	Cet	59.382	A1V
3279	14143			93	Cet	168.634	B7V
3280	15383			95	Cet	67.159	K1IV
3281	16489				Cep	103.093	G3IIp...
3282	18471			32	Tau	42.337	F2IV
3283	19011				Eri	117.924	K1III
3284	26882				Cam	83.612	K5III
3285	27766				Col	98.717	K1III
3286	27938				Lep	203.252	K3 comp
3287	29716				Ori	37.188	F6V
3288	30444				Col	101.523	K1II/III
3289	31362				CMa	161.290	B9V
3290	32385				CMa	581.395	B+...
3291	37751				Pup	793.651	B2II
3292	38375				Pup	93.721	K0III
3293	38656				Car	103.413	K3/K4III
3294	40240			15	Cnc	209.644	B9p SiCr
3295	42795			45	Cnc	284.091	A3V+...
3296	47199				Ant	85.763	K1III
3297	48348				Vel	99.108	K2III
3298	57791				Vir	91.408	K0IV
3299	73111				Lup	169.205	B+...
3300	74689			4	Ser	46.147	A4V
3301	79358				CrB	207.039	K3III SB
3302	81733				Ara	671.141	B1II
3303	87777				Her	133.333	K3III
3304	91139				Her	144.300	G8III
3305	92969				Dra	96.154	G8III
3306	98863				Cyg	0.000	B1.5Ia comp
3307	107773				Ind	103.627	K1III
3308	109081		κ²		Ind	150.602	K4III
3309	110506		π²		Gru	40.000	F3III-IV
3310	114132		υ		Gru	87.336	A0V
3311	7825				And	69.589	A9IV:
3312	7943				Tri	84.246	B9IV-V
3313	8362				Cas	10.068	K0V
3314	15479				For	299.401	M1III
3315	28814			66	Ori	0.000	G4III
3316	34086				Mon	380.228	K3III
3317	36528				Cam	137.552	K2III
3318	40646			29	Lyn	91.827	A7IV
3319	40834		κ²		Vol	128.370	A0p
3320	42438		π¹	3	UMa	14.355	G1.5Vb
3321	42917			49	Cnc	129.702	A1p...
3322	52407				Ant	187.266	A0V
3323	56510				UMa	134.589	K0III
3324	61015				Crv	301.205	M0III
3325	64003				Cen	76.805	A0V
3326	66438				Cen	35.727	F6V
3327	66763			2	Boo	102.987	G9III
3328	72573				UMi	43.290	F9V
3329	73100				Boo	25.107	F7V
3330	77984			4	Sco	125.156	A3V
3331	79007			45	Ser	99.010	A7V
3332	81007			28	Her	118.343	B9.5III
3333	83635				Oph	342.466	B1V
3334	85715				Her	120.919	G8III
3335	90541				CrA	126.103	A2m...
3336	90687				Sgr	90.171	K0III
3337	93498				Sgr	78.989	K2III
3338	93718				Lyr	189.753	M0III
3339	97871				Aql	80.128	A5pvar
3340	100907			40	Cyg	81.433	A3V
3341	104031			3	Equ	235.849	K5III
3342	105576				Cap	237.530	M0III
3343	107575			11	Peg	174.520	A1V
3344	115769				Tuc	96.339	G8III
3345	116355			73	Peg	88.968	K0III:
3346	0	Alrakis	μ	21	Dra	23.256	F7 V
3347	3572			21	Cas	93.023	A2IV
3348	5081			72	Psc	54.585	F4II-III
3349	9621			10	Ari	48.709	F8IV
3350	10212			64	Cet	40.717	G0IV
3351	12153			31	Ari	34.734	F7V
3352	14439				Ari	96.061	K3III
3353	20087			51	Tau	54.054	F0V
3354	20484			63	Tau	49.900	A1m
3355	22545				Aur	97.182	G9III
3356	24914				Cam	628.931	K4Iab:
3357	25280				Lep	68.259	A0V
3358	33804				CMa	312.500	B2/B3III/IV
3359	35181				Pup	230.415	K4III
3360	36732				Pup	83.612	K0III
3361	37590				Pup	96.805	K1III
3362	44356				Hya	150.376	K0III
3363	47701			15	Leo	49.020	A2IV
3364	49865			18	Sex	145.138	K2III
3365	56319				Cen	171.233	M1III
3366	56518				Cen	221.239	M3III
3367	56675		π		Cha	41.511	F1III
3368	63916				CVn	132.626	K1III
3369	64607				Vir	146.628	M0III
3370	73369			40	Boo	51.493	F1III-IV
3371	75730		ζ¹	32	Lib	240.385	K4III
3372	76750		κ²		Aps	239.234	B8IV
3373	81972				Sco	163.666	B3V
3374	83187				Ara	51.813	A3V
3375	90313				Oph	241.546	G8III-IV+..
3376	92768				Lyr	111.359	K4III
3377	96406			51	Sgr	90.253	A1m...
3378	96807			45	Aql	107.991	A3IV
3379	100591		κ²		Sgr	95.511	A3V
3380	104642				Cep	0.000	B0V
3381	105854				Mic	80.841	K2III
3382	111068			38	Peg	110.497	B9.5V
3383	114948				Tuc	20.538	F7V
3384	10305			66	Cet	39.698	F8V
3385	12247			81	Cet	92.507	G5III:
3386	17932				Per	114.679	G2III...
3387	23166				Lep	40.469	F5V
3388	26394		π		Men	18.315	G3IV
3389	28484				Pic	65.189	A1m...
3390	28756				Col	308.642	B2V
3391	33077				CMa	95.511	A9/F0III
3392	36168				CMa	383.142	B1II
3393	39213				CMi	94.429	A1V
3394	47960				Sex	80.580	F4IV
3395	53316				Crt	151.057	K0III + (G)
3396	62325			33	Vir	45.147	K1III-IV
3397	62500				Hya	98.232	G8III
3398	65522				Mus	136.054	Ap
3399	65790			71	Vir	98.232	K0III
3400	73284			59	Hya	113.122	A6IV
3401	73540		π¹		Oct	120.773	G8/K0III
3402	73771		π²		Oct	598.802	G8Ib
3403	75043				Boo	67.659	A4V
3404	75181		ν²		Lup	14.813	G2V
3405	75308				Cir	40.339	F7V
3406	76519				UMi	235.294	M0III
3407	85290				Dra	96.899	A1Vn
3408	85912				Her	37.651	F6V
3409	90647				Dra	125.313	K4III
3410	94620			1	Sge	91.827	A4V
3411	94720				Aql	125.628	B9.5V
3412	98470				Sgr	21.250	F7V
3413	99747				Tel	210.084	K4III
3414	108699			19	Peg	165.838	K5III
3415	115312				Scl	101.317	G5IV
3416	1288				Scl	152.207	K2III
3417	3478				Cas	191.205	B5V...
3418	7568				Oct	116.686	K0III
3419	9990				Per	0.000	A1Ia
3420	17527			18	Tau	125.471	B8V
3421	17584				Per	229.358	B6V
3422	18089			31	Tau	238.663	B5V
3423	21823				Per	90.909	A0V
3424	21958				Cae	196.850	K3III
3425	25001				Aur	88.574	A1Vs
3426	32474				Mon	165.563	B9.5V
3427	36981				Pup	389.105	B2/3V(n)
3428	37023				Lyn	168.634	M0III
3429	39919				Vel	280.899	B8Ib/II
3430	39943				Pup	518.135	B4V
3431	39957				Car	120.773	A3m...
3432	42372				UMa	81.699	G8IV
3433	46511				Hya	364.964	K4/K5III
3434	50520				Car	80.321	A1V
3435	50609				Vel	515.464	K5/M0III
3436	53043			43	UMa	109.529	K2III
3437	59468			4	Com	271.739	K4III
3438	60425			6	Crv	101.523	K1III
3439	67973				Cen	108.225	B8V
3440	80793				Oph	91.324	G5III/IV
3441	84150				Sco	62.933	A0/A1V
3442	85790			78	Her	82.034	A1V
3443	95619				Sgr	69.930	B8/B9V
3444	96496				Sgr	121.803	K0III
3445	101345				Cap	24.402	G3V
3446	102949				Vul	369.004	F5Ib
3447	106856			4	Peg	54.705	A9IV-Vn
3448	107144			26	Aqr	342.466	K2III
3449	111809				PsA	129.870	A0V
3450	113562				PsA	210.526	K0IICNIII
3451	115908				Tuc	118.483	Ap Si
3452	116591				Aqr	81.900	K0III
3453	655				Scl	94.967	K1III
3454	2383				Phe	43.085	F2V
3455	5493			44	And	52.274	F8V
3456	10513		π²		Hyi	149.701	K2III
3457	14521				Hyi	82.850	F2II-III
3458	16509				Hor	95.785	K3III
3459	18805				Tau	175.131	B5V
3460	20049		δ		Men	129.870	K2/K3III+..
3461	21295				Tau	148.588	A2Vs
3462	24109				Aur	48.685	F5V
3463	26064			120	Tau	476.190	B2IV-Ve
3464	26197				Ori	826.446	B1Vvar
3465	28812			63	Ori	401.606	G7III:
3466	30099				Ori	181.818	K3Ib
3467	41191				Cha	75.873	G8III
3468	41242				Pup	173.010	A1III/IV
3469	42564				Vel	295.858	M0III
3470	43584		σ¹	51	Cnc	64.475	A8Vms
3471	47959			18	Leo	156.986	K4III
3472	51802			49	Leo	131.406	A2V
3473	54137				Vel	87.642	A8III/IV
3474	71783				Cen	189.753	Ap Si
3475	74087			46	Boo	158.730	K2III
3476	79399			12	Sco	93.023	B9V
3477	80309				Dra	155.280	G8III
3478	80675				Nor	411.523	B9III
3479	89000				Oph	46.926	F5V
3480	90968		κ¹		CrA	298.507	B9.5
3481	92997			48	Dra	84.674	K1III
3482	96516		ε	4	Sge	147.275	G8IIIvar
3483	98844			62	Aql	127.877	K4III
3484	102962				Pav	76.336	A2
3485	104440				Pav	19.767	G3IV
3486	105703				Vul	68.634	A8III
3487	379				Cep	92.678	K1III
3488	10155			15	Ari	171.233	M3III
3489	16290				Men	98.328	G8III
3490	17309			13	Tau	165.289	B9Vn
3491	22699				Aur	138.889	A3III
3492	25028				Ori	307.692	B3V
3493	32814			35	Gem	540.540	K3III
3494	32968				Gem	141.844	K5III
3495	34473		γ¹		Vol	49.652	F2
3496	37174				Pup	961.538	F4Iab
3497	41861				Vel	229.885	G8III+...
3498	44001		ο²	63	Cnc	46.126	F0IV
3499	47187				Ant	95.511	K0III
3500	49220				Leo	289.017	B2.5IV
3501	57741				Cen	0.000	A3Iab
3502	60795			73	UMa	127.877	M2III
3503	60957			20	Com	84.034	A3V
3504	61658				Vir	151.057	M3III
3505	67231			84	UMa	89.047	B9p EuCr
3506	72154			108	Vir	151.286	B9.5V
3507	72488				Lib	310.559	K3III+...
3508	72524			39	Boo	68.587	F6V+...
3509	74896				Ser	109.290	G5IV
3510	84691				Her	97.087	K0III
3511	85930				Her	92.937	K0III:
3512	87314				Ara	303.030	B2V + B3V
3513	91883				Lyr	50.302	F1III-IV
3514	92747			33	Sgr	502.513	G8/K0II
3515	97634				Cyg	649.351	B1III
3516	98375			14	Vul	49.116	F0
3517	100754				Vul	145.773	G6III
3518	101899				Cyg	108.578	K2III
3519	102155				Cyg	335.570	B8II-III
3520	103312				Cyg	0.000	B8Ia
3521	105497				Cyg	100.908	K0III
3522	112542		τ¹	69	Aqr	97.371	B9V
3523	113657				Gru	149.701	K3III
3524	114210			5	And	34.341	F5V
3525	114365			2	Cas	534.759	A5III
3526	114449				Peg	155.521	K4III
3527	116495			16	Psc	30.979	F6Vbwvar
3528	2548			51	Psc	80.972	B9.5V
3529	4675				And	119.048	B9.5Vn
3530	7251				Cas	675.676	K0Ib+...
3531	7463		τ		Scl	69.348	F2V
3532	9021			56	And	96.993	G8III...
3533	13942		ζ		For	32.616	F3V
3534	19968				Cam	136.799	B5Vn
3535	25223				Ori	268.817	B1.5V
3536	25492				Aur	440.529	B9Ib
3537	31137		μ		Pic	232.019	B9V
3538	33827				Cam	156.006	K4III
3539	34579				CMa	564.972	B2V
3540	37036				Pup	518.135	B2II
3541	37043				Pup	142.046	B9V
3542	38427			10	Pup	334.448	F2IV/V
3543	54255		χ²		Hya	212.314	B8V
3544	59831			2	CVn	236.407	M1III
3545	65198				Vir	67.705	A2V
3546	65593				Cen	598.802	K3III
3547	66065				Hya	71.582	A0/A1V
3548	68815		θ		Aps	113.122	M6.5III
3549	79072			47	Ser	247.525	M3.5IIIa
3550	83254				Her	952.381	K3III
3551	84950				Dra	191.205	K5III
3552	85147				Ara	444.444	B2IV
3553	86011				Sco	0.000	O5/6(e)
3554	87158				Her	79.491	G5IV
3555	88122				Her	175.439	M0III
3556	90662				Tel	198.020	K2III
3557	92136				Sct	0.000	F2Ib-II
3558	92937				Her	92.251	K1III
3559	93393				Lyr	199.203	B5V
3560	98633			63	Sgr	90.992	A1IV
3561	100357				Dra	215.054	K5III
3562	101882		θ	8	Del	617.284	K3Ib
3563	103675				Del	160.514	M3III
3564	104148		δ		Mic	92.421	K0/K1III
3565	107253			79	Cyg	84.175	A0V
3566	108060				Peg	72.307	A0Vs
3567	109056			23	Peg	106.383	B9Vn
3568	194			32	Psc	36.900	F0V
3569	522				Phe	25.714	G1IV...
3570	3717				Cet	108.933	K3III
3571	5833			38	Cet	42.919	F5V
3572	7921				Hyi	111.483	K2/K3III
3573	7941				Scl	93.110	A0V
3574	8714			2	Per	147.929	B9p...
3575	9222			3	Per	75.019	K0IV
3576	15619		κ²	97	Cet	98.912	G8.5III
3577	18262				Eri	153.139	K0III...
3578	19511				Eri	87.719	G9III:
3579	28302				Ori	243.309	K2III...
3580	29151				Ori	200.803	A3Vn
3581	29860				Ori	19.249	G0.5Vb
3582	31771			51	Aur	149.701	K5III
3583	31870				CMa	73.368	K1III
3584	35487				CMa	42.772	F2III/IV
3585	36348				Lyn	153.139	B9MNp...
3586	38438				Car	409.836	B1.5IV
3587	43026				Hya	92.593	K0III:
3588	43797				Vel	24.155	F6V
3589	49339				Hya	70.175	F0V
3590	49934				Car	390.625	B2IVnpe
3591	53699				Hya	48.520	F2V
3592	54487			67	Leo	141.243	A3IV
3593	61571			25	Com	194.553	K5III
3594	62703				Cen	101.833	A5V
3595	64053				Cen	100.100	B8V
3596	66320			80	Vir	97.182	G6III
3597	67848			86	UMa	146.843	A0V
3598	71974			4	Lib	152.439	B9.5V
3599	74380		κ²		Lup	77.760	A3IV
3600	78868				Aps	89.206	K1IIICNII
3601	85157			73	Her	42.699	F0IV
3602	95690				Tel	164.745	K4III
3603	95823				Sgr	62.383	Am
3604	97966			57	Aql	147.929	B7Vn
3605	99500			68	Dra	48.356	F5V
3606	99841				Cyg	97.466	K0III
3607	103389				Cap	21.968	F7V
3608	105652				Vul	51.813	F1IV
3609	106559			37	Cap	27.100	F5V
3610	107930				Cep	460.829	B6IV-V
3611	111242				Cep	240.964	A2V
3612	117567				Aqr	139.470	K4III
3613	0				Tau	15.868	G4 V
3614	88		τ		Phe	181.818	G8III
3615	1086			23	And	34.904	F0IV
3616	5296			30	Cet	47.148	F7IV
3617	14930				Hor	321.543	C5II
3618	16112		χ²		For	139.470	K2III
3619	19554			45	Tau	36.982	F4V
3620	21278			46	Eri	253.807	B9p Si
3621	22860				Eri	145.138	G8/K0III
3622	22881				Eri	85.324	G6/G8III
3623	23668				Lep	76.219	K2III
3624	26345				Ori	471.698	B1V...
3625	28499			36	Aur	354.610	B9.5p SiFe
3626	29234				Lep	49.044	F5V
3627	31564		ν¹	6	CMa	107.527	G8/K0III+..
3628	35005				CMi	90.253	G6III
3629	40990				Pup	95.238	K0III
3630	41816		υ¹	30	Cnc	76.628	F0IIIn
3631	43148				Vel	0.000	F0Ib
3632	48613				Vel	92.850	A0V
3633	49363				UMa	50.736	F5V
3634	51933				Hya	25.075	F7V
3635	54522				UMa	117.096	M3.5III
3636	56620				Hya	111.607	K0III
3637	59923				Com	54.945	A4m
3638	60610				Cen	134.589	B9IV/V
3639	62541			29	Com	122.399	A1V
3640	62732				Cru	0.000	A2Iab
3641	67787			7	Boo	211.417	G5III
3642	73536				Vir	704.225	M2III
3643	75665				TrA	209.205	K5/M0III
3644	77336		υ	31	Ser	76.687	A3V
3645	88964			73	Oph	54.794	F2V
3646	90096				Sct	188.679	B5V
3647	90497				Ser	216.920	B8III-IV
3648	90842				CrA	337.838	K2III
3649	92294		θ		Pav	67.705	A9V
3650	95557				Sgr	214.133	B7IV
3651	96258				Cyg	25.113	F7V
3652	98085			10	Sge	0.000	G5Ibv SB
3653	100221			71	Dra	115.875	B9V
3654	105761			19	Aqr	91.827	F0IV
3655	108102				Aqr	89.686	K2III
3656	1982				Cas	158.228	B9IV
3657	2353			12	Cet	173.913	M0III
3658	3277		ξ		Phe	67.024	Ap
3659	10328			19	Ari	146.843	M0III
3660	12072				And	191.205	K4III
3661	12530			84	Cet	22.589	F7IV
3662	15411				Eri	36.969	F3V
3663	16168				Per	117.233	A2V
3664	17534				Hor	103.520	K1III
3665	19983				Cam	79.808	K1III
3666	20400			60	Tau	44.385	A3m
3667	20842				Tau	47.125	Am
3668	22086				Eri	218.341	K4III
3669	27316			131	Tau	104.167	A3Vn
3670	28909		η¹		Dor	98.619	A0V
3671	29294				Lep	101.112	K1III
3672	31637				Col	350.877	B6IV
3673	32740				Gem	127.551	K3II
3674	35029				Pup	142.450	A0p
3675	42146			3	Hya	92.850	A1spe...
3676	43644			5	UMa	88.810	F2III
3677	43923				Lyn	70.721	K1IV
3678	45158				Hya	93.197	G8III
3679	46457			3	Leo	124.224	K0III
3680	47594				UMa	151.286	G9III:
3681	48287				Vel	176.991	K0IIICN...
3682	48561				Vel	305.810	B+...
3683	59309			11	Vir	44.053	Am
3684	59746				Dra	142.857	K2III
3685	66417				Boo	140.647	M2III
3686	69763				Cir	400.000	B1.5III
3687	72012				Boo	209.644	K4III
3688	73166				Boo	163.132	G5III:
3689	73184				Lib	5.840	K4V
3690	75260				Dra	112.867	K4III
3691	75352				Lib	172.414	G8III
3692	78970				Lup	54.794	F0/F2V
3693	79666			16	Her	106.610	K3III
3694	85470				Ara	109.649	K2III
3695	85888				Her	99.502	K1III:
3696	88298				Sgr	0.000	B0Iab...
3697	88636				Her	212.314	K0III
3698	95485				Sgr	154.799	K2III
3699	109831				Lac	82.372	A2Vnn
3700	111362				Lac	105.597	G8III-IV
3701	111974				Peg	33.795	G3V+...
3702	113184				Aqr	83.403	K0III-IV
3703	113307		τ³		Gru	74.627	Am...
3704	118114		γ²		Oct	93.545	K0III
3705	4200				Tuc	218.341	M4III
3706	12871		γ		Hor	55.991	G8III/IV
3707	20579			55	Per	137.363	B8V
3708	21819				Tau	116.959	A2V
3709	25194				Col	199.203	M2III
3710	26966				Lep	75.075	A0V
3711	31190				CMa	537.634	B2V
3712	33715			41	Gem	0.000	K3Ib
3713	37322				Pup	175.439	B5V
3714	40023		ψ	14	Cnc	41.356	G8IV
3715	40772				UMa	141.643	G8III
3716	44923				Hya	83.682	A0/A1V
3717	47189			8	Leo	355.872	K1III
3718	50786				UMa	39.432	F7V
3719	53377				UMa	88.889	G7III:
3720	55797				UMa	94.073	K0III
3721	57029			62	UMa	41.152	F4V
3722	57670				UMa	69.444	F5IV
3723	60329		ζ¹		Mus	100.200	K0III
3724	66400				Hya	81.566	A7V+...
3725	66727			1	Boo	100.604	A1V
3726	67664				Cir	223.214	K5/M0III
3727	77986			4	Her	164.474	B9p
3728	78661				UMi	157.480	A3V
3729	82422			50	Her	327.869	M1III
3730	83535				Ara	174.520	B5IV
3731	86731			84	Her	39.062	G2IIIb
3732	91973		ζ²	7	Lyr	47.687	F0IVvar
3733	93552				CrA	68.493	F2III/IV
3734	95656		ι¹	7	Cyg	107.527	A1V
3735	98754				Aql	195.695	B9MNp...
3736	98767				Cyg	15.858	G6IV+...
3737	99825				Cap	8.911	K3V
3738	100859			43	Cyg	37.566	F0V:
3739	104978				Ind	131.234	A6IV
3740	106654			8	PsA	58.445	A7/A8IV
3741	107162			77	Cyg	126.422	A0V
3742	111546				Lac	662.252	B1Ve
3743	113222				Lac	191.205	B7III
3744	117088				Tuc	223.214	K3II
3745	1354				Cas	190.114	G8III
3746	3765	96 G. Psc			Psc	7.455	K2V
3747	12002			77	Cet	140.647	K4III
3748	12122		ι¹		For	178.571	G8/K0III
3749	12640		μ	34	Ari	116.822	A0V
3750	14677			55	Ari	323.625	B8III
3751	16142				Eri	97.656	K2III
3752	17342				Cam	632.911	K4Ib
3753	20825				Ret	109.769	K0III
3754	23474			1	Lep	143.472	K1IV
3755	26344				Aur	228.833	M0III
3756	28984				Lep	384.615	M3II/III
3757	30840				CMa	264.550	B5IV
3758	32810				CMa	199.203	B3V
3759	33277			37	Gem	17.241	G0V
3760	34387				CMi	182.482	K0III:
3761	35643				Lyn	35.486	A7s
3762	38783				Car	401.606	K4II
3763	41299				Hya	273.973	K5III
3764	42923				Pyx	485.437	B2III
3765	44504				UMa	119.617	A2V
3766	45962				Vel	162.866	G6/G8III
3767	46813				Hya	115.607	A4III
3768	50448			32	UMa	79.555	A8III
3769	52338				UMa	157.480	K3III
3770	52487				Car	359.712	B3:V
3771	54829				Car	675.676	B1.5V
3772	56080			85	Leo	134.228	K4III
3773	61212				Crv	38.168	F3IV/V
3774	65595				Cam	87.642	G2.5IIIb
3775	66666				Cen	157.480	M8III
3776	67942				Cir	289.017	K2III
3777	71111				Dra	190.114	K5III
3778	71280				Boo	262.467	M1III
3779	71453				Cen	147.493	B8V
3780	71568				Boo	276.243	K2III
3781	72250				Lup	93.721	A1V
3782	74750				Cir	515.464	B0.5V
3783	75974				Dra	94.607	K0III-IV
3784	77645				Nor	662.252	B2II
3785	78279				TrA	272.480	B7III
3786	79349			10	Her	209.205	M4IIIa
3787	81734			14	Oph	55.586	F2.7III-IV
3788	82110				Ara	302.115	B2IV-V
3789	83196			26	Oph	33.704	F3V
3790	84769				UMi	294.118	K5III
3791	86313				Ser	117.786	K0III
3792	88038				Sgr	121.803	G8III
3793	88136			41	Dra	63.532	K2Vvar
3794	88684				Ser	36.765	K1IV
3795	90664				Pav	97.561	K0III
3796	90991				Sct	69.589	A0/A1V
3797	91315				Dra	119.048	A0V
3798	98332				Pav	70.126	Am
3799	106886				Cep	606.061	O6 (f)
3800	108165			13	Cep	0.000	B8Ibvar
3801	109209				Peg	61.958	F2V:
3802	117125				Oct	148.588	K1III
3803	117314				Aqr	93.545	K0III
3804	7276				Cet	29.516	G2IV
3805	7916				Cet	39.448	F5V+...
3806	10718			8	Per	125.945	K3III
3807	14060		ρ¹	8	Eri	99.305	K0II
3808	19525				Per	301.205	K1II-III
3809	22936				Cam	129.702	A2Vs
3810	24426				Col	152.439	G8III
3811	26019				Col	78.927	K0III
3812	29225			3	Gem	0.000	B2.5Ib
3813	30827			48	Aur	0.000	F5.5Ibv
3814	31940				Cam	214.133	K5III
3815	32617				Mon	39.984	F1V
3816	32698				Mon	176.056	B8IIIn
3817	33024				Mon	62.305	F0Vn
3818	34360				CMa	0.000	B2V:nn
3819	34722			47	Gem	119.189	A4IV
3820	35152			53	Gem	235.849	M1III
3821	36396				Mon	396.825	K5III
3822	41515				Pyx	284.900	B2V
3823	43798				Hya	136.799	K2/K3III
3824	46657		ζ¹		Ant	124.378	A0
3825	48982				Leo	105.153	G9III:
3826	54840				Cen	130.039	K2III
3827	59229				Cen	104.167	A3III
3828	62894				Cru	0.000	B9Ia
3829	63024				CVn	213.220	M5III
3830	65466				Com	87.489	A3IV
3831	74066				Lup	110.742	B8IV Si
3832	74239				Lib	130.378	K0III
3833	74582				TrA	359.712	N0v
3834	79005			11	Sco	112.360	B9V
3835	80375				Dra	119.904	A2svar...
3836	85185				Her	125.000	A3V
3837	86782	Alruba			Dra	163.399	A2V
3838	97473		π	52	Aql	157.729	F2V:+...
3839	98478		μ¹		Pav	73.260	K0IV
3840	102092				Mic	138.889	M1III
3841	102208			76	Dra	108.108	A0V
3842	104364				Pav	156.986	K0III
3843	104516				Cyg	135.870	B9III
3844	105282				Cyg	167.224	B6V
3845	106003				Cyg	44.723	F0V
3846	109023				Peg	119.332	K2III
3847	110023			44	Aqr	94.787	G6III
3848	110103			25	Cep	282.486	K3III
3849	115537				Gru	180.505	M0III
3850	115755			13	And	91.996	B9III
3851	7751	p Eridani			Eri	7.822	K0V
3852	8993			7	Ari	170.940	K1III
3853	12692			11	Per	132.275	B7IIIp...
3854	13654		ρ²	45	Ari	107.759	M6IIIvar
3855	16285				Eri	65.445	A5V
3856	16511			6	Tau	107.411	B9IV
3857	17579	Asterope		21	Tau	114.025	B8V
3858	18212				Per	120.773	K0III
3859	20268				Tau	110.620	G8III-IV
3860	21192				Eri	145.773	B9III
3861	22325			59	Eri	41.719	F8V
3862	26219				Col	92.421	K0III
3863	29433			68	Ori	255.102	B9.5V
3864	30069				Col	125.000	B9V
3865	30591				Pup	180.180	B9V
3866	30836				CMa	139.860	K0III
3867	31737			53	Aur	106.270	B9npe...
3868	37329				Pup	352.113	B3III
3869	38474				Mon	39.714	F5IVs
3870	42090			33	Lyn	108.814	A2Vnn
3871	44936				Hya	138.889	G6III
3872	51561				Vel	166.945	B9
3873	56445			89	Leo	27.226	F5V
3874	61379				Cen	28.321	G4IV
3875	62576			30	Com	92.937	A2V
3876	64445				Vir	257.069	M0III
3877	65144				Cen	126.743	K1III
3878	65420			66	Vir	29.967	F3V
3879	68276			10	Boo	144.718	A0Vs
3880	72378			57	Hya	137.174	B9.5V
3881	72487	Merga		38	Boo	48.996	F7IVw
3882	74184				TrA	0.000	F8Iab-Ib
3883	76568				Boo	35.702	F2V
3884	78045				TrA	66.007	A3V
3885	80054				Nor	102.354	G6III
3886	80898				Her	257.732	K5III
3887	83367				Her	95.969	G7III:
3888	84690				Sco	111.483	B9V
3889	85068				Ara	121.212	G8/K0III
3890	85169				Ara	272.480	B8Ib/II
3891	86254			79	Her	76.687	A2Vn
3892	87836				Sgr	51.308	A7III/IV
3893	89968				Sgr	378.788	F8II
3894	90762				Her	133.511	A2V
3895	91322				Ser	160.514	A2V
3896	91854				Pav	108.933	K0III
3897	95572				Aql	55.991	F6III
3898	96141				Tel	115.741	Am
3899	97816				Tel	172.414	G8/K0III
3900	97928			56	Aql	193.798	K5III
3901	100097				Cyg	90.498	A2Vs
3902	101427				Oct	160.000	G6/G8II
3903	103673				Ind	28.011	F5IV-V
3904	105696		θ²		Mic	119.760	A0III
3905	109620				Cep	290.698	M3III
3906	110602			50	Aqr	140.449	K0III
3907	110785			34	Peg	38.153	F7V
3908	111196		υ		Oct	99.404	K0III
3909	113503			52	Peg	94.340	A7V
3910	117756				Aqr	189.036	K0III
3911	1191				Cet	103.842	B9V
3912	2006			44	Psc	144.092	G5III
3913	5361				Cas	184.843	B8V
3914	20591			56	Per	40.617	F4V
3915	22336				Eri	26.420	F8V
3916	25583			117	Tau	187.970	M1III
3917	25751				Ori	438.596	B2V
3918	32809				CMa	363.636	K3III
3919	34888				CMa	202.429	K0
3920	35941			59	Gem	57.405	F0:III:
3921	37369				Lyn	359.712	M0III
3922	38994				Car	322.581	B2IVnpe
3923	40155				Vel	751.880	F7p
3924	40344				Pup	68.871	K1III
3925	46225				Car	77.399	A4V+...
3926	47013			22	UMa	49.092	F7V
3927	50027			19	Sex	127.551	K0III:
3928	52452			35	Sex	169.492	K3III+...
3929	54811				Cen	192.678	K5/M0III
3930	56078				Crt	136.612	A0V
3931	59607				Cen	436.681	B4III
3932	64692			19	CVn	74.074	A7V
3933	67663				Cen	487.805	B2Vp
3934	68390			48	Hya	55.991	F6V
3935	74006				Lup	103.520	G8III
3936	76376				Dra	78.308	A2V
3937	81300			12	Oph	9.751	K2V
3938	81641			37	Her	90.009	A1V
3939	85139				Oph	221.730	K1III
3940	87558				Oph	31.124	F4IV-V
3941	90804				Sct	330.033	B2V
3942	104185				Cyg	518.135	F7.5Ib-IIv
3943	106393				Cyg	151.057	A0V
3944	106897				Peg	39.746	F2V
3945	114775				Gru	76.570	K2III
3946	115280			12	And	41.964	F5V
3947	117491			21	Psc	93.110	A5m
3948	117628			80	Peg	259.067	M3III
3949	343				Cet	90.662	K0III
3950	1074				Oct	298.507	M0/M1III
3951	2876				Cas	0.000	A4III
3952	8046			44	Cas	320.513	B8IIIn
3953	8433				Tri	27.855	F8V
3954	8778				Cet	94.162	F0V
3955	12186		λ²		For	25.780	G1V
3956	12803		ο	37	Ari	182.149	B9Vn
3957	14893			56	Ari	154.083	B9p Si
3958	15876				Per	133.511	A0V
3959	18081				Per	258.398	B1V
3960	20297		ν		Men	52.056	F0/F2III
3961	21148			1	Cam	0.000	B0III SB
3962	21588			89	Tau	49.826	F0V
3963	22024			56	Eri	0.000	B2Ve
3964	25041				Ori	436.681	B1V...
3965	25397				Lep	45.025	F5V
3966	27280				Ori	91.324	G8III
3967	29388			41	Aur	102.459	A3V+...
3968	29451				Aur	285.714	M1III
3969	30463				Pic	93.023	A0V
3970	31446				Mon	467.290	B8Ib
3971	32851				Mon	29.682	F2V
3972	33914				Gem	183.150	K1III:
3973	34215				Mon	303.951	M0III
3974	35120				CMi	166.389	M4III
3975	36362				Pup	327.869	B2IV
3976	36848				Pup	99.206	K1III
3977	37223				Pup	305.810	B3III
3978	38160				Car	34.590	F1V
3979	38210				Vol	150.830	B9V
3980	39221				Lyn	46.126	F2:V:
3981	43669				Car	440.529	B5III
3982	45122				Vel	304.878	B2IV-V
3983	50078				Vel	104.712	A3IV/V
3984	58952	Tonatiuh			Cam	97.087	G9III
3985	60969				Cru	156.006	M1III
3986	61498				Cen	72.780	A0V
3987	64332				Cen	84.890	F7IV
3988	72208				Boo	247.525	M5III
3989	72934		ξ¹	13	Lib	103.306	G7III
3990	77562				Nor	94.518	B8V
3991	77990				Nor	51.256	Amvar
3992	78142				Lup	242.718	K0/K1III+..
3993	79497		ζ		Nor	66.756	F2III
3994	82775				Sco	694.444	O8Iab+...
3995	85699			24	UMi	46.882	A2m
3996	86552				Ara	245.700	A0V
3997	87393				Pav	123.153	K0III
3998	91405				Sgr	151.057	B8III
3999	93845				Vul	107.181	A4III
4000	101475				Cyg	132.275	B9sp...
4001	103226			19	Cap	111.857	K0III
4002	105928			35	Cap	171.821	K3III
4003	107887				Peg	161.551	B8III
4004	109471				Peg	208.768	M1III
4005	110668				Ind	49.456	F3III
4006	117887				Psc	195.312	M5IIb
4007	1657				And	191.939	K5III
4008	7118				Scl	102.354	K0III
4009	10540			20	Ari	42.105	F6IV-V
4010	12114	268 G. Cet			Cet	7.180	K3V
4011	12444				Cet	21.758	F6V
4012	15192				Per	877.193	A0Ia
4013	16591				Per	56.054	A5m
4014	17585				Cam	55.432	F0IV
4015	21253				Ret	45.147	K1III
4016	22913				Ori	111.483	B9V
4017	23068			99	Tau	139.665	G8III:
4018	23088			98	Tau	87.184	A0V
4019	26169				Men	333.333	M2/M3III
4020	27549				Ori	109.890	G8III
4021	28899				Col	85.251	A1V
4022	30011				CMa	537.634	B3II/III
4023	31992				Mon	384.615	B8III
4024	35998				CMa	35.638	F3V
4025	36024				CMa	432.900	B5III
4026	36251				CMa	485.437	B8Vv comp VB
4027	37508				Gem	238.663	M2III
4028	42177				Vel	136.799	B8 Si
4029	43012				Cha	152.905	K5III
4030	43603				Vel	214.133	K5/M0III
4031	45743				Hya	138.504	K1/K2III
4032	45915				UMa	230.415	M4IIIa
4033	48339				Car	236.407	K2IIICNp...
4034	51420			32	LMi	231.482	A4V
4035	52478			39	UMa	113.379	A0Vs
4036	54561				Hya	120.919	A1V
4037	54863				Leo	60.569	K3III
4038	60463				Cen	102.775	B8/B9V
4039	63414			44	Vir	77.942	A3V
4040	64179				Vir	94.518	K0III
4041	66681				Cen	69.444	F3III-IV
4042	76532				Lib	84.246	K0III
4043	78649				CrB	200.803	A2V+...
4044	80672				Sco	110.375	K1IIICN...
4045	83150				TrA	241.546	Ap Si
4046	88817			100	Her	38.580	A3V
4047	91118				Her	198.413	A0Vn
4048	94434				Sgr	520.833	K2III
4049	95793			35	Aql	61.200	A0V
4050	97985				Cyg	369.004	Fp
4051	102026				Cap	100.402	K0III
4052	106592				Aqr	128.205	G9III:
4053	108758				Cyg	306.748	B5III
4054	109240			25	Peg	186.567	B7Vn
4055	110578			51	Aqr	124.378	A0V
4056	110992				Peg	384.615	K2II
4057	113048				Lac	56.915	A3m
4058	113902				Gru	95.329	K0III
4059	171			85	Peg	12.170	G3V
4060	418				Cas	221.730	B8MNp...
4061	3583				Phe	15.158	G5IV
4062	4267			66	Psc	108.108	A1Vn
4063	5550			45	And	242.131	B7III-IV
4064	12239				Cas	283.286	K5III
4065	13055				Cep	133.156	G8p...
4066	13834			47	Ari	33.167	F5IV
4067	18217				Cam	50.505	A5m
4068	19571				Eri	80.972	A1V + (F/G)
4069	23916				Eri	208.768	B8V
4070	25708				Ori	151.057	K1III...
4071	28855				Col	83.126	A0V
4072	33248			17	CMa	154.560	A2V
4073	34339				Pup	238.095	B3V
4074	34975				Mon	396.825	K5III
4075	35785			19	Lyn	0.000	B8V
4076	35984				Lyn	317.460	K5III
4077	37710				Pup	42.955	F0IV
4078	38848			1	Cnc	142.857	K3III
4079	40866				Cnc	172.712	K1III
4080	42028				Hya	90.334	A1V
4081	44075				Hya	21.035	F7/F8IV/V
4082	44256				Car	401.606	G8II
4083	47498				Car	112.867	K0/K1III
4084	47943				Leo	602.410	M1III
4085	49764				Car	209.205	A0IV
4086	50493				Vel	36.062	F6V
4087	52980			41	Sex	95.238	A3m
4088	55716				Leo	150.376	K4III
4089	55849				Cen	187.617	K0III+...
4090	56601				Leo	71.582	F0V
4091	59920				UMa	105.708	K6III
4092	72210				Lib	103.734	K0III
4093	72552				Boo	98.425	A4V
4094	76878		τ⁷	22	Ser	53.079	A2m
4095	79757		υ	18	CrB	204.499	A3V
4096	85998			53	Oph	103.520	A2V
4097	92367				Tel	109.890	G6IV
4098	98512				Sgr	81.367	A8III
4099	98819			15	Sge	17.768	G1V
4100	109332			35	Aqr	714.286	B2III
4101	110009				Aqr	113.250	K3III:
4102	111660				Cep	214.133	M1III
4103	113031			74	Aqr	253.165	B8IV/V
4104	0	p Eridani			Eri	8.147	K2 V
4105	5494				Psc	120.773	K5III
4106	10871				Hor	189.036	K5III
4107	11090				And	47.015	F0III-IV
4108	12148				Cet	90.744	K0III:
4109	14187				Eri	259.740	K2/K3III
4110	16368				Ret	265.957	B8V
4111	17798				Eri	181.818	K5III
4112	20465				Eri	153.610	K5III
4113	24732				Cam	111.235	A0V
4114	26545				Col	134.771	B8V
4115	28287				Pic	362.319	G8II
4116	32402				Car	395.257	K3III
4117	35202				Pup	187.266	B4V
4118	50384			39	Leo	22.805	F8Vw
4119	53762				Vel	93.545	B8/B9V
4120	64927				CVn	153.610	K4.5III
4121	65247				Cen	0.000	B2.5Ib
4122	66563				Hya	46.275	F3V
4123	67143				Hya	87.032	A0V
4124	77738				Dra	102.881	G8III:
4125	86620	Dziban B	ψ¹	31	Dra	23.063	G0V
4126	89609				Sgr	299.401	K2III
4127	90342				Her	124.224	A2IV
4128	95222				Aql	103.734	G8III:
4129	99026				Cyg	36.563	F5V
4130	99663				Cep	177.936	K5III
4131	105413			9	Equ	200.803	M2III
4132	114167				Gru	45.704	F6.5IV-V+..
4133	115191			10	And	147.493	M0III
4134	116582				And	247.525	B8V
4135	118281				And	28.927	F8
4136	7078			38	Cas	28.977	F6V
4137	13835			6	Eri	203.252	K2III
4138	16340				Per	273.973	B8V
4139	16846				Tau	30.684	G5IV/V +K1IV
4140	17891				Cam	71.633	A5Vn
4141	22573				Cae	82.169	A2/A3V
4142	28992				Col	312.500	B4Vnn
4143	30703				Pic	172.712	K3III
4144	31072				Col	188.679	G8III+...
4145	31173				Aur	80.580	A3m + A3m
4146	38159				Pup	591.716	B1.5IV
4147	41621				Vel	438.596	B2V
4148	55581				Cen	233.100	A4:p
4149	59728				Crv	82.850	K0IIICN...
4150	60584			71	UMa	263.158	M3III
4151	64822				Cen	64.893	Am
4152	65536				UMi	359.712	M1III
4153	68079				Cen	97.561	K0IV
4154	74096				Boo	143.061	K1III
4155	75944		ζ³	34	Lib	155.763	K0III
4156	76207				Lup	352.113	M2III
4157	76569				Lib	87.336	K0III
4158	78442				Ser	75.075	K0III:
4159	85207				Oph	92.507	K0III
4160	87812				Oph	416.667	B2IV-V
4161	91532				Sct	178.571	K4III
4162	91974				Sgr	177.305	B8III
4163	92027				Ser	188.679	A1V
4164	92488				Sct	854.701	F2Ib
4165	93580				Aql	54.885	A4V
4166	95785			8	Vul	157.729	K0III
4167	100276				Sge	167.224	K5III
4168	111600				PsA	109.649	K2III
4169	112590				Lac	103.306	G8III:
4170	113084				Lac	93.197	K0III
4171	116250				Oct	31.437	G2V
4172	3299				Cas	158.479	G9III-IV
4173	5021				Cas	80.775	F6V
4174	8544			1	Ari	179.533	K1III+...
4175	13108			40	Ari	141.643	K1III
4176	26396				Tau	154.799	B9IV-V
4177	29379			5	Gem	174.216	K0III
4178	29575				Ori	94.251	G8III
4179	29629				Mon	196.078	B5V
4180	35749				Mon	229.358	F3IV
4181	36812		δ³	9	CMi	176.367	A0Vnn
4182	39380				Pup	144.718	K2/K3III
4183	40077				Vel	258.398	B3V
4184	45559				Hya	110.620	K0III
4185	45675				Vel	0.000	B7Iab
4186	48748				Ant	157.480	K1III
4187	56035				UMa	33.300	F5Vawvar
4188	58181			66	UMa	94.877	K1III
4189	62512				UMa	24.044	F5V
4190	67861				Cen	0.000	B2IIIe
4191	70663				Lup	67.843	Am
4192	71573				Boo	110.254	A1V
4193	73566			60	Hya	101.729	A4IV
4194	80351			21	Her	112.360	A2sp...
4195	81289				Her	306.748	G8II
4196	81472				Sco	192.308	B2.5IV
4197	85379			77	Her	115.207	A4V
4198	85760				Aps	271.003	M3III
4199	88818			100	Her	49.603	A3V
4200	97376				Cyg	144.928	B8Vn
4201	100069				Cyg	595.238	O9V
4202	103359				Cyg	51.282	F0III
4203	103810				Cep	282.486	B8III
4204	104680				Mic	31.666	F5IV
4205	105164			15	Aqr	311.526	B5V
4206	108875			21	Peg	193.050	B9.5V
4207	110787		ρ¹	28	Cep	63.171	A2m
4208	114382				Gru	33.411	F4IV
4209	840				Psc	58.309	K1III
4210	873				Cet	75.019	K0III
4211	6502				Scl	299.401	M0III
4212	9132				Tri	140.252	M2III
4213	10035				Phe	159.744	K1III
4214	11840				Tri	83.264	K0III
4215	12288		ι²		For	33.944	F5V
4216	14110				Eri	101.112	G6III:
4217	15305				Hor	156.986	K2III
4218	19454				Cep	42.230	F5IV
4219	22407				Aur	83.752	A8m
4220	23148		ξ		Men	113.122	G8III
4221	23883			105	Tau	331.126	B2Ve
4222	34758				CMa	143.267	A0IV/V
4223	35025			52	Gem	92.081	M1IIIvar
4224	36721				Pup	84.531	A3III
4225	50336				Leo	108.933	K2III:
4226	52139			38	LMi	52.329	F9V
4227	56606				Cen	497.512	B2.5IV
4228	61916				Cen	277.778	K3II
4229	63143				UMa	86.655	A5m
4230	64587				Cha	374.532	F8Ib
4231	64623				Cen	72.150	K0IV
4232	69829				Boo	233.645	M3III
4233	71002				Cir	76.046	K1III
4234	74539				Lib	305.810	G8/K0II
4235	76594				Boo	115.473	G8III
4236	78168				Sco	141.243	B3V
4237	81741				Sco	86.881	G1II
4238	82716				Sco	440.529	F5Ib-II
4239	85889				Sco	465.116	B9Ib/II
4240	87472				Sco	242.718	G8/K0III
4241	88670				Ser	158.730	B8III-IV
4242	91461				Tel	109.409	A3V
4243	92822				Dra	55.279	F3III
4244	95188		ρ²	45	Sgr	101.833	K0III
4245	95582				Vul	187.970	M0III
4246	95732				Aql	294.985	B6III
4247	99572		ξ²	2	Cap	27.701	F5V
4248	106062				Peg	204.082	M4III
4249	108226				Cep	314.465	B2.5Ve
4250	111810			40	Peg	114.416	G8II
4251	112417				Lac	56.915	F0III-IV
4252	12686				Per	141.243	K0II-III
4253	18606				Eri	46.447	G9V
4254	20271				Eri	242.131	B5III
4255	21604				Tau	101.112	B8V
4256	33377		ψ⁹		Aur	386.100	B8III
4257	34819			48	Gem	109.769	F5IV
4258	44406				Cnc	194.175	K3III:
4259	45314				Vel	161.290	B6IV
4260	45386				Vel	196.850	K0/K1III+..
4261	48734				Leo	177.620	K2III:
4262	52922				Car	225.734	B9.5IV/V
4263	52948				Sex	104.493	G8III:
4264	57841				Hya	31.172	F8V
4265	59608			12	Vir	50.176	A2m
4266	66798				Dra	68.213	A2V
4267	72959				Cen	320.513	K2III
4268	74100				Lup	118.765	B7V
4269	76509				Dra	109.170	K1III:
4270	77370				Dra	73.801	A3m
4271	91438				Sgr	13.084	G5V
4272	94336				Cyg	24.450	G4V+...
4273	95352				Lyr	135.135	G6.5IIIa
4274	111643		σ²		Gru	65.833	A1V
4275	113622				Psc	136.612	K4III
4276	114641				Peg	105.932	G5III:
4277	117722				Aqr	86.356	K2III
4278	1372				Cas	343.643	B7III
4279	3750				Cas	61.237	K0IV
4280	8387			4	Ari	84.388	B9.5V
4281	10326				Cet	106.383	K0III
4282	13339				Per	119.904	G8III
4283	16989				Eri	112.360	G5III:
4284	20341				Eri	143.061	K2
4285	21972				Per	209.644	B9III
4286	23475				Eri	91.912	K3
4287	25488				Col	91.912	A7m
4288	25887				Pic	168.067	K3III
4289	29616				Ori	162.075	A6m
4290	31039			6	Lyn	55.804	K0IV
4291	33937				Gem	769.231	M2III
4292	35347				Pup	181.488	B8II/III
4293	36399				Mon	27.241	F8V
4294	38712				CMi	39.017	F2IV
4295	40357				Vel	362.319	B2IV-V
4296	43370				Pyx	230.415	G8III
4297	45585				Car	81.967	A0V
4298	46618				Hya	73.099	K2III
4299	46736				Ant	85.543	K3III
4300	48893				UMa	110.497	K3III:
4301	49893				LMi	195.695	K3III
4302	53778				Crt	142.653	K5III
4303	61420				Com	195.695	K1III
4304	61720				Hya	191.571	K2/K3III
4305	69929				Vir	102.041	Ap Si(Cr)
4306	71182				Lup	100.301	K0III
4307	71184				Lup	76.453	F6IV-V
4308	72567				Boo	18.172	G2V
4309	77052		ψ	23	Ser	14.659	G5V
4310	77541				Nor	59.595	A2IV
4311	79098				Sco	136.054	B9V
4312	79320				Sco	64.725	F0IV
4313	82172				Her	231.482	M4IIIa
4314	82621				Oph	26.940	G5IV
4315	85049				Ara	335.570	G8Ib/II
4316	88101				Oph	171.821	K5III
4317	89099				CrA	82.713	F0Vn
4318	89115				Aps	75.301	K3III
4319	89234				Aps	42.141	F5V
4320	94157				CrA	444.444	B5V
4321	97081				Cyg	174.825	M0III
4322	100062			4	Cap	96.993	G8III
4323	100738				Sgr	153.846	G8II/III
4324	102772				Cap	295.858	B8II
4325	112997				Peg	89.525	K1III SB
4326	116380				Cep	645.161	K0Ib
4327	117503				And	129.702	G1IIIe
4328	207				Cas	0.000	G8III
4329	5926				Cas	847.458	K1V
4330	6226			42	Cet	100.705	A7V...
4331	9572				Cet	109.890	K0II/III
4332	20804				Tau	180.180	B8IV
4333	26487				Ori	239.234	B8III
4334	27533				Lep	170.358	A1V
4335	28011				Ori	96.993	K2III:
4336	30666				Mon	72.464	A3Vn
4337	31665			11	Lyn	101.729	A2V
4338	32753			33	Gem	263.158	B7III
4339	35341			64	Aur	85.251	A5Vn
4340	35626				CMa	196.078	M3III
4341	36444				Car	110.375	K0III
4342	37915				Pup	181.159	B5V
4343	39184				Car	235.294	B5Vn
4344	39191		ω¹	2	Cnc	203.252	G8III:
4345	46652			7	LMi	153.846	G8III:
4346	52841				Hya	143.061	A1V
4347	55763				Cen	136.799	M3III
4348	62360				Cen	108.933	K3III
4349	62641				CVn	109.769	A3V
4350	67836				Cen	276.243	B5III
4351	69965				Hya	18.034	F7Vw
4352	70657				Cir	277.008	K3III
4353	77909			3	Sco	157.978	B8III/IV
4354	84248				Ara	100.000	K0III-IV
4355	86219				Dra	111.235	G9III
4356	86847				Sco	72.098	A2/A3IV/V
4357	90637				Her	375.940	B6IV
4358	98416				Aql	22.203	F8V
4359	99889				Cyg	34.258	F5V:
4360	100574				Cyg	414.938	B2Vne
4361	102891				Aqr	80.972	K1III
4362	105412			16	Aqr	90.909	G7III:
4363	109730				Peg	74.850	K2III
4364	1493				And	166.667	A0IV
4365	2475				And	116.144	K1III...
4366	3093			54	Psc	11.059	K0V
4367	4346				Cet	184.502	K5III
4368	7601				Oct	27.382	G2V
4369	11348				Cet	77.042	Ap SrCrEu
4370	11670				Ari	51.760	F6IV
4371	14086		ε		For	32.196	G8/K0V
4372	19129				Cam	191.571	K2III
4373	20020		θ		Ret	141.243	B+...
4374	21323				Tau	148.810	B9p...
4375	24203				Ori	195.312	F5
4376	26865			12	Lep	304.878	A2/A3V
4377	28854				Mon	54.915	F4V:
4378	29679				CMa	226.244	K2III
4379	29852				Col	61.919	A2V
4380	30545				Mon	33.568	F8V
4381	30972			47	Aur	187.266	K4III
4382	31159			12	Mon	172.414	K0V
4383	31946				Cam	237.530	K0III
4384	32226				Mon	877.193	B0III
4385	33415				Aur	107.181	K0III:
4386	40305				Lyn	176.056	G9III
4387	41074				Pup	0.000	F2Iab
4388	41935				Lyn	74.794	K2III
4389	44024				Vel	317.460	G8/K0II
4390	46620				Car	296.736	M2III
4391	50685				UMa	123.305	A7Vn
4392	53723				Crt	202.840	M1III
4393	55086				UMa	137.552	K0III:
4394	61181				Mus	106.610	K1III
4395	61558			25	Vir	69.013	A3V
4396	62402				UMa	60.277	A9V
4397	65323			65	Vir	381.679	K3III
4398	65550				CVn	126.263	K0III:
4399	67194				CVn	52.549	A5V
4400	71353				Cen	112.486	B6V
4401	73310			18	Lib	95.057	K3III-IV
4402	73493				Cen	119.760	K2/K3III
4403	74296		ω		Oct	97.182	B9.5V
4404	74901				Ser	222.717	K5III
4405	83176				Oph	165.838	M1/M2III
4406	87460				Sco	258.398	B6Ib
4407	90915				Her	230.947	K5III
4408	90930				Pav	108.814	K0III
4409	94013				Cyg	71.023	K1IV
4410	94630				Lyr	389.105	M0III
4411	97783			57	Sgr	115.875	K0III
4412	98609				Vul	331.126	B4V
4413	104171				Cep	48.733	F3IV
4414	107232			44	Cap	133.511	A9/F0V
4415	109972				Cep	189.036	G8III
4416	111259				Lac	209.644	A6V
4417	111394			60	Aqr	106.610	G6III
4418	111934				PsA	212.766	K2/K3III
4419	114366				Scl	199.203	K2III
4420	1630				And	159.744	B7V
4421	2903			53	Psc	318.471	B2.5IV
4422	3170				Tuc	24.956	G1V
4423	9001				And	282.486	K5III
4424	9307				Ari	119.904	K0III-IV
4425	9353			112	Psc	33.501	G2IV
4426	11033				Cet	135.685	K2III
4427	11381				Cet	84.104	K2III
4428	11548			13	Tri	31.407	G0V
4429	13121				Ari	121.803	A0V
4430	13949				Per	198.807	K2
4431	14502				Cas	189.753	B9V
4432	18735				Tau	42.900	F4V...
4433	19284				Tau	123.153	K5III
4434	24162				Ori	37.622	F5V
4435	28139				Ori	94.607	K2III
4436	28271			59	Ori	111.732	A5me del Del
4437	37031				CMi	39.308	G0V
4438	37752				Pup	206.186	B8V
4439	38267				Pup	75.472	K2III
4440	40875			30	Lyn	32.352	F4V
4441	41081				Vel	70.028	A0V
4442	41676				UMa	98.039	G8III
4443	42008				Hya	505.050	G5III
4444	43121			50	Cnc	53.967	A1V
4445	44283				Vol	216.920	M1III
4446	44307			66	Cnc	143.061	A2V
4447	50860			27	LMi	74.294	A6V
4448	52043				Car	308.642	B3IV
4449	54537				UMa	168.067	M2III
4450	56287				Mus	93.985	K1IIICN...
4451	58103				Cen	0.000	A3Ib
4452	58720				Mus	105.708	B9V
4453	58858			2	Com	101.010	F0IV-V
4454	62931		κ		Cru	0.000	B5Ia
4455	63033				Cen	40.096	G2IV
4456	65241			64	Vir	65.920	A2m
4457	67605				CVn	207.900	M2III
4458	69493				Vir	59.382	F7Vw
4459	72432				Cen	157.729	M5III
4460	75565				TrA	105.042	K0III
4461	77442				CrB	0.000	C00 (F8pe)
4462	79357				Her	193.798	K4II+...
4463	80212				Nor	289.017	G2Ib
4464	81710		η¹		TrA	202.840	B7IV
4465	84500				Oph	200.401	B5Vnn
4466	86248				Ara	101.833	K0III-IV
4467	88469			9	Sgr	0.000	O6
4468	92117			5	Aql	111.857	A2m
4469	92312				Her	87.642	A1V
4470	93104				Lyr	177.305	B7IV
4471	93574				Pav	56.306	F8V
4472	96016				Vul	60.533	K0III-IV
4473	96234				Sgr	129.702	A5IV-III
4474	96620				Cyg	40.883	F6Vasv
4475	97229		υ	49	Aql	53.619	A3IV
4476	101084				Cyg	265.957	B9Vn
4477	101843				Oct	195.695	K5III
4478	103460				Cap	54.855	A2/A3III
4479	105269				Cyg	662.252	F2Ib
4480	112833				Cep	133.333	K5
4481	114745				Cep	138.889	A0V
4482	116853				Aqr	107.066	K0III
4483	116918				Psc	99.404	A3Vn
4484	330			9	Cas	0.000	A1III
4485	3193				Cet	144.509	K0III
4486	3456		λ²		Scl	103.842	K1III
4487	3834				Cet	57.904	K0III
4488	7321				And	143.472	B9IV
4489	7359				Psc	163.132	M2III
4490	11102				Eri	60.864	A5V
4491	19076			39	Tau	16.938	G5V
4492	20873			76	Tau	57.571	F0IV
4493	24294				Ori	143.885	G7III
4494	27973				Aur	84.962	A5IV
4495	28343				Aur	328.947	G5III
4496	28823			39	Aur	49.727	F3V
4497	33372				Mon	139.276	B8Vn
4498	34982				Mon	574.713	K3III
4499	35476				CMi	195.312	G9III
4500	36143				Pup	316.456	B4V
4501	36640				Mon	27.917	F5V
4502	37995				Pup	502.513	B1/B2V
4503	39251				Pup	175.747	A3IV
4504	42614				Vel	606.061	B1.5V
4505	43894				Lyn	72.202	F3III
4506	46460				Car	77.640	A0V
4507	47544				Leo	236.967	K6III
4508	48519				Sex	284.900	M2III
4509	51556			33	LMi	78.003	A0IV
4510	53530				Vel	102.987	A7Vni
4511	55249			76	Leo	90.253	K0III:
4512	57606				Leo	59.737	F0V
4513	60030			13	Vir	114.547	A5Vn
4514	64515				Cen	112.233	B9V
4515	68092			92	Vir	90.253	A8V
4516	71571				Boo	99.010	K2III:
4517	72296				Cen	153.610	K3III
4518	73087				Boo	183.150	A0V
4519	74386				Ser	221.730	M4III
4520	75696				Dra	195.695	K5III
4521	78877				Sco	161.290	B8V
4522	85409				Ara	909.091	B9II
4523	90485				Sgr	36.603	F8V
4524	97122				Dra	132.100	A2III
4525	98526				Aql	212.314	K5III
4526	101067			42	Cyg	793.651	A1Ib
4527	114407				Gru	281.690	M4III
4528	0				Aqr	47.619	A3 (IV)
4529	8404				Psc	98.425	G9III
4530	10440				Phe	105.708	G9III
4531	11867		λ¹		For	111.857	K0/K1III
4532	12181				And	54.171	F5V
4533	14109			49	Ari	64.350	A3m
4534	15514			59	Ari	67.249	G8IV
4535	16518				Per	675.676	B1V
4536	17595				Tau	102.775	G9III
4537	17618		σ		For	101.010	A2V
4538	17805				Eri	149.254	K3III
4539	20380				Cam	96.993	A3V
4540	20417				Tau	714.286	M0III
4541	21452				Cam	135.135	A1V
4542	23408				Ori	145.138	K0
4543	29678				Ori	366.300	B1V
4544	33421				Gem	129.534	G5III
4545	34798			26	CMa	257.069	B2IV/V
4546	35509				CMi	53.305	F8V
4547	39995				Lyn	263.158	K4III:
4548	42172				Cnc	25.126	F8V
4549	42452				UMa	160.000	K1III:
4550	46482				Car	154.083	K1III
4551	46734		ζ²		Ant	117.647	A9IV
4552	49812			17	Sex	182.815	A1V
4553	50103				Ant	147.275	K1III
4554	51610				Vel	121.803	G6/G8III
4555	53257				UMa	44.287	G9IV
4556	53423			55	Leo	44.863	F2III
4557	53449			56	Leo	119.189	M5IIIvar
4558	59517				Cru	0.000	B9Ia
4559	60308				Cru	694.444	K4III + (F)
4560	62103				Vir	66.979	G8IIIp
4561	62861				Cen	126.743	K3III
4562	64226				Com	206.186	K5III
4563	64246			17	CVn	63.291	A9III-IV
4564	64466				Mus	90.744	A0V(n)
4565	64580				Cen	109.170	K0/K1III
4566	66454				Cen	126.422	B8V
4567	66903				UMi	100.705	G7III:
4568	67782				CVn	65.746	A7V
4569	71115			26	Boo	54.025	F2IV
4570	72438				Cir	431.034	B2.5V
4571	72773				Cir	505.050	F8II + A/F
4572	73350				Vir	215.054	M1III
4573	73507				Dra	105.708	A4V
4574	78747				Lup	37.879	F3V
4575	79596				Sco	174.520	K0III
4576	82350				Her	100.100	A1V
4577	82672				Ara	217.391	M0III
4578	83478				Her	76.746	A1V
4579	83491				Sco	64.683	F3V
4580	84709				Sco	6.836	K4V
4581	85048				Sco	113.122	K1III
4582	87491				Oph	112.740	K5III
4583	92133				Dra	396.825	B2.5V
4584	92931				Sgr	194.932	B6III
4585	93179			10	Aql	78.370	F0spe...
4586	94556				CrA	91.324	G8III
4587	95038				Dra	242.131	M1III
4588	95456				Sgr	91.324	K3III
4589	97598				Tel	408.163	M1III
4590	97774				Cyg	510.204	B2III
4591	99531			20	Vul	246.914	B7Ve...
4592	100017				Dra	17.569	G3V
4593	101870				Vul	625.000	K0II-III+..
4594	102358				Cep	336.700	M3III
4595	102487			17	Cap	80.841	A1V
4596	104105				Cep	123.457	B8Vn
4597	112778			14	Lac	348.432	B3IV:var
4598	113174				Lac	39.017	F5II
4599	114430			6	And	27.647	F5IV
4600	116323			14	Psc	64.935	A2m
4601	3760			62	Psc	177.620	G8III
4602	4962				Cas	613.497	F0II
4603	6564				Cet	46.642	F4V
4604	6631				Hyi	277.008	M0III
4605	7016				Scl	137.931	K2III
4606	8588				Ari	42.017	F2Vw
4607	13225		η²		For	137.931	K0III
4608	14844				Cep	62.189	A7III-IV
4609	14913				Eri	42.499	F3V+...
4610	23446				Cae	95.511	K2III
4611	25471				Aur	645.161	A1p
4612	26108				Ori	209.644	K5III
4613	27965			57	Ori	558.659	B2V
4614	30986				Mon	319.489	K0
4615	31037				CMa	377.358	B3IV/V
4616	32366				CMa	24.378	F7V
4617	32463			16	Mon	263.158	B2.5V
4618	37364				Pup	190.840	K0III
4619	40881	Piautos	λ	19	Cnc	140.252	B9.5V
4620	41080				Hya	395.257	M1III
4621	42001				Vel	255.755	B5III
4622	42265			36	Cnc	149.701	A3V
4623	43589				Vel	318.471	B3Vn
4624	45270				Vel	156.250	B9V
4625	46897				Hya	80.257	B9.5V
4626	52863				Sex	167.504	M2III
4627	62561				Cam	123.001	A0V
4628	64390				Mus	42.105	F3IV/V
4629	66247				Vir	148.148	A0V
4630	66878				Cam	122.549	G9III
4631	67210				CVn	130.719	G9III
4632	67292				Cen	64.851	A3m...
4633	68333				Cen	106.157	G8/K0III
4634	73415				Aps	233.645	G8II
4635	80991				Dra	113.766	A2V
4636	81729			39	Her	43.745	F2III
4637	98383				Cyg	138.889	A5III
4638	103360				Cyg	234.742	G8II-III
4639	104968				Cep	291.545	K5III
4640	108195				Ind	46.468	F1III
4641	110532				Aqr	143.061	G6V
4642	112067				Peg	84.962	K0III:
4643	114921				Gru	89.206	K1III
4644	636				Cet	78.370	A1V
4645	2611				Cas	114.155	K0III
4646	5594			34	Cet	171.821	K4III
4647	13473		ψ		For	58.514	F5V
4648	13479				Eri	111.607	G8/K0III
4649	14036				Ari	161.290	K6
4650	15004				Per	116.550	G9III
4651	15357				For	62.305	F3V+...
4652	16029				For	138.504	K0III
4653	16358				Tau	154.083	G8III
4654	18199				Hor	107.643	K3III
4655	18723				Eri	107.759	A1V
4656	24019				Tau	52.604	A5m
4657	25790				Ori	77.579	A3Vn
4658	26762				Ori	47.939	F0IV
4659	27249			26	Cam	60.790	A4Vn
4660	27737				Pic	132.626	F7IV
4661	28790				Pup	26.896	F4V
4662	29196				Gem	632.911	K4III
4663	31448				Mon	469.484	K4III
4664	34017				Gem	19.131	G4V
4665	35304				Lyn	183.486	K1III:
4666	37046				Lyn	81.699	K2III
4667	37140				Lyn	77.882	A5m
4668	37428				Gem	467.290	K5
4669	37949			51	Cam	100.705	K2III:
4670	45461				UMa	88.106	F0III
4671	49164				Car	0.000	A9IV
4672	50885			25	Sex	104.167	B9p Si(CrSr)
4673	50993				Car	95.969	F2III
4674	53394				Car	93.458	K0III
4675	55874		κ	16	Crt	70.077	F4III-IV
4676	58158				Hya	167.785	K4III
4677	63165				Mus	176.367	G8III
4678	63688				Mus	306.748	B1.5IIIne
4679	68670				Cen	167.224	K2III
4680	69995				Cen	73.475	A1V
4681	71759				Boo	50.813	F0V
4682	76424		τ⁵	18	Ser	52.056	F3V
4683	77086				Lup	143.885	A0V + B
4684	78542				Dra	248.756	K5III
4685	79120				Ser	121.507	K5III
4686	79137				Ser	28.313	K1+...
4687	79953				Her	196.078	K6III
4688	81523				Sco	112.108	B9.5V+...
4689	83896				Sco	78.247	Fm
4690	84731				Ara	763.359	K2IIICN...
4691	85520				Ara	302.115	G8II/III
4692	87074				Ser	183.823	B9V
4693	87813				Ser	73.965	A0V
4694	90844			61	Ser	188.324	A4III
4695	91347				Sgr	104.384	A5IV
4696	92398		ν¹	8	Lyr	401.606	B3IV
4697	93624				Tel	99.800	K0/K1III
4698	93763				Sgr	219.298	B8IIIsp...
4699	94311			19	Lyr	273.224	B9p Si
4700	96977				Cyg	602.410	A5III
4701	103836				Mic	67.340	K2III
4702	103956				Cyg	114.286	K0III
4703	105811			69	Cyg	0.000	B0Ib
4704	109577				Peg	54.945	K1III
4705	112041				Lac	91.743	G9III
4706	112241				Lac	212.314	K5III+...
4707	117541				Aqr	91.158	K0IV
4708	117761			24	Psc	137.363	G9III
4709	1096				Scl	396.825	K5III
4710	2377				Cas	235.849	B9IIIn
4711	2787			14	Cet	54.496	F5IV
4712	3521				Phe	64.391	A7V
4713	7643				Scl	101.833	K0III
4714	8423				And	104.603	K0III
4715	8593				Phe	77.160	A1V
4716	10234			63	Cet	119.048	G9III:
4717	13367				Cas	395.257	F5:Ib-II
4718	15669				Per	43.706	F6V
4719	19376				Tau	124.533	B9.5V
4720	20619				Ret	215.054	K4/K5III
4721	21247				Cam	101.729	A8m
4722	25291				Aur	211.417	B9III
4723	31676			8	Lyn	52.056	G8IV-V
4724	32938				Pup	55.218	A3V
4725	34358				Gem	201.207	K4III
4726	34817				Pup	278.551	B4V
4727	36156			61	Gem	136.986	F2Vn
4728	38167				Pup	158.228	B9V
4729	41117			20	Cnc	117.786	A9V
4730	41578			29	Cnc	105.263	A5V
4731	45661				Lyn	86.957	A8V
4732	56148			58	UMa	53.419	F4V
4733	56318				Crt	147.493	K4III
4734	56727				Mus	108.460	K0III
4735	60157				Crv	118.343	K0III+...
4736	70384				Boo	135.501	A3V
4737	77272				Dra	269.542	K3III
4738	82902				Ara	116.144	A0III
4739	84105				Ara	341.297	M1/M2III
4740	85382				Her	88.417	A0V
4741	86266				Ser	473.934	F0IV
4742	87390				Sco	173.310	M2III
4743	88694				Sgr	17.553	G3V
4744	101123		ο	12	Cap	66.357	A1V
4745	104101			4	Equ	48.924	F8V
4746	107374				Cep	917.431	O9II
4747	108849				Oct	62.578	F3III
4748	111925				Lac	112.360	B8V
4749	113686				Aqr	452.489	K0
4750	4903			39	And	107.296	A5m
4751	5661				Scl	69.396	A9IV: (+F/G)
4752	7447				Psc	58.072	F0IV
4753	12821				Cas	126.743	A5III
4754	16664			7	Tau	131.579	A3V
4755	17846				Per	74.184	A9IV
4756	19996				Eri	232.019	G8III:
4757	20241				Per	123.153	K0III
4758	20892				Eri	94.518	K2III
4759	21042				Eri	120.482	K0II
4760	23261			5	Aur	59.737	F5V
4761	27253				Ori	39.277	G4V
4762	27713				Ori	98.912	A2Vn
4763	28085				Lep	88.653	K0/K1III
4764	31599				CMa	210.970	K4/K5III
4765	33729				Mon	330.033	B9III
4766	35054				Pup	167.785	B4III/IV
4767	35127				Mon	121.212	K0
4768	36345				Pup	228.310	B3V+...
4769	36496				Car	145.560	M1III
4770	37478				CMi	139.470	A0V
4771	40693				Pup	12.494	K0V
4772	41321				Vol	112.360	G8/K0III
4773	42147				Pyx	179.533	A1V+...
4774	43899				Hya	221.730	K3III
4775	44892			75	Cnc	31.008	G5IV
4776	44897				Lyn	19.190	F9V
4777	46859				Hya	226.757	K4III
4778	48191				Ant	124.070	K2III
4779	48527				Vel	704.225	B2V
4780	50319			35	Leo	31.172	G2IV
4781	52577				UMa	380.228	C5II
4782	53035				Sex	155.039	K2
4783	53334				Car	442.478	K4III
4784	54049			62	Leo	185.874	K3III
4785	56473			90	Leo	581.395	B4V
4786	56970				Cen	349.650	M1III
4787	58460				UMa	227.273	K1III
4788	58921				Cru	209.644	M2III
4789	59050				Mus	125.945	G8/K0III
4790	59285			10	Vir	73.046	K3III
4791	60595				Vir	70.522	A1V
4792	62207			10	CVn	17.376	G0V
4793	64224			50	Vir	212.766	K5III
4794	68009				Cha	245.700	K2/K3III:p
4795	76716				Nor	30.931	F6V
4796	76877				Aps	129.199	B9V
4797	77939			47	Lib	236.407	B2/B3V
4798	79797				TrA	52.219	A4V
4799	82650				Sco	232.019	M3II/III
4800	83235				Sco	98.522	K2IIICN...
4801	84226				Sco	543.478	B1Ib
4802	84425				Sco	30.590	G0V
4803	87875				Oph	118.483	A3V
4804	90606				Oct	119.048	K2III
4805	93862				Tel	117.924	A0V
4806	98461				Sgr	107.759	G8/K0III
4807	100501				Cyg	259.067	M0III
4808	103545				Aqr	87.184	A9V
4809	111045				PsA	39.872	F0V
4810	116368				Aqr	113.895	K4III
4811	116714				Cep	79.114	A3V
4812	117265				Cep	456.621	B2IV
4813	117500			79	Peg	88.339	A2m
4814	118092				Tuc	66.050	A2p
4815	1706				Hyi	174.825	K3III
4816	8598				Per	41.684	F5V
4817	9631			61	Cet	110.988	G5V...
4818	10296				Ari	228.833	K0
4819	15968				Hyi	39.401	F3V
4820	22361				Cam	47.059	A9IV
4821	24786				Lep	25.025	G0V
4822	26535				Ori	411.523	B1.5IV
4823	27560				Ori	178.253	K2III
4824	27747				Ori	343.643	B9V + G
4825	33603				Mon	257.069	G8III
4826	33929				Gem	246.914	M1.5
4827	34002				Mon	101.937	A3Vs
4828	34349				Car	166.945	K0III
4829	35084				Car	128.041	K0V
4830	39527				Vel	363.636	G5II
4831	39659		μ¹	9	Cnc	228.310	M3III
4832	40932				Car	543.478	B1.5III
4833	41328				Pup	110.988	A3m...
4834	42365				Cnc	124.688	K2III:
4835	43553				Lyn	164.745	K0III
4836	43587	Copernicus	ρ¹	55	Cnc	12.341	G8V
4837	45590				UMa	130.378	A1V
4838	47224				Ant	110.132	K2III
4839	47401				UMa	154.083	K5
4840	52127				Car	209.205	M1III
4841	56452				Hya	9.559	K0V
4842	61158				Cru	75.132	A8III
4843	66427				Cen	127.227	G8/K0III
4844	66924				Cen	110.375	K0III
4845	66984				Cen	613.497	B8III
4846	68455				Cir	76.103	F0V
4847	69174				Cen	251.256	B9IV
4848	70894				Vir	79.302	A5IV
4849	74696				Lup	49.875	A3m
4850	81966				Ara	223.214	G8III
4851	89440			16	Sgr	0.000	B0.5Ib/II
4852	89448			37	Dra	84.674	K1III:
4853	93537				Sgr	606.061	K0II/III
4854	100256				Del	80.321	A5m
4855	101082			74	Dra	63.735	K0III+...
4856	103371				Cyg	0.000	O6...
4857	106642				Cyg	174.825	M4IIIe-M6e
4858	107302			45	Cap	52.994	A7IV/V
4859	107350				Peg	17.886	G0V
4860	108505				Cep	284.091	M3III
4861	110179			45	Aqr	113.379	K0III
4862	115144				Aqr	427.350	K2/K3III
4863	0				Boo	12.757	dG2
4864	0		η	2	CrB	18.622	G2 V
4865	4572				Cas	107.411	A0III
4866	5510			33	Cet	235.294	K4III
4867	5778			87	Psc	139.470	B8III
4868	6492				Psc	306.748	K5
4869	7906				Tri	157.729	K0III
4870	9533				Ari	206.186	M2III
4871	13679				Cet	42.974	F7IV
4872	14764				Ari	136.426	B8V
4873	15334				Per	153.374	A2IV
4874	17027			21	Eri	33.704	K1V
4875	18170				Tau	41.322	F4V
4876	20614				Tau	50.531	F4V
4877	21847				Per	31.867	G0V
4878	22697				Tau	106.383	F2IV
4879	23831				Lep	36.697	G2V
4880	26386				Ori	251.889	K4II SB
4881	26926				Ori	49.950	F3V
4882	27435				Ori	15.177	G4V
4883	27588				Ori	316.456	G8III+...
4884	28110				Ori	120.048	A0IV
4885	29771				CMa	238.663	B2/B3V
4886	41250				Pup	549.451	B3V
4887	48802				UMa	145.560	G8III
4888	50480				Vel	163.132	B9V
4889	52340				Cha	284.091	B5IV
4890	63533			38	Com	124.688	K0III
4891	65545				Vir	78.308	A7III
4892	67239			3	Boo	89.686	F6IV-V
4893	67485				UMa	125.786	G3V
4894	73937				Lup	121.359	Ap Si
4895	76311				Dra	118.064	K4III:
4896	79938				Sco	325.733	K3IIICNpvar
4897	84656				Her	97.087	G7III:
4898	86575				Oph	346.021	G7III
4899	86871				Pav	125.945	G8III
4900	89047				Dra	50.226	K1III
4901	96760				Sgr	109.890	K0III
4902	99171			64	Aql	46.948	K1IV
4903	101986				Cyg	137.552	K2III
4904	104752				Mic	112.108	K0III
4905	105224				Equ	289.017	K5III
4906	105727				Cep	111.111	G6III:
4907	106340			6	PsA	154.321	A2V
4908	108975				PsA	377.358	B3V (+B)
4909	109602				Peg	0.000	K0
4910	111515				Aqr	92.937	K1III
4911	113801				Aqr	73.475	K0III
4912	114189				Peg	39.401	A5V
4913	518				Cas	21.478	G5V
4914	3697			60	Psc	141.243	G8III
4915	6711				And	41.719	F7V
4916	7740			105	Psc	120.192	K2III
4917	12562				Cet	47.214	F5V
4918	15241				Per	134.589	G8IV
4919	16339				Hor	120.337	A2V
4920	16599				Cam	74.405	A3V
4921	21986			55	Eri	653.595	F4IIIp (Sr)
4922	22840				Ori	222.222	B5V
4923	24831				Col	134.048	A0V
4924	26606				Aur	324.675	B2IV-V
4925	28562				Aur	242.131	K0
4926	36055				Mon	371.747	CIb...
4927	36236				Pup	295.858	B5III
4928	39014				Pup	301.205	B4V
4929	41674				Vel	176.678	B7IV
4930	43550				Lyn	161.551	K0III
4931	45412				Lyn	130.039	G6III
4932	49844				Vel	69.444	K3III
4933	51623				Car	0.000	A2Iab
4934	52827				Car	0.000	A0Ia
4935	57165				Cen	260.417	K3III
4936	64033				Cen	170.068	B9IV+...
4937	66907				CVn	146.843	G5III
4938	68498				Boo	82.850	A2V
4939	74224				Lup	131.406	G6III
4940	74561				Boo	203.252	K5
4941	77412				Ser	144.718	K2III
4942	83216				Ara	106.838	G5IV
4943	83693				Sco	142.248	A2IV
4944	83854				Oph	114.942	K0III
4945	84402				Oph	89.365	K1III
4946	85442				Oph	226.244	B9.5IV
4947	85543				Sco	245.098	K0III
4948	88550				Sgr	105.597	K2III
4949	89156				Her	237.530	A3V
4950	93287				Pav	136.054	K0III
4951	95999				Pav	387.597	K4/K5III
4952	96481				Aql	371.747	G0Ib
4953	96840				Aql	0.000	B5V
4954	103652				Equ	75.815	A7V
4955	107129				Cyg	625.000	C6.3
4956	109466				Aqr	101.937	K0III-IV
4957	111967				Tuc	261.097	K4III
4958	115065			9	And	129.534	A7m
4959	116728				Cep	100.402	G8III
4960	0				Car	0.000	G8III
4961	0				Boo	0.000	A8III
4962	671				Cet	98.425	G8III:
4963	2159				Scl	176.056	K0III
4964	3352				Tuc	70.822	K5III
4965	4552				And	56.370	K0
4966	4998				Cas	326.797	K2
4967	10729			7	Per	251.256	G7III
4968	11095		κ		Hyi	97.276	K0III
4969	12608				For	126.422	G8III
4970	18339				Eri	49.213	Ap SrEu(Cr)
4971	22176				Tau	80.192	K4III
4972	22220				Per	132.802	G9III
4973	24575				Aur	574.713	O9.5Vvar
4974	25187				Ori	122.699	B8+...
4975	25816				Aur	128.866	K0IIIp
4976	26624				Ori	42.571	A8Vs
4977	27939				Ori	268.096	K0III
4978	29692				CMa	62.539	K1III
4979	29711				Mon	65.062	A5IVs
4980	31876				Gem	78.864	A2V
4981	34914				CMa	245.098	K4III
4982	35712				CMi	500.000	B8III
4983	37345				Pup	429.185	B4III
4984	39236			5	Cnc	165.563	B9.5Vn
4985	46101				Car	110.988	K0III
4986	47559				Vel	574.713	B4V
4987	53272				Car	233.100	B6V
4988	53726				UMa	253.807	M2III
4989	55280				Car	36.684	F6IV
4990	62058				Cru	117.096	B9Vn
4991	62786				Cen	142.857	B7/B8V
4992	63494			46	Vir	100.301	K2III
4993	70363				Lup	112.994	K1III
4994	70987				Cen	96.618	K1III
4995	75256				Dra	136.986	A0sp...
4996	81854				UMi	36.101	F4V
4997	81992				Sco	216.920	A3IV
4998	82611				Her	201.207	K2III
4999	82806				Ara	144.092	A0III
5000	84431				Her	173.310	K2III
5001	85751				Ara	561.798	B7II/III
5002	88012				Sgr	555.556	B3II/III
5003	89587				Ser	103.413	G3III
5004	90052				Oph	134.771	A2V
5005	92391				Sct	534.759	K2Ib
5006	92833				Lyr	358.423	G8III+...
5007	96895			16	Cyg	21.079	G2V
5008	98738				Sge	248.139	K3Iab:
5009	101909				Del	413.223	B3V
5010	102162		μ¹		Oct	101.112	F4III-IV
5011	102945			4	Aqr	60.717	F5IV-V
5012	103219				Cep	124.378	G5III
5013	105574			17	Aqr	224.215	M0III
5014	112117				Gru	23.635	G0
5015	112862			21	PsA	98.912	G8/K0III
5016	115806			69	Peg	110.620	A0MNp...
5017	116653				Oct	161.812	K0II/III
5018	116768				Peg	54.407	A2m
5019	3137				Phe	94.162	K1IIICN...
5020	9564			52	Cas	83.893	A1Vn
5021	10215				Cet	47.596	F5V
5022	11687				Cet	86.281	A7III-IVs
5023	11843			29	Ari	29.940	F8V
5024	20075				Eri	462.963	M4III
5025	20493				Tau	170.068	B8IV-V
5026	23766				Cam	143.885	K5II
5027	27265			129	Tau	225.225	B8IIIMNp...
5028	29808				Col	123.305	A2Vm...
5029	30318				Ori	69.832	F0III
5030	34182			44	Gem	123.001	B8Vn
5031	34561				CMa	684.932	B1Ib/II
5032	35611				CMa	763.359	B3V
5033	40183				Vel	320.513	B5V
5034	40889				UMa	248.756	M0III
5035	43392				Vel	769.231	O9V
5036	50546				UMa	44.405	K0
5037	51194				Car	68.446	A2V
5038	51200				UMa	66.094	A2V
5039	59384				Cam	336.700	K5III:
5040	60979				Cen	226.244	M2II/III
5041	61688				Crv	67.295	F0V
5042	62983				Vir	68.493	A2V
5043	63340				Dra	166.113	K0III
5044	63948			39	Com	49.677	F4V
5045	65129				Cen	0.000	B0.5Ia
5046	66575				Cen	0.000	G5Ib
5047	66925				Cen	884.956	B0.5III
5048	67545				Vir	154.799	K0
5049	68101				Cen	38.700	G8V
5050	71094				Boo	73.638	A7Vn
5051	72848				Boo	11.510	K2V
5052	76810		τ⁶	19	Ser	185.874	G8III
5053	77678				Nor	137.741	K1IV
5054	78665				Lup	55.218	F5IV/V
5055	83601				Oph	20.665	F9V
5056	84631				Her	139.665	A1V
5057	86561				Dra	92.937	K0III:
5058	87616				Sco	315.457	B9IV/V
5059	91525				Dra	165.563	A0p...
5060	93855				Sgr	259.067	B7V
5061	96198				Cyg	406.504	M4.5III
5062	97402				Vul	126.904	K0II-III
5063	97499				Aql	96.432	K5III
5064	105080				Cep	369.004	K3III
5065	107487			47	Cap	363.636	M3III
5066	108612			18	Peg	328.947	B3III
5067	110873				Peg	265.957	K2
5068	0				Tuc	20.921	A
5069	0				Oph	5.086	K5 Ve
5070	760				Cep	105.485	A7IV
5071	3436				Cet	56.402	K1III
5072	6981			97	Psc	146.199	A4IV
5073	8475				Per	127.551	A3V
5074	8998				Cet	39.888	F7V+...
5075	9859			11	Ari	268.817	B9IV-Vn
5076	10203			16	Ari	235.294	K4III
5077	16266				Eri	118.765	G5
5078	17007		τ		For	117.786	A0V
5079	21137			85	Tau	45.167	F4V...
5080	21269				Tau	170.940	G8III
5081	21459				Tau	47.529	F5IV
5082	28930				Aur	225.225	M3II comp
5083	31758				CMa	149.477	A0IV
5084	33800				Car	54.142	F0V
5085	34055				Gem	581.395	K5
5086	37394				Mon	95.329	A3IV
5087	39122				Pup	101.317	A2V
5088	41282				Pup	35.162	F2/F3V
5089	41597				Hya	448.430	F2III
5090	43726				Hya	17.385	G3V
5091	46288				Hya	211.864	K3III
5092	48341			6	Sex	63.573	A8III
5093	50536				Hya	65.660	A8III
5094	50635				UMa	162.602	K3III:
5095	51213			45	Leo	129.199	A0sp...
5096	51905		φ²		Hya	232.019	M1III
5097	54136			51	UMa	78.864	A3III-IV
5098	59364				Com	89.047	A4Vn
5099	63490				Cen	41.528	F3V
5100	63584				Dra	36.887	F6V
5101	64212				CVn	106.496	K3III
5102	64979				CVn	63.012	F0IV
5103	66015			73	Vir	76.570	A7IV/V
5104	68279				Boo	170.940	K5III
5105	70949				Vir	212.766	K4III
5106	75674				Ser	244.499	M1III
5107	77358				Lup	15.354	G6IV
5108	85333				Oph	204.499	A0...
5109	86527				Sco	241.546	K3III + (G)
5110	87445				Her	203.666	K4III
5111	88190				Her	256.410	K6III
5112	89827				Her	183.150	K4III
5113	98575				Sgr	107.643	K0III
5114	99579				Cyg	106.157	K1III:
5115	102080			10	Del	155.521	K4III:
5116	102805			15	Del	30.619	F5V
5117	103734				Cyg	191.939	G5III
5118	105891				Cyg	137.363	B6V
5119	111314				Cep	77.700	A9III
5120	112998				Cep	389.105	K2V:
5121	117956				And	434.783	G8Ib
5122	118071				And	322.581	F8III
5123	1196			35	Psc	77.760	F0IV
5124	9220				Cas	223.714	B5III
5125	14748				Ari	141.844	K3III
5126	19261				Tau	43.630	F3V
5127	23377				Cae	111.857	G8III
5128	24072				Aur	485.437	B2II: comp
5129	25482				Dor	77.882	F0IV/V
5130	31852			54	Aur	258.398	B7III
5131	33614			62	Aur	256.410	K2III
5132	34999				Mon	869.565	B0III
5133	35213				CMa	92.937	A5m...
5134	37823				Pup	251.889	B6IV
5135	38732				Pup	621.118	B6V
5136	39261			53	Cam	98.717	A2p...
5137	41224				Lyn	294.985	K5III
5138	43620				Car	92.421	A0V
5139	45418				Car	181.818	B7IV
5140	45481				Vel	0.000	A1Ib+...
5141	48414			7	Sex	202.840	A0Vs
5142	50174				Leo	56.818	F9V
5143	52366				LMi	248.756	M2III
5144	55564				UMa	86.806	A3V
5145	57240				Leo	787.402	K5III
5146	60771				Cru	203.252	B8IV
5147	61936			76	UMa	160.000	A2III
5148	61951				Crv	62.035	F2V
5149	62757			37	Vir	183.486	K4III:
5150	67005				UMa	96.061	A1V
5151	69090				Aps	28.498	G1V
5152	71277				Boo	155.521	K5III
5153	74421				Aps	300.300	B8/B9III
5154	76935				Nor	188.679	K2III
5155	79601				UMi	203.252	A3V
5156	81873				TrA	100.604	A0Vn
5157	81911				Her	53.333	F2.5III-IV
5158	82037			16	Oph	153.139	B9.5III
5159	90651				Sct	104.822	Ap
5160	90759				CrA	67.843	A3V
5161	91373				Lyr	526.316	M4.5II
5162	91915				Dra	109.529	G7IV
5163	94382				Vul	235.849	A2Vn
5164	94755				Cyg	42.035	F6IV:
5165	102011				Cep	32.906	F6IV
5166	102033				Cyg	74.239	A2V
5167	106171				Cyg	158.479	A3V
5168	107423				Ind	227.790	B8IV
5169	108626				Ind	166.667	B9IV/V
5170	116097				Phe	104.932	K0III
5171	0				CMi	71.429	A0III
5172	3604				And	131.062	B9.5IIIMNp.
5173	5074			73	Psc	199.601	K5III
5174	7387				Hyi	40.193	F2V
5175	13387				Hor	163.666	K1III
5176	15353				Ret	54.945	A3V
5177	15850				Tau	140.449	K0III-IV
5178	16181			66	Ari	64.433	K0IV
5179	23380				Cam	35.600	F4V
5180	24384				Pic	189.036	K3III
5181	26427				Ori	408.163	B1Vvar
5182	27421				Tau	167.504	B9Vn
5183	28154				Tau	0.000	A0Ia
5184	30794				Cam	177.936	A4V
5185	31617				Col	110.375	K0III
5186	33044				Aur	293.255	K3III:
5187	33243				Mon	334.448	G6III:
5188	33444				Lyn	247.525	K3III
5189	34780				Car	147.710	A0IV/V
5190	38325				Lyn	29.603	F6V
5191	38394				Gem	138.889	K1III:
5192	38868				CMi	103.199	K0III
5193	40231				Cnc	147.493	G8III
5194	41214				Hya	63.371	F2V
5195	42895				Vol	58.617	A9V
5196	53465				UMa	95.511	K2III
5197	53791				UMa	44.346	F9V
5198	60467			4	CVn	95.147	F3IV
5199	60599				Com	145.985	K0III
5200	70325				Lup	311.526	K2III
5201	71530				Cir	27.894	F7V
5202	74000				Boo	72.202	A3V
5203	79490				Nor	490.196	M0III
5204	82259				Oph	151.286	A0IV/V
5205	84792				Oph	115.207	A0V
5206	87532				Sco	63.331	F2V
5207	88020				Her	113.250	G5III:
5208	89637				Sgr	341.297	B3/B4IV/V
5209	94598				Sge	208.768	G8III
5210	95002		ω²	29	Aql	81.500	A2V
5211	95408				Sgr	273.224	B2Vnn
5212	96387			11	Cyg	184.843	B8Vn
5213	98143				Cyg	318.471	B5IV
5214	101160			1	Del	227.790	A1sh
5215	111869				Lac	305.810	G3Ib-IICNe.
5216	113044		τ¹		Gru	32.616	G3IV
5217	117880				Phe	27.701	F8IV
5218	117957				Cas	0.000	B0.5IIv SB
5219	2789				Phe	70.771	K0IV
5220	3988				Cas	0.000	K5Ib
5221	5824			88	Psc	159.236	G6III:
5222	5936				Psc	106.724	K1III
5223	9568				Cep	295.858	K0
5224	12862				Cet	49.092	F0III:
5225	22144				Cae	97.276	K1III
5226	22354				Ori	210.526	K1III
5227	23643				Ori	357.143	B5IV
5228	23777				Lep	113.636	B9.5/A0IV
5229	26264		ι		Men	261.780	B8III
5230	26712				Aur	190.476	B9.5III-IVp
5231	27341				Ori	204.918	A4V
5232	27778				Aur	236.407	M2II:
5233	28500				Gem	704.225	B9Iab
5234	28520				Lep	109.890	A0V
5235	28637				Aur	130.208	B9.5IV
5236	29371				Ori	132.100	A0Vnn
5237	29993				CMa	175.131	M1III:
5238	32368				CMa	145.985	K2III
5239	36017				CMa	0.000	A6II
5240	40818				Hya	168.634	G8III
5241	42049				Cnc	57.737	F3IV
5242	44213				Vel	320.513	B3Vne
5243	45033			79	Cnc	112.867	G8III
5244	45058				Cnc	143.472	M6S
5245	45814				Vel	156.740	K3/K4III
5246	51551				Hya	42.699	F6/F7V
5247	51560				Vel	194.553	B4
5248	52113				Hya	111.359	A0Vn
5249	58453				Cen	314.465	K1/K2II
5250	64994				Mus	170.068	K3III
5251	67271				Vir	186.567	K5III
5252	71581				Cen	221.239	K3III
5253	76372				Ser	221.239	K0III:
5254	78046				Lup	173.310	B9V
5255	78286				Her	48.996	F0IV
5256	80021				Her	98.135	G8II
5257	83138				Dra	93.110	K1III:
5258	85788				Ara	446.429	F8/G0Ib
5259	86178				Her	69.638	A5V
5260	89279				Her	203.252	B9IIIn
5261	91852	Xihe			Lyr	139.470	G8
5262	92008				Pav	354.610	K3III
5263	92394				Pav	215.983	B9.5IV/V
5264	93354				Lyr	118.203	K0III:
5265	97087				Cyg	331.126	B8III
5266	97515				Sgr	46.425	F3V
5267	97674				Pav	57.904	F2III-IV
5268	103301				Del	141.643	G6III-IV
5269	103777				Cap	92.937	A3V
5270	109624			39	Aqr	42.052	F0V
5271	110498				Cep	227.790	A1V
5272	113137		ρ		Ind	26.745	G4IV-V
5273	115272				Gru	86.207	Fm...
5274	2224			48	Psc	233.645	K5III
5275	2235				Psc	36.550	F6Vawvar
5276	3356		λ¹		Scl	145.138	B9.5V
5277	8366		τ²		Hyi	61.843	F0III
5278	10054				Cep	70.572	A1V
5279	10403				And	39.588	F5V
5280	10438			55	Cas	218.818	B9V+...
5281	13402				Eri	10.352	K1V
5282	13713				Per	319.489	K3III:
5283	14315				Cet	131.926	K0III
5284	17921				Tau	112.867	B8III
5285	18485			33	Tau	208.768	B9.5IV
5286	18592				Ret	61.387	F2IV
5287	19730				Cam	144.928	K1III
5288	21611				Men	157.729	K2III
5289	23442				Cam	208.768	K5III
5290	25007				Col	440.529	B5II/III
5291	26942			24	Cam	59.172	K0III
5292	29843				CMa	40.258	F8/G0V
5293	30272			4	Lyn	152.207	A3V
5294	30570				Gem	150.602	A2Vn
5295	30711				CMa	29.869	F8/G0V
5296	31646				Mon	0.000	O8e
5297	31859				CMa	208.333	A0V
5298	33094				CMa	25.893	G3/G5V
5299	36395				Pup	35.088	F5V
5300	37580				Gem	59.809	F7V
5301	38370				Pup	641.026	B2IV
5302	38975				Cnc	367.647	K0
5303	39067				Cnc	99.800	K2
5304	41373				Vel	69.444	A0V
5305	41574			28	Cnc	136.612	F0Vn
5306	42794				Cha	92.850	A7V
5307	45127				Vel	334.448	B5III
5308	46093				Vel	0.000	A7Iab
5309	46114				Vel	149.031	A6/A7III
5310	46328				Car	69.784	A3Vn
5311	48119				Vel	101.626	K0III
5312	48876				Leo	137.931	K3III
5313	50109				Leo	157.233	G5III-IV
5314	51302				Sex	79.239	A1sp...
5315	52959			44	LMi	86.655	F5V
5316	55595				Leo	193.424	K3
5317	56364				Crt	124.533	F8/G0Ib/II
5318	57214				Vir	123.609	G8III:
5319	57646				Leo	62.972	A3m
5320	58041				Cen	473.934	A0/A1III
5321	58697				Oct	113.766	K3III
5322	59551				Mus	502.513	F6Ib
5323	59895				Crv	134.953	A2V
5324	60851				Cru	97.943	A0Vn
5325	61103				Vir	246.305	K5
5326	64320				Cen	115.741	Ap
5327	67890				Hya	64.851	K2III
5328	72310				Lib	505.050	K4/K5III
5329	74716				Lup	632.911	B3IV
5330	76608				Lup	146.843	A4:m...
5331	77454				Nor	200.401	K2/K3III
5332	81440				Oph	113.250	A0pe...
5333	81904				Sco	162.075	B9II/III
5334	83100				Sco	96.712	A3III
5335	83255				Oct	192.308	A2V
5336	85783				Oph	119.617	B9II/III
5337	86462				Her	193.424	M2III
5338	87516				Sco	190.114	K1III
5339	87722				Sco	300.300	B9.5III
5340	89470				Sgr	436.681	Ap Si
5341	93925				Sgr	389.105	K3III
5342	100232				Aql	120.482	K0
5343	104217			61	Cyg	3.498	K7V
5344	104914				Cap	111.111	K0III
5345	105432				Cyg	186.567	A1V
5346	2852				Cet	48.876	A5m...
5347	3269				And	126.743	A7m
5348	3489				Tuc	87.642	F5III/IV
5349	4979			26	Cet	60.132	F1V
5350	13832				Per	180.180	K3III
5351	14365				Per	124.533	K0III
5352	17437				Per	312.500	K4III
5353	19823				Cam	429.185	A4III
5354	20715				Tau	198.020	B6IV
5355	21239				Eri	227.790	K0
5356	22488				Cae	52.549	F1III-IV
5357	22842				Aur	95.602	A0V
5358	35442				CMa	0.000	F2Ia
5359	37248				Car	191.939	B9IV-Vp...
5360	37843			2	Pup	77.821	A6/A7
5361	38319				Gem	70.472	A2m
5362	48835				Vel	549.451	B3V
5363	50851			43	Leo	71.124	K3III
5364	53818				Hya	31.387	F8V
5365	55140				Car	746.269	M2III
5366	59898				Mus	95.969	A0V
5367	62026				Cru	108.460	B9V
5368	64790				Mus	38.730	F5V
5369	65289				Mus	280.899	B6V
5370	70874				Aps	150.830	K0/K1III
5371	70892				Boo	110.132	A0Vs
5372	71639				Lup	35.002	F7V
5373	72122				Vir	289.017	M1III
5374	73107				Cen	195.312	K3III
5375	79622				Sco	148.810	B8V
5376	80558				Oph	142.857	G8III
5377	82780			56	Her	136.799	G5III
5378	83504				Her	97.943	K1III
5379	83853				Oph	89.525	A3V
5380	89597				Tel	121.803	B9V
5381	92098				Lyr	279.330	B6V
5382	92243				Lyr	338.983	B3IVp
5383	95167				Dra	107.759	A3V
5384	95978				Dra	186.916	K2
5385	97892				Cyg	104.167	A3V
5386	102989		β		Mic	147.929	A1IV
5387	103414				Aqr	93.985	K2III
5388	107173				Peg	214.592	B5IV
5389	108494				Cap	322.581	M2III
5390	112127				Gru	108.578	K1IV
5391	117105				Tuc	46.533	G8IV
5392	544				And	13.671	K0V
5393	1465				Psc	153.846	K0III
5394	4185				And	107.875	K3III:
5395	5483				Psc	165.017	M0III
5396	6522				Cep	0.000	A0Iab
5397	8983				Hyi	47.438	F0IV/V
5398	9999				Cet	283.286	M1III
5399	12160				Tri	113.766	K0
5400	12584				Cet	201.207	G9III:
5401	15118				Per	72.886	K2III
5402	15870			65	Ari	95.694	A1V
5403	19302			49	Per	44.092	K1III
5404	29569				Aur	127.877	K1III
5405	29728				Ori	200.401	B6V
5406	32504			12	CMa	241.546	B7II/III
5407	34768				CMi	168.350	A1V
5408	38147				Gem	233.645	K0
5409	40341				Pup	694.444	B2V
5410	41361				Pup	171.821	B9IV/V
5411	43002				Pyx	103.842	A3IV/V
5412	43822			17	Hya	88.496	A3
5413	44342			67	Cnc	58.005	A8Vn
5414	49926				Car	245.700	M5III
5415	50044				Car	746.269	B4Ve
5416	51448				UMa	94.251	A7III
5417	54294				Car	398.406	K2II/III
5418	54540				UMa	111.235	F0sp...
5419	59353				Cen	72.359	A5V
5420	60992			75	UMa	119.760	G8III-IV
5421	65951				CVn	80.386	K2III
5422	69241				Cir	0.000	K4II
5423	69298				Cir	69.493	A6IV
5424	71154				Cen	101.215	K0III
5425	72308				Lup	862.069	A1III/IV
5426	74493		ι²	25	Lib	69.881	A2V
5427	75369				Boo	150.376	K2III
5428	77801			39	Ser	17.349	G0IV
5429	78575				Sco	134.409	K2/K3III
5430	78685			43	Ser	110.620	G9III
5431	80910				Sco	68.587	K1III
5432	81670				Her	132.100	K2
5433	81728				Oph	87.566	A7III
5434	82012				Her	221.730	K4III
5435	82162			19	Oph	166.113	A3V
5436	82691				Sco	416.667	O7e
5437	83481				Ara	151.286	A2/A3V
5438	89096				Tel	173.913	K1III-IV
5439	90487				Oph	362.319	K3III
5440	91196				Dra	66.445	F0V
5441	93720				Lyr	198.020	M2III
5442	98959				Pav	17.727	G2V
5443	101949				Cyg	283.286	B6IIIp Mn
5444	103703			21	Cap	160.514	K3III
5445	104538			6	Equ	135.870	A2Vs
5446	104765				Cyg	471.698	F0III
5447	105558				Cyg	112.233	K1III
5448	106938				Cap	94.162	K0
5449	107097			76	Cyg	152.207	A2V
5450	112635				Cep	180.180	K0
5451	116030				And	208.768	G9III
5452	116737		θ		Phe	78.864	A+...
5453	1939				Psc	151.745	K1III
5454	4366			67	Psc	77.760	A5IV
5455	14819				Eri	264.550	M1III
5456	20109				Dor	72.046	A8V+...
5457	20347				Eri	58.754	F2V
5458	23743			12	Cam	218.818	K0III
5459	24349				Ori	212.314	A5V
5460	25532				Lep	119.904	K0III
5461	26363				Aur	0.000	G3Ib
5462	28677			38	Aur	65.232	K0III
5463	29347				Lep	207.039	B9.5IV/V
5464	31168				Mon	210.526	K0III
5465	40085				Cnc	268.817	B6III
5466	41262				Lyn	267.380	K0
5467	44315				Hya	318.471	F3IV+...
5468	48396				Hya	119.760	K0III
5469	50292				Sex	197.239	K0
5470	52150				Car	436.681	K3II
5471	53379				Vel	149.925	A0p...
5472	59396				Cru	95.329	F0III
5473	68673				Cen	219.780	B8 Si
5474	73309				Lib	33.772	F8V
5475	81659				Her	95.877	A3Vn
5476	83494				Her	54.975	A5V
5477	84311				Ara	471.698	M1/2II/III+A
5478	84524				Oph	111.607	K0
5479	86476				Oph	157.233	K2.5Ib
5480	87926				Aps	185.874	K2III
5481	92524			8	Aql	78.616	F2III
5482	93966				Sge	21.432	G5V
5483	95898				Aql	621.118	K5Ib
5484	96882				Pav	185.529	M0III
5485	97028				Cyg	111.235	A1V
5486	100764				Sgr	104.822	K3III
5487	101919				Vul	220.264	A0III
5488	105860				Peg	46.361	A8m
5489	109276				Peg	88.183	F1IV
5490	115433				Tuc	260.417	M3III
5491	117075				Phe	69.204	G8IV
5492	117340				And	319.489	B3IV
5493	394				And	39.185	G2V
5494	5121			27	Cet	92.937	K0III
5495	8820				For	111.111	K1/K2III
5496	9295				Ari	98.619	A6V
5497	9318				Hyi	136.612	K2III
5498	10176			59	And	139.665	B9V
5499	11603				Cet	102.669	K2III
5500	12611				Eri	41.545	G8IV
5501	15988				Per	159.490	B7V
5502	17453				Tau	77.700	A0V
5503	17707				Cam	110.254	B9Vnn
5504	18481				Tau	70.225	A2Vn
5505	19641				Tau	105.042	K0III
5506	20106				Eri	89.847	A3m...
5507	21242			57	Per	59.172	F0V
5508	21298				Eri	219.780	K2III
5509	22034				Per	187.617	B8IVn
5510	22441			96	Tau	333.333	K3III
5511	23216			8	Cam	176.367	K4III
5512	25216			110	Tau	124.844	A2IV
5513	25317				Pic	144.928	K1III
5514	27118				Ori	58.858	F0III:n
5515	28686				Ori	158.982	A0Vs
5516	29705				Mon	214.133	B9III
5517	29789			8	Gem	136.986	G8III
5518	31813				Gem	129.199	G9III
5519	34142				CMa	105.932	K2IIICN...
5520	34253				Pup	205.339	G0III
5521	34318				CMa	280.899	K2III
5522	37406			23	Lyn	214.133	K5III
5523	38845				Pup	235.294	K3III
5524	39340				Cam	116.144	G1III
5525	43204				Hya	215.983	K0
5526	48017				Dra	131.234	F0V:
5527	49293				Sex	354.610	K0
5528	51676				Car	0.000	B7Ia
5529	51816				Vel	348.432	G8/K0II/III
5530	54214				Crt	59.702	F0Vn
5531	55979				Mus	240.385	B3V
5532	56789			60	UMa	99.206	F5IIIs
5533	60603				Hya	172.117	K3III
5534	65783				Mus	86.655	A2m
5535	68431				Aps	239.808	B9III
5536	69491				Cen	315.457	B5V
5537	72965		ζ		Cir	390.625	B3Vn
5538	74479				Lup	120.773	B8V
5539	79332				Her	124.224	A0V
5540	79692				Sco	178.571	A0III
5541	80788				Nor	0.000	G8Ib
5542	84489				Sco	31.437	F6V
5543	85302				Her	190.114	M4III
5544	86064				Ara	293.255	B9III
5545	86311				Sco	303.030	B8V
5546	87174				Ara	52.938	A9IV
5547	87379				Ara	156.006	B9.5III/IV
5548	87404				Ara	258.398	G6III
5549	87744				Dra	56.370	F0IV
5550	89023				Her	263.852	B9V+...
5551	93134				Sgr	137.931	K3III
5552	94929				Sgr	147.710	K4III
5553	95235				Lyr	109.890	K0III
5554	95929				Aql	248.139	A0sh
5555	99762				Pav	70.922	F0IV
5556	100325				Cap	104.058	B9.5III/IV
5557	100486				Cyg	176.991	K2
5558	101017				Mic	218.341	B8II/III
5559	101626				Pav	191.939	K2III
5560	105768				Pav	171.821	K2III
5561	113234				PsA	404.858	K3III
5562	117420				Aqr	243.902	K4III
5563	117931				Scl	271.003	B6/B7
5564	0		μ²	78	Cyg	22.401	G2 V
5565	1501			26	And	202.840	B8V
5566	4501				And	134.048	K2III
5567	9085				Eri	26.867	F8V
5568	14392				Per	77.280	G9III
5569	17475				Per	142.046	A7IV
5570	20781				Cae	33.135	F8V
5571	22955				Aur	0.000	B2Ib
5572	23617				Cam	171.233	A1V
5573	23680				Ori	377.358	N5
5574	25098		κ		Pic	194.553	B8/B9V
5575	26300				Pic	155.039	K2III
5576	26315				Aur	104.275	F0V:
5577	26395				Lep	62.893	A2V
5578	32332				Vol	195.312	K3III
5579	33041			59	Aur	150.602	F2V
5580	34338				Mon	203.666	B9.5III
5581	34782				CMa	47.551	A8III/IV
5582	37854				Car	273.224	F0II
5583	42928				Pyx	84.388	A5V
5584	43351				Vol	625.000	A3m...
5585	44708				Vel	334.448	B2IV-V
5586	45184			21	Hya	86.730	A3m
5587	48218			20	Leo	191.571	A8IV
5588	51245				Vel	224.215	K4III
5589	51795				Hya	65.920	F6V
5590	52112				Vel	198.020	Am+...
5591	55528				Cen	107.643	G8III
5592	57211				Cen	141.044	A2III/IV
5593	60591				Cen	53.967	G4IV
5594	64496				Com	106.270	G8III
5595	65376				CVn	355.872	M3III
5596	65892			72	Vir	53.220	F2V
5597	67714				Boo	103.950	A1V
5598	69623				Hya	169.205	A1V
5599	70270				Lup	671.141	B1III
5600	70952				Dra	31.786	F4IV
5601	72097				Cir	102.987	K0III
5602	72121				Cir	352.113	B2III
5603	73354				Lup	255.755	F5III
5604	75742				Lup	478.469	G2Ib
5605	76337		τ³	15	Ser	116.279	G8III:
5606	78355				Nor	308.642	B5IV
5607	78726				Lup	109.649	F3III
5608	82453				Sco	341.297	B8II/III
5609	87671				Sco	216.920	B9.5/A0III
5610	89527				Oph	236.967	M4III
5611	91119				Lyr	255.102	B5Vn
5612	91606				Dra	111.111	K0III
5613	92551				Lyr	313.480	B6IV
5614	96724				Cyg	149.925	A3IV
5615	98044				Cyg	134.409	G9III
5616	100758				Aql	161.031	K1III:
5617	101221				Cap	116.822	K1/K2III+..
5618	103646				Mic	40.258	F2V
5619	103894				Cyg	220.264	G8III
5620	105841		γ		Ind	66.845	F1III
5621	106243				Peg	151.286	B9.5V
5622	106703			7	PsA	73.910	A5V
5623	107186				Cyg	311.526	G8II
5624	107197				Cep	335.570	K1III
5625	107664				Cyg	145.560	B8V
5626	109509				Aqr	56.338	F6/F7V
5627	109902				Gru	191.205	G8/K0III
5628	116307				Peg	277.778	M3III
5629	0				Ind	28.902	
5630	365				And	386.100	B9III
5631	696				Cet	578.035	M0/M1IIICNp
5632	1415				Cas	735.294	O9IIInn
5633	2629		θ		Tuc	130.039	A7IV
5634	3685			59	Psc	100.604	F0Vn
5635	4363				Scl	292.398	M1/M2III
5636	5993				And	214.133	K5
5637	7271				Hyi	124.688	G3IV
5638	7361				Scl	114.416	K0/K1III
5639	11524				For	110.011	K2IIICN...
5640	13997				Per	201.613	B8Vn
5641	14040			7	Eri	255.102	M2III
5642	14749				Hor	134.409	K1III
5643	14821				Ari	131.234	K0IIIp
5644	17181			11	Tau	146.413	A2IV
5645	20255				Tau	48.309	F3:V...
5646	20765				Eri	97.656	A3V
5647	21718				Eri	219.780	K0
5648	22597				Ori	186.916	B5V
5649	22844				Dor	30.404	F3V
5650	22847				Cae	377.358	K3III
5651	23511				Aur	609.756	A2sh
5652	24041				Ori	99.701	K0III
5653	26414				Ori	344.828	B2IV-V
5654	27937				Pic	343.643	B3V
5655	30407				Mon	446.429	K5
5656	31674				CMa	80.000	K1III:
5657	32775				Pic	33.625	F7III-IV
5658	36807				Pup	82.305	A9IV
5659	38246				Pup	334.448	K1III
5660	40324				Pup	352.113	B2IV/V
5661	40926				Car	143.267	G6/G8III
5662	41163			21	Cnc	272.480	M2III
5663	41319			25	Cnc	44.944	F6V
5664	41907				Vol	121.212	G8III
5665	46840				Hya	116.686	F7IV-V
5666	48943				Hya	244.499	B5V
5667	49259				Vel	90.009	A0V
5668	54185				Vel	149.701	B9V
5669	54742		ψ		Crt	153.846	A0V
5670	55106				Crt	129.534	A2p...
5671	59750				Vir	22.351	F5V
5672	61404				Mus	336.700	M6II/III
5673	62394			34	Vir	83.264	A3V
5674	62875			38	Vir	32.733	F5V
5675	63211				CVn	104.384	K0III-IV
5676	66086				Com	134.589	G8III
5677	66574				Mus	130.039	K3III
5678	67696				Cen	52.687	F5/F6V
5679	75342			8	Ser	51.125	F0V
5680	77574				Nor	45.269	F0V
5681	78078				Lib	51.099	A2Ib/II
5682	80066				Sco	140.845	B9V
5683	80514				Her	109.409	G8III
5684	83359				Dra	115.741	G5V
5685	83575				Her	112.233	K1III
5686	86118				Her	112.867	A7IV
5687	88127			40	Dra	72.622	K2Vvar
5688	93523				Sge	246.914	K1III
5689	94144				Sgr	118.483	K1III
5690	95965				Sgr	237.530	A2V
5691	97423				Sgr	65.488	A6:IIIm...
5692	98485				Sgr	338.983	M0III
5693	99913			18	Sge	101.626	K1III
5694	101507				Cap	32.808	G0V
5695	105370				Cep	124.378	G5III
5696	105949				Cep	311.526	M3II-III...
5697	107140				Cyg	209.644	M4.5
5698	109303				Lac	42.772	K2III comp
5699	109659				Cep	210.970	A3V+...
5700	111567				Peg	143.061	K0
5701	113167			1	Psc	108.225	A7III
5702	114258				Oct	73.475	A7Vn
5703	1302				And	106.496	A2V
5704	1319			36	Psc	125.000	G8II-III
5705	4829		ω		Phe	120.627	G8III
5706	5170				Cet	117.371	K1III
5707	9586				Cas	118.624	A5III
5708	10138				Eri	10.783	K0V
5709	14547				Hyi	102.354	K1III
5710	16310				Eri	34.698	F7V
5711	17120				Tau	119.332	G5
5712	19037				Eri	125.156	K1II
5713	21363				Eri	108.696	K2IIICN...
5714	24820				Tau	120.337	G8III+...
5715	28908				Aur	25.621	G0V
5716	29931				Ori	220.264	A3V
5717	30468				CMa	289.017	B4V
5718	34924				CMa	0.000	B2II
5719	39225				Car	413.223	B2IV-V
5720	39524			14	Pup	406.504	B3III
5721	40859				Hya	211.417	K2III
5722	40876				Pup	220.264	G8/K0III
5723	42455				Pyx	37.850	F3/F5V
5724	42954			46	Cnc	181.159	G5III
5725	43580				Hya	103.950	K1III
5726	45858				Lyn	42.662	F3V+...
5727	46329				Pyx	628.931	B5V
5728	46768				Hya	109.529	K0
5729	46869				Hya	125.156	K0
5730	47631			13	LMi	53.276	F3V
5731	50790				Hya	184.162	A0V
5732	53240				Leo	79.302	K0III+...
5733	54027				Leo	55.928	F0V
5734	54783				Cen	260.417	G8II/III
5735	56253				Cam	59.207	A2m
5736	66992				Boo	170.358	K4III
5737	68493				Cen	203.666	K1III
5738	73068				Boo	95.785	A2V
5739	74571				Boo	369.004	M2III
5740	76617				CrB	145.773	K0
5741	78469				Nor	131.752	A7III
5742	82517				TrA	310.559	B8II/III
5743	84108				Her	94.877	A5III
5744	84175				Oph	153.846	B9Vn...
5745	86373				Oph	99.900	F6III
5746	89604				Lyr	122.699	G9III
5747	92269				Dra	60.132	A7III
5748	92643				Sgr	159.744	K1III
5749	94398				Tel	123.153	G8III
5750	97538				Cyg	214.592	G6III
5751	97687				Aql	183.823	K5III
5752	99145				Cyg	531.915	B5Ib
5753	100977			68	Aql	184.843	B9V
5754	104756				Cep	161.290	A3IV
5755	105064				Cyg	136.054	A1V
5756	105864				Aqr	49.505	F5V
5757	110712				Oct	23.047	G3IV
5758	112102			19	PsA	211.417	M3III
5759	113531				Aqr	272.480	K3/K4III
5760	114162				And	108.933	K0III
5761	114699				Tuc	29.351	G5IV
5762	115496				Gru	301.205	K3III
5763	3919				And	100.301	A0p...
5764	5650				And	193.798	M1III
5765	6822				Cet	118.203	K0
5766	14514			53	Ari	255.102	B1.5V
5767	17408			14	Tau	125.628	G8III
5768	20934				Cae	122.549	K1III
5769	24836			15	Cam	240.964	B5V
5770	25240				Ori	55.710	F7V
5771	27900				Ori	431.034	G9II
5772	33079				CMa	127.065	A3III
5773	39153				Pup	296.736	A0p
5774	41067			22	Pup	126.103	K0III
5775	42931			10	Hya	64.558	A6V
5776	43902				Hya	434.783	G8II-III
5777	45166				Cha	119.189	K1III
5778	46744				Hya	51.414	F0Vn
5779	48799				Vel	819.672	B3IV
5780	51077				Vel	98.039	K1III
5781	55667				Cen	847.458	B2IV-V
5782	57732				Crt	176.678	G8II/III
5783	58177				Cen	126.103	K0III
5784	71429				Cen	139.470	K1III
5785	71729				Boo	116.279	G0V
5786	73927				Lib	58.072	K0III
5787	79102			8	Her	97.752	A0Vnn
5788	86096				Her	141.643	G9III
5789	87192				Her	165.563	A1V
5790	88859				Ara	271.739	B7/B8II
5791	89086				Sgr	0.000	B2II/III
5792	90304				Pav	71.174	A3V
5793	91751				Sct	78.186	K0.5III
5794	95396				Sgr	206.186	M1/M2III
5795	96440				Sgr	77.640	F0V
5796	97651				Cyg	813.008	M3III
5797	97789				Cyg	216.920	K4III
5798	99685				Cyg	208.768	K4III
5799	100184				Tel	30.769	F5V
5800	101090				Cap	165.289	K5III
5801	104172				Vul	126.103	K0II-III
5802	104980				Mic	215.983	K3III
5803	108478		κ¹		Ind	67.114	F3V
5804	109584				Oct	88.183	K0III
5805	109746				Cep	400.000	B8Vn
5806	114187				Peg	163.399	A3
5807	114750				Aqr	193.424	K5III
5808	115510				Gru	118.624	A4III
5809	117710				Peg	197.239	M2III
5810	0				Lep	8.969	K2 V
5811	0				Car	33.523	
5812	1099				Scl	265.252	K4III
5813	3185				Cet	28.885	G3/G5V
5814	4655				Psc	332.226	M2III
5815	5204			75	Psc	133.333	G8III
5816	8552				Phe	151.976	K1IV
5817	11415				Ari	162.866	K5III
5818	11678			26	Ari	66.050	A9V
5819	13197		γ¹		For	133.690	K0III
5820	13883				Eri	90.090	A2m
5821	13907				For	142.248	K1III
5822	15244			14	Eri	34.176	F1V
5823	15557			60	Ari	91.408	K3III:
5824	15840				Hyi	196.078	A4:V+...
5825	16303				Cam	95.147	A2V
5826	16641				Tau	40.388	K1IVe...
5827	18401				Ret	103.520	K1/K2III
5828	19177				Cam	134.228	A3m
5829	19672				Tau	267.380	B9IIIsp...
5830	20848				Tau	94.251	G9III
5831	23161				Ori	349.650	B7V
5832	23583				Aur	180.832	K0II-III
5833	27731			30	Cam	148.368	A0Vs
5834	28390				Aur	94.162	K2III
5835	31697				Mon	0.000	B1Ib
5836	31733				Mon	232.558	K2
5837	35960				Pup	206.186	A8V
5838	38074				Pup	197.629	M2III
5839	38635				Pup	198.807	K4III
5840	38863				Car	142.653	B8V
5841	41036				Hya	72.886	A8IV
5842	43685				Lyn	241.546	A4III
5843	45167				Hya	99.305	A0V
5844	45615				Car	393.701	K2III
5845	45836				UMa	27.450	F3V
5846	46529				Hya	128.866	F0III
5847	49281				Car	502.513	B4:Vne
5848	49769				Ant	31.636	G1V
5849	56731				UMa	129.032	K0p...
5850	58989				UMa	117.924	K2III
5851	62788				Hya	66.979	A0III
5852	66019				Cen	97.943	K1III
5853	68080				Cen	139.860	A1V
5854	68177				Hya	175.747	K2/K3III
5855	69316				Boo	110.742	K4III
5856	75093				Boo	54.054	F4IVs
5857	75118		ο	29	Lib	56.657	F2V
5858	77927				TrA	421.941	B9II
5859	79661				Nor	71.429	K2III
5860	79686				CrB	120.482	K2
5861	80455				TrA	124.844	A1V
5862	81914				Sco	167.224	B6/B7V
5863	85237				Sco	172.117	Ap...
5864	87341				Her	93.721	A9V
5865	87567				Sco	271.739	B4III
5866	88522				Oph	0.000	B0IIIn
5867	89298				Her	377.358	K4III
5868	89977				Ser	324.675	B3Ve
5869	90290				Sgr	118.203	K0III
5870	92968				Ser	156.494	G8III
5871	93140				Sgr	79.365	A1V
5872	95866				Tel	95.969	K0/K1III
5873	97067				Sgr	194.932	B8IV/V
5874	97242				Cyg	128.041	A2V+...
5875	97372				Cyg	299.401	M2III
5876	97970				Aql	81.766	A2V
5877	98379				Cyg	238.663	B5III
5878	98915				Cyg	219.298	M1IIIa
5879	100664				Aql	247.525	B9V
5880	101285				Cyg	234.742	K5III
5881	104357				Equ	357.143	K5III
5882	106052				Cep	390.625	B8III
5883	108090				Peg	140.449	G0IIIs
5884	109990				PsA	176.056	K1II/III
5885	112098				Lac	384.615	K2
5886	112641				Lac	228.833	B5Vn
5887	112924				Tuc	125.471	K0III
5888	2337				Cet	42.753	F2/F3V
5889	3527				Phe	46.598	F7III
5890	3552				Cet	253.807	M0III
5891	3559			18	Cet	30.998	G2V
5892	4257			21	Cet	131.406	G5IV
5893	7050				Cas	93.809	A2Vs
5894	8991		σ		Hyi	40.617	F5/F6IV/V
5895	12775				Hor	101.317	A2V
5896	13756				Cet	226.244	M4III
5897	14887				Per	200.401	B4V
5898	15209				Per	326.797	M2III
5899	20263				Eri	61.275	G8IV:
5900	20284				Tau	47.416	F6V...
5901	23060				Eri	416.667	B2V
5902	23852			13	Ori	27.670	G1IV
5903	24479				Cam	109.051	K2III-IV
5904	24493				Ori	46.904	F0IV
5905	24740			17	Aur	122.100	B9.5V
5906	25976				Ori	337.838	K5
5907	26408			19	Cam	111.235	A0V
5908	26412		ν¹		Col	39.370	F0IV
5909	26866				Lep	245.700	K3III
5910	28321			1	Mon	90.334	F2IV
5911	28957		π¹		Col	83.403	Am
5912	29025				Aur	217.865	K0III
5913	29323				Mon	170.358	A0sp...
5914	31068				Pic	380.228	B3V
5915	31711				Pic	21.295	G1/G2V
5916	34200				Pup	53.447	F2V
5917	34789				CMi	196.078	K0III
5918	39617				Pup	862.069	G1Ib
5919	40485				Pup	507.614	K2III
5920	40947				Pup	65.920	A4V
5921	44887				Pyx	122.100	A4IV
5922	46517				Ant	60.606	A6V
5923	47694				Vel	411.523	B6V
5924	51161				Leo	104.822	K0
5925	52882			43	LMi	181.159	K0
5926	53771				Vel	61.087	A3III/IV
5927	56293				Hya	220.264	M2III
5928	57629				Vir	35.088	F7V
5929	59950				Cen	150.150	A0V
5930	60870				Cru	42.373	K0/K1III
5931	63952				UMa	116.279	G7III
5932	69747				Vir	140.252	A1V
5933	72139				Boo	178.253	K0
5934	72412				Boo	84.674	F2V
5935	72449				Lib	134.589	B9Vsvar...
5936	72469				Boo	40.684	F2V
5937	75770				Boo	156.986	Amvar...
5938	77111		τ⁸	26	Ser	113.636	A0V
5939	77900				Sco	158.228	B7V
5940	78985				Ser	228.833	K4III
5941	82979				Oph	81.169	G8III-IV
5942	83706				Sco	625.000	O9.5Iab
5943	85923				Dra	250.000	A5V+...
5944	90012				Sgr	165.017	A3III
5945	90253				Ser	133.511	F1V
5946	93858				CrA	16.955	G8V
5947	98308				Dra	136.986	A3V
5948	100697				Oct	75.700	A2/A3m...
5949	105229				Cyg	617.284	A5IV
5950	105334				Ind	581.395	C5II
5951	111170				Aqr	25.413	F7V
5952	111171				Aqr	119.904	K0
5953	111504				Oct	290.698	K1III
5954	113447				PsA	74.349	F7V
5955	113998				Aqr	198.020	K4III
5956	115062				Ind	196.464	K2/K3III
5957	2100			10	Cet	138.313	G8III
5958	6272				Cet	112.233	K1III
5959	11465			66	And	56.529	F4V
5960	20231				Per	225.225	K5
5961	24451				Aur	0.000	A0V
5962	26477				Ori	495.050	B2IV-V
5963	27670				Lep	126.103	K0IIICN...
5964	29210				Mon	62.500	F3IVw
5965	30660				Mon	396.825	B2.5V
5966	30804				Mon	81.833	K2III-IV
5967	31024				CMa	500.000	B2III
5968	32007				Pup	355.872	B4V
5969	32682				Mon	0.000	B3II-III
5970	33269				Aur	310.559	A9III
5971	37339				Gem	101.626	F6II
5972	37465				Pup	270.270	M0/M1III
5973	37720				Vol	125.000	A0IV/V
5974	38307				Mon	123.305	K0
5975	38794				CMi	359.712	G8III
5976	42484				Cam	113.379	G7III
5977	44738				Hya	249.377	M1III
5978	45896				Cnc	89.928	K3III
5979	49994				Vel	110.011	K2IIICN...
5980	50232				Vel	471.698	B2IV-V
5981	50755			42	Leo	142.653	A1V
5982	53546				Car	961.538	K1II
5983	53701				Car	118.203	B8IV
5984	54082				Car	840.336	B3III
5985	57497				Cen	133.690	G8III
5986	58642				Cru	102.354	A1V
5987	59307				Hya	98.814	A0V
5988	60168				Com	64.475	F0IV
5989	62212				Mus	628.931	F6Ia
5990	64557				Cen	106.383	K5II
5991	66860				Boo	36.443	F3Vp
5992	68030				Boo	24.863	F6V
5993	68637				UMa	100.402	A2V
5994	74026				Vir	167.785	K0III
5995	74121				Boo	136.426	G6V:
5996	75110			28	Lib	183.486	G8II/III
5997	78989				Nor	469.484	F2II
5998	81507				Ara	178.253	B8Vn
5999	82426				Her	94.073	K0III
6000	83289				Dra	102.354	K1III
6001	85839				Sco	120.482	F2IV
6002	86831			61	Oph	84.818	A1IV-V
6003	90182				Dra	150.376	A2V
6004	97767				Aql	26.617	G0V
6005	98111				Cyg	76.511	A4Vn
6006	98858				Cyg	183.486	A2IV
6007	100511				Del	26.254	F8V
6008	106771				Cyg	165.017	K1III
6009	107041				Cyg	219.780	K0III
6010	109033				Lac	304.878	M4III
6011	109984				Aqr	80.710	A5Vn
6012	110849				Lac	657.895	B2V
6013	114081				Peg	43.554	F6Vs
6014	1195				Scl	194.553	K3III
6015	6589				Cet	118.624	G8III/IV
6016	6605				Cet	76.336	G8III
6017	7115				Phe	104.712	A2V
6018	10924				And	243.902	B5V
6019	11231				Phe	31.182	G5IV
6020	11671				Cet	160.256	M0III
6021	12022				Cet	119.048	G6III:
6022	13700				Cas	699.301	K3Ibvar
6023	15024				For	125.156	K1IICN...
6024	15203				Eri	201.613	B9V
6025	17900				Tau	114.679	B8V
6026	24313				Cam	131.752	A2III
6027	25476				Aur	180.180	K2
6028	27046			23	Cam	110.988	G5III:
6029	28532				Cep	416.667	M0III
6030	30906				Mon	300.300	M1
6031	31066				Mon	303.030	B2V:nne
6032	31672				Mon	135.685	K1III
6033	34217				Lyn	99.701	A3Vs
6034	35842			58	Gem	87.642	A1V
6035	37614				CMi	172.117	K0III
6036	38300				CMi	150.150	K1III
6037	43394				Pyx	115.207	B9V
6038	43957				Cnc	107.066	K1III
6039	50234				Ant	107.411	K0III
6040	53472				Leo	230.947	K2
6041	56899				Crt	210.970	M3II/III
6042	57971				Hya	74.129	A2V
6043	64651				Cen	118.624	K1III
6044	65311				Cen	250.627	M2III
6045	65755				Mus	187.617	B8V
6046	67851				Cen	65.963	K0III
6047	73279				Cen	102.775	K1III
6048	81358				Dra	156.740	K5
6049	81657				Ara	31.328	F2III-IV
6050	83317				UMi	46.598	F0IVn
6051	84479				Oph	219.780	A2V
6052	85242				Oph	126.263	K0III
6053	85393				Ara	167.785	B8/B9V
6054	87540				Ser	91.996	K1III:
6055	89805				Pav	23.047	F9V
6056	92669				Tel	251.889	A1IV/V
6057	92676				Tel	81.967	A2V
6058	96805				Cyg	515.464	M2III
6059	98385				Aql	235.294	G8III
6060	100274				Del	170.068	G8III
6061	102216				Cep	189.394	A2IV
6062	103532				Cyg	152.905	B7III
6063	105101				Cyg	260.417	B7Vn
6064	106267				Cyg	529.101	G2Ib+...
6065	106518				Cyg	408.163	B9III
6066	106881				Oct	64.433	F4IV
6067	107596				Aqr	69.589	A7V
6068	108209				Cep	0.000	G8Ib...
6069	108281		π		Ind	142.857	A3m...
6070	109205				Lac	0.000	A3Ib
6071	110018				Aqr	142.248	K0III
6072	113371				Lac	471.698	B2IV-V
6073	113421				Psc	19.857	G8IV
6074	115257				Aqr	113.122	K0III
6075	0				Pup	16.672	G4 V
6076	43				Cas	136.240	G9III-IV
6077	664				Psc	279.330	K2III
6078	967				And	202.020	K4III
6079	2388				Phe	129.534	F2III
6080	2422				Cas	38.506	K0IV
6081	2474			13	Cas	233.100	B6V
6082	2926				And	112.740	K2III
6083	3334				Cas	336.700	B9.5III
6084	6669				Psc	68.073	F5III
6085	7506				Hyi	228.833	M3III
6086	8115				Cas	84.962	A3V
6087	8320				Phe	184.162	K5/M0III
6088	14551				For	54.645	A3V
6089	17058				Tau	130.208	K0III
6090	17772				Per	250.627	B8Vn
6091	18455				Eri	125.628	F1V
6092	20456				Cam	142.046	A4V
6093	21038				Per	115.075	B9.5Vn
6094	21961			95	Tau	48.263	F7IV-V
6095	22192				Eri	56.180	A2IV/V
6096	25378				Ori	380.228	B2.5V
6097	25475				Aur	100.806	K0
6098	25502				Ori	130.378	A1IV
6099	25776				Men	112.233	A1V
6100	26862				Col	226.757	A0V
6101	27308				Lep	223.714	G8III
6102	27472				Cam	122.699	A4V
6103	28517				Aur	71.942	A2V
6104	29401				Mon	176.056	B9MNp...
6105	31265				Car	183.823	G8III
6106	32177				Mon	194.553	K0
6107	37269				Gem	135.318	A2V
6108	38106			82	Gem	241.546	G2III+...
6109	39584				Vel	0.000	B3Vnp
6110	40858				Hya	39.495	F9V
6111	41798				Lyn	253.165	A0V
6112	42299				Hya	127.551	K0
6113	47145				Vel	70.621	F0p
6114	47172				Vel	113.895	K1III
6115	47791				UMa	95.420	F3Vn
6116	48782				Car	370.370	B3V
6117	49233				Car	0.000	A6II/III
6118	50222				UMa	653.595	M0IIIvar
6119	50976				Car	143.267	A2/A3V
6120	51014				Vel	180.505	G8III
6121	53761				Dra	161.290	G9III
6122	56756				Vir	115.340	K1III
6123	58445				Vir	213.220	K2IV
6124	59708				UMa	147.275	K0III:
6125	63109				Crv	196.078	A0V
6126	64478				Cen	42.158	G0V
6127	64933				Cen	186.916	A0V
6128	65288				Cen	303.030	A4V
6129	65862				Vir	325.733	K5
6130	67139			85	Vir	106.044	A0V
6131	68594				Boo	236.967	F8IV
6132	68641				Cen	38.168	F6V
6133	68872				Cen	131.234	G8III
6134	70022				Vir	63.251	A7V
6135	70680			104	Vir	78.864	A2IV
6136	72629				Vir	140.252	K3III
6137	74047				TrA	200.803	K3III
6138	74272				UMi	152.439	A8Vn
6139	74600			26	Lib	245.098	B9III
6140	74929				Lup	276.243	G6/G8III
6141	79173				Sco	120.627	K1III
6142	79781				Oph	44.405	A9Vn
6143	81840				Dra	88.574	A2p...
6144	82339				Oph	74.074	A3V
6145	82355				Her	170.649	K0IV
6146	82911				Sco	724.638	B0.5Ia
6147	83650				Sco	69.686	A4III
6148	86809				Her	146.413	A3m
6149	87099				Sgr	781.250	G3/G5Ib
6150	87495				Oph	0.000	G3Ibv SB
6151	87706				Sgr	0.000	O7/O8
6152	88277				Her	431.034	K5III
6153	88604				Her	145.349	K3III:
6154	89622				Sgr	172.117	A5V
6155	91843				Dra	273.973	A2IV
6156	92131				Her	209.644	K5
6157	94685				Lyr	429.185	F6Ib-II
6158	97307				Cyg	121.507	K2
6159	98482				Tel	103.734	K0III
6160	98921				Cyg	18.790	G5IV
6161	99221				Cap	169.492	B9.5III
6162	103828				Cyg	299.401	M3Ib-II:
6163	104297				Cap	119.904	B9.5V
6164	104597				Pav	120.337	K1III
6165	104822				Cyg	546.448	G2Ib
6166	106872				Peg	129.366	G9III
6167	107558				Peg	48.450	F3V
6168	107723				Cep	271.739	M1II-III
6169	108347				Gru	143.678	F2/F3V
6170	109439				Peg	59.242	G0V
6171	110341				Peg	30.931	F6V
6172	110497				Cep	310.559	B8III-IV
6173	110566				Lac	52.882	F5IV:
6174	113781			82	Aqr	446.429	M2III
6175	114268				Ind	184.162	K3III
6176	115528				Aqr	96.339	K0III
6177	116365				And	232.558	K5
6178	118048				Peg	224.719	M2III
6179	0				Lyn	16.431	G5 V
6180	560				Cet	39.386	F2IV
6181	1421				Psc	117.371	K0II
6182	4317				Psc	173.913	M4III
6183	11907				Cet	114.155	K1III
6184	12287				And	82.305	F6III
6185	17057				Eri	109.409	G5
6186	18508				Tau	319.489	K0
6187	25781				Dor	113.895	F0IV
6188	26072				Tau	350.877	B6V
6189	26638				Cam	215.517	M0III
6190	27317				Pic	381.679	K3III
6191	31056				Col	173.310	K3III
6192	32012				Mon	0.000	M1III
6193	32434				Pup	406.504	B3Vne
6194	34462				Aur	294.985	K1III
6195	35345				Gem	181.159	A0Vn
6196	41949				Pyx	72.622	F2IV/V
6197	44010				Cnc	264.550	G8III
6198	44162				Hya	39.262	F5IV/V
6199	45002				Vel	91.912	K1III
6200	46297				Vel	95.877	A7III
6201	46904			9	LMi	149.031	K4III:
6202	51425				Car	268.817	B4IV
6203	53355			48	LMi	118.906	A8V
6204	53702		η		Oct	105.485	A1V
6205	61134				Vir	124.070	G9III:
6206	64472				Cen	176.367	K0III
6207	67523				Hya	117.371	A0V
6208	67953				Vir	33.080	F8V+...
6209	69113				Cen	161.031	B9V
6210	69818				Boo	90.334	A2IV
6211	70414				Boo	110.011	K4III
6212	74514				Boo	126.103	K2III:
6213	75003				Lup	120.482	G8III/IV
6214	76503				Lib	190.476	B9IV
6215	76664				Aps	99.108	K2II
6216	78632				Dra	294.985	M1III
6217	83462			61	Her	229.885	M4III
6218	83565				Her	176.678	B9.5V
6219	86352				Oph	123.762	G6III/IV
6220	87335				Oph	156.250	K1III-IV
6221	87523				Sco	31.616	F8V
6222	89980				Sgr	326.797	M3III
6223	90494				Sgr	185.874	B8III/IV
6224	92270				Her	28.752	F8V
6225	92593				Her	209.205	B8Vnn
6226	94833				Aql	86.207	A1Vn
6227	95492				Vul	27.390	F7V
6228	96607				Pav	162.602	K0III
6229	98946				Cyg	50.710	F4V
6230	101044				Dra	91.241	A4m
6231	101556				Cyg	0.000	A9II
6232	101608				Cap	71.124	A5II/III
6233	106752				Cyg	168.919	A7III
6234	106783			3	Peg	87.642	A2V
6235	107901				Cap	64.683	F0V
6236	109121				Lac	97.752	A3V
6237	109667				PsA	63.452	A3V
6238	110171				Lac	73.529	A9IIIp
6239	112615			70	Aqr	111.607	A9III-IV
6240	112670				Cep	63.694	F5
6241	114526			60	Peg	70.175	G8III-IV
6242	115996				And	277.008	K5III
6243	602				Cet	176.056	A2IV/V
6244	4383				Cas	198.807	K3III
6245	5034				Psc	44.287	F7IV-V
6246	5928				Cep	106.952	K2III:
6247	7493				And	157.233	K1III:
6248	7874				Psc	54.945	F2III
6249	7886				Scl	41.580	F3/F5IV/V
6250	8094				Cet	209.644	K0
6251	11578				Ari	95.238	A5m
6252	14124				Eri	33.898	G0IV-V
6253	15776				Eri	37.147	G2V
6254	16628				For	41.771	F5V
6255	23484				Cam	27.762	F6V:
6256	23589				Tau	148.588	K0
6257	23799				Aur	238.095	F2IIp...
6258	24977				Tau	168.634	K0III
6259	25730				Aur	88.731	F6III
6260	28622				Lep	125.313	K0III
6261	33210				Mon	0.000	B3IVe+...
6262	33595			39	Gem	47.664	F8Vbwvar
6263	33873				Mon	176.991	K0
6264	35920				CMa	176.678	B8/B9V
6265	37202				Pup	124.533	G8III
6266	37599				Car	198.020	K0III
6267	41975			32	Lyn	37.092	F5Vbwvar
6268	42936				Car	262.467	B7III
6269	43266				UMa	153.139	B8V
6270	44290				Pyx	108.108	K1IIICN...
6271	46410				Dra	156.986	A5Vs
6272	49137				Vel	377.358	B2.5V
6273	49160				Car	221.239	K1II
6274	49530			14	Sex	109.170	K1III
6275	50332				Vel	219.298	M4/M5III
6276	51490				Sex	348.432	K5III+...
6277	55412				UMa	127.227	G8
6278	58272				Hya	120.627	B9.5V
6279	59678				Cru	0.000	B1.5Ia
6280	60183				Mus	93.897	B9V
6281	61053				UMa	21.777	F9V
6282	61496				Crv	66.800	F0V
6283	63497				Com	39.293	F6Vs
6284	64077				Com	132.626	K4III
6285	64774				Dra	131.062	B9.5V
6286	65108				Cen	133.869	F3/F5II
6287	68270				Cir	156.986	K0III
6288	68842				Cen	156.250	A5III/IV
6289	71469				Lib	32.175	F5V
6290	73394				Aps	151.515	B9V
6291	75939				Lib	80.321	A3V
6292	77689				Lib	171.233	G8III
6293	84054			63	Her	82.305	A8V
6294	84445				Sco	106.496	B9/B9.5V
6295	85397				Ser	43.497	F7V
6296	92254				Ser	244.499	K5
6297	92963				Aql	157.480	B9III
6298	93177				Lyr	300.300	B3V
6299	94280				Lyr	150.602	A3V
6300	98401			69	Dra	161.290	M3III
6301	99570				Sgr	100.100	K2III
6302	100208				Del	218.341	M1III
6303	100515				Cyg	102.987	K0IIIvar
6304	100969				Del	124.224	G8III
6305	101245				Cyg	115.207	K0III
6306	102780				Cap	307.692	K3III
6307	102833				Del	126.743	K0
6308	104925				Mic	171.233	K1III
6309	105660				Vul	174.825	A2V
6310	106978				Ind	173.913	F7III
6311	107856				Cyg	311.526	B9p HgMn
6312	110548			33	Peg	33.704	F7V
6313	113127			78	Aqr	206.186	K3III
6314	115906				Aqr	287.356	K0
6315	0				Oph	16.447	G8 IV-V
6316	0				Gem	0.000	K2III
6317	699				And	32.447	F8IV
6318	6432				Cet	212.314	M0III
6319	6539			44	Cet	67.522	F0V
6320	10814				And	136.612	A4V
6321	11698			27	Ari	88.496	G5III-IV
6322	12318				Cet	100.806	G9III
6323	12786				For	109.409	A1V
6324	16252				Per	195.312	B7V
6325	17734				Eri	149.254	B8V
6326	18173				Eri	272.480	K0/K1III+..
6327	21689				Tau	106.270	A5Vn
6328	23582				Cam	473.934	K0
6329	25785				Ori	166.113	K2IIIvar
6330	26779				Aur	12.277	K1V
6331	28252				Ori	103.520	K0
6332	28434				Lep	62.854	F2IV
6333	28438				Aur	107.991	K2III...
6334	32190				Aur	158.730	K0
6335	36736				Pup	617.284	B2II
6336	38879				Pup	317.460	B5V
6337	39535				Cnc	107.066	B9V
6338	39607				Cnc	294.118	A0V
6339	39920				Pup	117.924	G8III
6340	42538				Cnc	123.916	F5III
6341	42777				UMa	126.743	G8III
6342	43073				Vel	219.780	B9V
6343	44231				Lyn	371.747	K5
6344	46067				Vel	235.849	B7III
6345	53963				Hya	56.085	A9III/IV
6346	56901				Crt	170.649	A0V
6347	57079				Crt	78.247	G8IV
6348	58545				Cam	280.112	M2III
6349	59851				Mus	116.550	A0V
6350	60327				Com	103.413	A0V
6351	60861				Cru	162.866	K2III
6352	60988			7	CVn	44.763	F7V
6353	65183				Vir	88.810	A2/A3V
6354	66690				CVn	165.563	G5II:
6355	67071				Hya	158.730	K3III
6356	71861				Cir	42.680	F4V
6357	72471				Cir	82.645	K3III
6358	73559				Cen	128.041	A8/A9III/IV
6359	75164				Lup	109.170	A1V
6360	76809				Lup	267.380	K5/M0III
6361	77835				Ser	94.787	F5II-III
6362	77985				Lup	139.860	K4III
6363	78445				Lup	102.775	A0V
6364	79414				Dra	131.752	G8III
6365	81903				Sco	145.773	A4V
6366	84158				Aps	66.578	K1IVCN...
6367	91062				Tel	203.666	K2III
6368	91159				Her	32.884	G2Vv comp
6369	91250				Lyr	131.406	F0V
6370	93470				CrA	123.916	A0V
6371	97611				Pav	284.900	B5V
6372	97971				Pav	115.075	A3V
6373	101213				Del	86.281	A1m
6374	101214			44	Cyg	0.000	F5Iab
6375	101746				Aql	166.945	B8IIIp
6376	101756				Cyg	111.982	K0III
6377	103682			11	Aqr	27.226	G1V
6378	109939				Peg	118.765	A1Vn
6379	114227				Cep	324.675	K0
6380	117494				Aqr	120.192	K1/K2III
6381	0			53	Aqr	20.080	G3 V
6382	0		η		Car	0.000	pec
6383	106				Cas	199.601	G7II-III
6384	1123				And	103.199	A1V
6385	4023				Cas	306.748	B9.5V
6386	6868				Psc	114.547	K1IIIvar
6387	11108				Cet	126.103	G8/K0III
6388	13518				Hor	350.877	K4III
6389	13732				Per	185.874	K5III
6390	17086				Eri	133.511	G5
6391	18094				Per	113.895	A5V
6392	20063				Per	121.359	B9V
6393	20997				Eri	143.678	K0III
6394	23311				Eri	8.708	K3V
6395	24394				Lep	76.746	A9II/III
6396	24771				Aur	223.714	K0
6397	26713				Ori	418.410	B1.5V
6398	26821				Lep	564.972	B4/B5III
6399	27303				Col	230.415	B5III
6400	27795				Cam	141.643	G9III
6401	28232				Ori	148.810	M0III
6402	30028				Mon	127.065	B9V
6403	30769			16	Gem	142.450	A2Vs
6404	33492				CMa	312.500	B2/B3V
6405	39271				CMi	63.776	G0IV
6406	40058				Cnc	194.932	A1V
6407	40476				Pup	97.847	G6:III+...
6408	43035				Hya	306.748	K5III
6409	43410				Lyn	28.353	F7Vn
6410	47913				Car	80.841	F5IV
6411	50287				Car	81.699	A5V
6412	53706				UMa	211.864	K0
6413	54929				Cen	244.499	K4III
6414	56775				Vir	116.686	G9III
6415	58259				UMa	177.305	G8III
6416	59200				Cru	862.069	K3/K4II
6417	61443				Cru	47.170	G4IV
6418	61703				Mus	0.000	B1Ia
6419	61937			27	Vir	62.893	A7Vn
6420	66725				CVn	166.667	K3III
6421	69792				Vir	125.628	K0III
6422	70310				Boo	36.536	F5V
6423	70336			2	Lib	102.669	G7III
6424	70762				Boo	259.740	K0III
6425	73706				UMi	151.057	A2Vs
6426	76069		τ²	12	Ser	143.885	B9V
6427	76733				Ser	286.533	G8II
6428	77817				TrA	193.798	K3III
6429	78699				Sco	162.866	K2/K3III
6430	81847				Ara	869.565	F5Iab
6431	85480				Ara	255.755	B7/B8V
6432	85692				Dra	389.105	K2III
6433	86732				Her	120.337	F5II
6434	86925				Her	0.000	A0Ib
6435	87150				Oph	264.550	B9.5V
6436	87850				Her	296.736	M6Sv
6437	88125				Sgr	281.690	K0III
6438	88346			97	Her	233.645	B3Vn
6439	88760				Sgr	719.424	B1/B2Ib
6440	90086				Her	116.414	K0
6441	90936				CrA	36.982	F5V
6442	91689			26	Sgr	62.893	A3m...
6443	92021				Pav	212.766	K3III
6444	92550				Lyr	364.964	K1II-III
6445	93138				Aql	56.211	F5IV
6446	93975				Vul	43.122	F3V
6447	95154				Dra	386.100	C5II
6448	96907				Cyg	81.566	A6V
6449	97700				Cyg	62.500	F2V
6450	97944				Sgr	14.049	K3/K4V
6451	100268				Cyg	180.505	A1V
6452	101810				Del	116.822	M6III
6453	101965				Pav	138.696	K1III
6454	106605				Peg	197.629	A4V
6455	106758				Aqr	112.867	A2V
6456	106818				Ind	180.505	A0/A1IV
6457	111548				Tuc	67.024	F0Vn
6458	113610			3	Psc	179.533	G4III
6459	115759				Phe	140.252	B9V
6460	117927			26	Psc	127.065	B9V
6461	4563				Tuc	171.233	Am
6462	5319			78	Psc	41.391	F5IV
6463	5992				Tuc	94.251	A0V
6464	7436			101	Psc	476.190	B9.5III
6465	12200				Tri	49.875	F8V
6466	12717				Hor	54.348	F5V
6467	13462				Per	540.540	G5Iab:
6468	20771				Tau	105.374	K1III
6469	25410			113	Tau	179.533	B2Vn
6470	25869				Ori	714.286	B2V
6471	26718				Aur	595.238	M2SIab
6472	26964				Tau	253.807	B2.5Ve
6473	28644				Aur	47.551	F4V
6474	28861				Aur	214.592	B9sp...
6475	31766				Mon	666.667	O9.5II
6476	33126				CMa	163.132	A0V
6477	33451				Pup	43.103	F5V
6478	33590				Pup	120.192	A0V
6479	34536				Mon	632.911	O6
6480	34617				CMa	42.087	F3V
6481	35737				Mon	161.290	F5
6482	36340				Gem	224.719	B9IV
6483	37404				Gem	337.838	K0
6484	38184				Pup	348.432	B8/B9II
6485	38723				Lyn	58.997	A3p
6486	41894				Lyn	58.072	K0IV
6487	48584				Hya	152.672	A2/A3III
6488	49394				Vel	175.131	B8/B9III
6489	49658				LMi	61.237	F4V
6490	49900				Sex	151.057	A2Vn
6491	50066				Hya	144.718	A9m...
6492	55941				Leo	161.031	K2III:
6493	56550				Cen	0.000	A0Ib
6494	59008				Hya	232.558	B7V
6495	59046				Mus	0.000	G3Ib
6496	59439				Cen	52.576	G6III+...
6497	60018				Com	59.382	A9.5III
6498	60813				Vir	73.910	F2III
6499	68478			11	Boo	90.992	A7III
6500	69458				Hya	162.602	K0III
6501	69569				Boo	45.767	K3III:
6502	75915				Lup	126.103	B9V
6503	76063				Lup	53.648	A3III
6504	81823				TrA	495.050	K3III
6505	94974				Cyg	157.978	A1V
6506	98563				Cyg	255.755	K0III
6507	100295				Cyg	606.061	K5
6508	100807				Del	310.559	K0
6509	100953				Del	94.518	G9III
6510	101134				Dra	216.920	K4III:
6511	101921				Aqr	549.451	B7IIIn
6512	103206				Ind	278.551	B5IV
6513	103346				Cep	292.398	B2.5IV
6514	105034				Cyg	221.730	K2
6515	107238				Cap	108.578	A0m...
6516	109821				Gru	22.051	G5V
6517	111761				Aqr	119.332	G1IV-V
6518	112761				Lac	413.223	G4Ib
6519	113674			81	Aqr	151.745	K5III
6520	117107				Scl	68.776	F3/F5V
6521	117797				Aqr	88.106	A5V
6522	274				Cas	763.359	B3Ia
6523	716				Peg	138.504	K0III
6524	1076				And	131.406	G0III
6525	2086				Cet	483.092	M1III
6526	5412				Cep	135.318	K0
6527	5679				Psc	116.009	G1V...
6528	7580				Cet	40.388	F7V
6529	9627				Ari	272.480	K4III
6530	10220			5	Tri	108.225	A1m
6531	11925				Hor	58.106	F6V
6532	14104				Cet	119.617	K0
6533	14586			54	Ari	234.742	M0III
6534	19720				Tau	132.275	B8Vn
6535	21251				Tau	134.228	B9IVn
6536	21998				Cae	226.757	K3/K4III
6537	24130				Ori	46.795	G8III
6538	25401				Ori	204.082	B9.5Vn
6539	26106				Ori	310.559	B2.5V
6540	26234				Ori	408.163	B2.5V
6541	27212				Ori	111.483	K1III...
6542	28205				Cam	149.701	K0
6543	29840			9	Gem	0.000	B3Ia
6544	29982				Ori	98.814	K0
6545	30448				Mon	348.432	B8Vn
6546	30566				Col	168.350	K3III
6547	30815				Gem	68.918	G5
6548	33056				Aur	92.678	A8Vn
6549	33139				Pup	54.113	K0/K1III
6550	35975				CMa	714.286	A2Ib/II
6551	36526				Mon	584.795	K0
6552	44130				Pyx	167.224	G8III
6553	46247				UMa	363.636	K2III
6554	48273			4	Sex	44.663	F6V...
6555	49802				Hya	84.818	A5m
6556	50903				Vel	72.886	K0IV
6557	52391				Hya	254.453	K3/K4III:
6558	54708				Car	242.718	M4III
6559	55130				Cen	72.674	A1V
6560	56245				Crt	38.491	F7V
6561	57587				Crt	43.048	F7V
6562	58741				Vir	223.714	K5
6563	59785				Cen	123.153	K0III
6564	60549				Cen	190.114	K2/K3III
6565	61320				CVn	127.227	K0III
6566	63820				Cen	364.964	M3/M4III
6567	68707				Vir	59.702	F4V
6568	71876				Dra	40.667	F2V
6569	77287				Lib	228.833	K0
6570	80227				Oph	130.890	B9V
6571	84510				Aps	106.383	A0V
6572	87655				Oph	83.333	F5Vn
6573	89684				Her	202.429	B9V
6574	92072				Tel	373.134	B8/B9II
6575	92386				Aql	179.533	A1V
6576	92731				Dra	177.620	K5III:
6577	96721				Tel	111.732	Am
6578	96781				Tel	116.279	K0III
6579	97796			9	Sge	0.000	O8e
6580	98872				Dra	79.177	A2II-III
6581	99445				Sge	149.477	K0
6582	99479				Vul	0.000	B1Ib
6583	100018				Vul	127.065	G9III
6584	100852				Sgr	37.327	K1IV
6585	102158				Del	148.810	G8III
6586	102770				Aqr	303.951	M3
6587	103892				Aqr	70.822	F5V
6588	108144				Aqr	59.207	F5IV
6589	108506				Aqr	36.887	K2V
6590	113684				Cas	303.951	K2II
6591	114969				Scl	751.880	M1/M2III
6592	116118			100	Aqr	76.162	F0V
6593	116824				And	43.668	F1V
6594	116912				Cas	285.714	G8III
6595	137				And	374.532	B9IIIp Mn
6596	238				Cet	61.162	F6/F7V
6597	399				Peg	200.000	K4IIIb
6598	1193				Peg	140.845	A1p
6599	1772			42	Psc	153.846	K3III
6600	4879				Tuc	265.957	M2III
6601	6952				Phe	310.559	M3III
6602	8148				Cas	193.424	A2V
6603	8922				And	90.253	K2
6604	10350				Cas	145.560	G8III
6605	11279			10	Per	0.000	B2Ia
6606	13178				Per	0.000	A5Ia
6607	14814				Eri	165.563	K2III
6608	15125				For	199.601	A1V
6609	15204				Per	60.938	A1m
6610	16677				Eri	137.363	A2V
6611	17056				Cas	137.741	G9III-IV
6612	19400				Cam	44.444	F5V
6613	19736				Tau	99.404	K0
6614	20498				Per	177.305	A1sp...
6615	21108				Per	369.004	B8V
6616	21110				Eri	112.867	A2/A3V
6617	23041				Ori	84.388	F2
6618	26149				Ori	294.118	G5
6619	26981				Col	52.770	F3V
6620	33584				Mon	68.306	A3V
6621	37636				Gem	98.232	K0III
6622	38623			25	Lyn	246.914	K2III:
6623	39530				Car	367.647	B2.5Vn
6624	39675				Mon	307.692	B9V
6625	39874			12	Cnc	80.000	F3V
6626	41986				Vel	684.932	K3III
6627	43575			53	Cnc	271.739	M3III
6628	44031			61	Cnc	55.525	F6V
6629	44367				Vel	122.549	K1IIICN...
6630	45413				Vel	561.798	B8V
6631	46543				Hya	55.648	G6IV
6632	46893				Hya	124.844	K0
6633	47884				Dra	317.460	K2III
6634	49689				Hya	173.611	A0V
6635	50868				Ant	55.432	A9IV
6636	51732				Car	259.067	K2/K3III
6637	52316			33	Sex	36.819	K1IV
6638	52520				Car	103.413	A5IV/V
6639	57805				UMa	65.488	Am
6640	60729				Cen	26.610	G5IV-V
6641	62516			11	CVn	137.552	A6m
6642	62933			41	Vir	60.901	A7III
6643	62972				CVn	77.399	A7IV
6644	64217			15	CVn	370.370	B7III
6645	64437				Cam	207.900	K0Ib
6646	68687				Boo	142.046	G9III
6647	69751				Boo	32.626	F8V
6648	70319				Vir	17.191	G1V
6649	74181				Cir	181.488	A0p
6650	78603				TrA	98.619	B9.5V
6651	79045	Marsic B	κ	7	Her	645.161	K1III
6652	80888				Her	312.500	K5
6653	81632				Oph	137.741	K0III
6654	81687				Oph	48.900	A7III
6655	82693				Oph	76.628	F0V
6656	84599				Her	438.596	K2
6657	85181				Her	230.415	G5III+...
6658	86391				Oph	112.994	F4IV...
6659	87293				Dra	261.780	K5
6660	91491				Lyr	271.739	B9V
6661	93423				Sgr	621.118	K3III
6662	93488				Aql	373.134	K2III
6663	94645	Gumala			Sgr	27.548	F8V
6664	94724		τ		Pav	194.553	A6IV/V
6665	94932				Lyr	190.840	A0III
6666	95159				Sgr	239.808	B5III
6667	95812				Aql	196.850	K2
6668	96706				Cyg	126.422	K0III
6669	96901				Cyg	21.213	G5V
6670	97139		ψ	48	Aql	310.559	B9III-IV
6671	97697				Aql	89.606	A1m
6672	99585				Aql	180.505	A0
6673	102057				Mic	164.204	G6III
6674	103902				Mic	292.398	K0III
6675	104452			27	Cap	51.600	F2IV/V
6676	106595				Peg	71.124	F0IV
6677	107637				Cyg	177.936	K5
6678	114212				Cep	409.836	B3V
6679	115261				And	75.245	A5Vn
6680	116292				And	183.823	G8II
6681	2256				Phe	125.313	K0III
6682	2583				And	158.479	G8II
6683	6283				Cet	137.174	K1III
6684	6595				Phe	259.067	K1II
6685	11651				Tri	119.617	K1III
6686	12447				Cet	40.323	F3V:
6687	13133				Cas	64.767	A3V
6688	17543				Hyi	143.267	B8V
6689	17732				Per	48.008	G0
6690	23653				Pic	253.165	M2III
6691	23737				Men	134.953	A0V
6692	24512			108	Tau	214.592	A2V
6693	25303		θ		Pic	157.233	A0V
6694	26309				Col	52.798	A2III/IV
6695	26410				Cam	77.760	A8Vn
6696	29129				Pup	227.273	B8II
6697	30524				Pic	224.215	B6V
6698	30541				Mon	826.446	K1Iabv SB
6699	31099				Col	220.751	M2/M3III
6700	31158			20	Gem	80.257	F6V...
6701	31703				Cam	35.958	F2
6702	32144				CMa	54.318	F2V
6703	33465				Gem	943.396	F2Ib-II
6704	33588				Car	88.339	K2III
6705	33666				CMa	393.701	B2III
6706	36264				Pup	350.877	K4III
6707	39938				Lyn	204.499	K3III:
6708	40677				Lyn	258.398	K5
6709	42010				Cnc	105.042	K0III
6710	42717				Car	99.701	K2III
6711	43807				Vel	370.370	B3IV
6712	46569				Hya	411.523	K2/K3III
6713	46938				Leo	154.560	K7III
6714	47550			13	Leo	169.205	K2III:
6715	52535				Car	32.123	F6V
6716	52679				Car	120.337	A0IV
6717	53231				Car	349.650	B5V
6718	55308				Mus	160.514	B9.5/A0V
6719	57322				Cen	120.048	K1III
6720	58242				Cen	48.497	F3IV-V
6721	60087			8	Com	85.690	A8m
6722	61270				Crv	130.890	F0IV/V
6723	61796				Mus	114.286	B8V
6724	62655				Cen	187.617	A0V
6725	62821				Cen	549.451	G8Ib/II
6726	64520			54	Vir	194.175	A0V
6727	65119				Vir	135.501	A3V
6728	71040				Dra	117.096	F0III
6729	75535				Ser	41.254	G0V
6730	76143				Lib	96.712	A3/5V +A9/F2
6731	76395				Lup	106.496	B8/B9V
6732	77995				Ser	490.196	B8III
6733	79463				Oph	164.474	A1V
6734	83323				Ara	431.034	B2IVne
6735	83740				Oph	328.947	B8/B9II
6736	86088				Ara	440.529	B5II/III
6737	86246				Sco	884.956	G2Ib
6738	87928				Ara	900.901	B4III
6739	88415				Her	164.745	A2V
6740	91523				Oph	147.493	G8III
6741	91985				Dra	298.507	G5III
6742	94140			55	Dra	93.458	A0V
6743	95953				Cyg	193.050	B9.5III
6744	99137				Tel	23.430	F8V
6745	100412				Tel	31.017	G2IV-V
6746	102712				Cyg	222.717	B8np
6747	103616			20	Cap	164.204	Ap Si
6748	103693				Ind	232.019	K5/M0III
6749	109082				Lac	0.000	B2V SB
6750	110696				Peg	194.175	K0
6751	111325				Cep	125.786	A0V
6752	115768			9	Psc	112.994	G7III
6753	115953				Aqr	47.304	K3IIIvar
6754	116592			74	Peg	112.740	A1V
6755	116876				Cas	228.833	A4V
6756	118076				Scl	296.736	K3III
6757	3858				Cet	234.192	A3IV
6758	4212				Cas	88.417	A5m
6759	5947				Cep	72.622	F5Vs
6760	6776				And	40.800	F7IVsvar
6761	7189				Phe	77.579	F4V
6762	8159			109	Psc	32.573	G5IV
6763	9809				Psc	248.139	M4
6764	12982				Per	139.665	G8III
6765	19121				Eri	76.278	A3V
6766	22439				Eri	33.807	F3/F5V
6767	26071				Aur	137.363	A3IV
6768	26291				Tau	236.967	K0
6769	29233				Lep	145.985	G8/K0III
6770	30019				Ori	260.417	B9IIIsp...
6771	30420				CMa	448.430	K2/K3III
6772	33394				Pup	193.798	K2III
6773	36728				Pup	235.294	B8IV (p Si)
6774	37000				Mon	226.757	K2
6775	39974				Pup	294.118	B+...
6776	45242				Vel	164.745	K2III
6777	46045				Vel	775.194	B5V
6778	46504				Hya	79.114	F0Vn
6779	46737				Car	189.036	K1III
6780	48266				UMa	84.962	A9Vn
6781	48763				Hya	67.522	A4V
6782	49418				Ant	140.252	K1III
6783	52513				Leo	66.934	A5V
6784	52584			36	Sex	147.059	K4III
6785	54718				Cen	90.009	A1V
6786	56242			88	Leo	23.326	G0V
6787	58874				Cam	72.727	F6V
6788	59767				UMi	46.948	F2V
6789	62421				Vir	70.028	F7V
6790	65630				Cen	800.000	B3IV
6791	68682				Boo	16.984	G8V
6792	71196				UMi	137.931	K3III
6793	72124				Boo	248.139	M1III
6794	72702			10	Lib	223.714	K0II/III
6795	73901				Lup	288.184	K5III
6796	74470				Cir	0.000	K4Ib
6797	75091				TrA	306.748	B3V
6798	78840				Ser	132.979	A3m
6799	80920				Dra	143.885	K2III
6800	82951				Oph	177.620	B7/8III
6801	82987			57	Her	169.492	G5III:
6802	83308				Her	162.866	B9p CrEu
6803	84759				Ara	59.032	F2III
6804	88258			6	Sgr	806.452	K2III
6805	90256				Her	117.509	A2Vn
6806	90692				Sct	140.449	G8II-III
6807	91723				Oct	165.017	B8V
6808	92674				Sct	99.602	A7Vn
6809	93049				CrA	215.983	B9V
6810	94623				Cyg	134.589	G8III
6811	95398			2	Sge	112.108	A2III-IV
6812	96365				Sgr	102.775	K0III
6813	97091				Vul	757.576	B7V + G1:III
6814	97491				Tel	284.900	K1III
6815	98351				Sgr	58.858	K1III
6816	98658			65	Dra	110.497	G7III:
6817	100165				Pav	130.719	K0III
6818	100300				Tel	282.486	M0/M1III
6819	104281				Del	147.710	K2IV
6820	104557				Aqr	103.627	K0III
6821	104771				Peg	87.642	A7Vn
6822	106420				Cyg	408.163	K1Ibvar
6823	107734				Peg	358.423	B2V
6824	107956				Peg	274.725	M8III
6825	112358			45	Peg	113.379	G6III:
6826	113673				Aqr	120.773	A2V
6827	25				Phe	81.367	G3IV
6828	2270				And	162.075	G5III
6829	3807				Phe	129.534	G8III
6830	4298				Cas	207.469	M2.5IIIa
6831	4932				Scl	130.039	G8IIICN...
6832	5175			76	Psc	172.712	K0
6833	6512				And	56.657	G8IV
6834	8771				Per	129.534	A3V
6835	8930				And	163.666	K0
6836	11802				For	144.300	K0III
6837	12990				Per	50.607	A9V
6838	14607				Cet	112.233	G9III
6839	20552				Dor	27.701	G4V+...
6840	20772				Cam	228.310	A0III
6841	21082			84	Tau	167.785	M3III
6842	21486				Eri	127.388	Ap...
6843	22717				Men	32.447	F8V
6844	26368				Dor	234.192	B9.5V
6845	27661				Aur	183.823	M3III
6846	28019				Ori	102.041	A2III
6847	28831				Cam	240.964	K5
6848	29304				Pup	232.019	A0V
6849	29404				Aur	102.987	A5m
6850	30973				Dor	96.805	F0III
6851	32020				Gem	276.243	A1V
6852	32091				Pup	82.919	A+...
6853	32261				Lyn	78.308	K0
6854	33297				Mon	85.470	A0V
6855	33760				CMa	68.681	F3/F5V
6856	36796				CMi	135.501	A1V
6857	38792				Pup	341.297	M5/M6III
6858	39238				Car	201.613	B4V
6859	39420				Pup	248.139	G8II
6860	40617				Cnc	269.542	G8III
6861	41107				Pup	334.448	M2III
6862	41208				Cam	186.220	A2Vn
6863	42070				Vel	408.163	M0III
6864	43811				Cnc	342.466	C6II
6865	45742				Vel	0.000	B5V
6866	48468				Ant	53.850	G1V
6867	49967				Ant	152.672	A0V
6868	54264				Cen	124.533	G6IV
6869	56201				Cen	0.000	A3Iae
6870	57045				UMa	267.380	K5
6871	58574				Crv	176.056	K2III
6872	61295			22	Com	89.047	A4V
6873	66700				UMa	91.075	A4p SrCrEu
6874	68567				CVn	170.068	K2III
6875	68776				Vir	120.192	K0
6876	70517				Boo	172.414	K2III:
6877	73171				Hya	151.515	B8/B9V
6878	74623				Lib	367.647	K2
6879	76033				Lib	87.108	A5V
6880	77910			40	Ser	78.864	A7Vn
6881	82669				Sco	952.381	B1Ia
6882	83331			29	Oph	177.620	K1III
6883	83594				Sco	98.619	A2V
6884	84649				Oph	252.525	M0/M1III
6885	85042				Oph	19.524	G5IV
6886	86628				Ara	369.004	M3III
6887	87866				Oph	194.175	B9III
6888	87948				Sco	126.743	A0IV/V
6889	88217				Her	44.563	G5IV
6890	90238				Sct	95.057	K0
6891	90510				Sgr	80.386	A3/A4V
6892	91811				Dra	191.939	K2
6893	92599				Lyr	492.611	B9p Si
6894	92635				Sgr	113.636	G8/K0III
6895	93270				Vul	215.983	M4III
6896	93887				Sgr	185.874	B8V
6897	94272				Sgr	146.628	B8/B9V
6898	97070				Cyg	77.760	K2III
6899	99893				Cyg	130.890	A1V
6900	100151				Tel	300.300	M1III
6901	102096				Mic	350.877	M3II
6902	102561				Aqr	239.234	K2
6903	105678				Pav	403.226	C5II
6904	106907				PsA	44.964	G8IV
6905	107344				Gru	265.957	K1IIICN...
6906	107502				Peg	111.235	K3III:
6907	108784				Aqr	89.928	K0III
6908	109442				Aqr	148.148	A1Vnn
6909	111594		σ¹		Gru	68.306	A3Vn
6910	111627				Lac	259.740	K5
6911	112078				Aqr	210.970	M0
6912	112501				PsA	109.529	K1III
6913	113360				Psc	114.286	K1III
6914	115407			65	Peg	175.131	B9.5V
6915	118178			1	Cet	190.840	K1IIICN...
6916	6087				And	662.252	K0
6917	9827				Cet	184.502	K0
6918	11174				Per	934.579	F7Ib
6919	12305				And	207.469	B9.5V
6920	13768				For	149.925	A2/A3V:+...
6921	14972				For	144.092	B9IV/V
6922	16095				Tau	87.642	A0Vs
6923	16424				Per	149.254	A0Vn
6924	16827				Men	230.415	K2III
6925	16974				Cam	157.233	B9p
6926	17464				Ret	76.219	K1III
6927	19412				Cam	427.350	G8II
6928	23251				Men	273.973	K5/M0III
6929	25806				Tau	109.529	K0
6930	27325				Col	162.602	K1III
6931	27625				Aur	87.719	K1III
6932	30062				CMa	282.486	K3III
6933	33719	Citalá			Mon	28.960	G0III-IV
6934	35301				Mon	302.115	K2
6935	36856				Car	456.621	A1III/IV
6936	42556	Meleph	ε	41	Cnc	179.856	Am
6937	43195				Vel	141.844	B8V
6938	48638				UMa	119.760	K0
6939	51835				Cha	142.046	K2III
6940	51885				Hya	41.254	F5V
6941	51914			35	LMi	47.962	F3V
6942	52709				Vel	72.411	A4IV
6943	52797				Car	769.231	M1II
6944	53100				Car	170.358	A6III
6945	56083				UMa	67.204	A4m
6946	56784				UMa	248.139	K2III
6947	56809				UMa	23.250	G0V
6948	59796				Dra	147.493	K0III +K0III
6949	60601				Mus	48.473	G8/K0IV
6950	61246			20	Vir	144.928	G8III
6951	62523				Com	16.932	G7V
6952	62825				Com	110.620	A7V
6953	66645				Cen	306.748	M3/M4III
6954	73464				Boo	240.964	K0
6955	73764				Lup	185.185	M6III
6956	74273				Cir	24.201	G3IV
6957	75230			7	Ser	137.552	A0V
6958	77782				Ser	191.205	K0
6959	78058				Lup	51.840	F3/F5V
6960	79945				Sco	144.092	K0III
6961	82419				Her	114.416	K3III:
6962	82855				Sco	246.914	K5III
6963	82880				Dra	90.171	F0V
6964	83567				Oph	144.718	B7IV/V
6965	83684				Oph	106.838	A1m...
6966	89623				Ser	132.626	A8V
6967	89677				Oph	469.484	B5V
6968	92480			30	Sgr	70.572	F2IV
6969	93074				CrA	59.916	A5IV/V
6970	93860				Tel	173.310	B9V
6971	94981				Lyr	25.387	G8V
6972	95932		μ		Tel	34.376	F5V
6973	97033				Cyg	44.209	G0V
6974	100524				Cap	160.000	G5II-III
6975	102094				Cap	173.310	K2III
6976	102642				Cyg	42.517	K0V:
6977	105344				Vul	233.100	B6IV
6978	109585				Cep	117.924	K0III
6979	110746				Aqr	120.627	A0V
6980	111550				Lac	520.833	B3V
6981	112259				Tuc	145.985	F3V
6982	115171				And	114.942	K1III
6983	117774			25	Psc	126.263	A1V
6984	4520				Psc	148.588	G8III
6985	9562				For	257.069	K2III
6986	11043				Phe	136.799	K0III
6987	12690				Per	400.000	G5
6988	13448				Ari	107.181	F5III
6989	14355				Eri	140.449	K0
6990	15191				Per	54.794	F4Vwvar
6991	15230				Eri	458.716	K5
6992	18033				Tau	123.153	B9p Si
6993	22607				Ori	40.717	F5
6994	23555				Cae	31.746	F8V
6995	25290				Aur	191.939	K1III...
6996	25486				Lep	27.042	F7V:
6997	27319				Aur	180.180	K0
6998	27902				Ori	140.449	K0
6999	30217				Mon	92.336	A4.5V
7000	30352				Pic	337.838	M1III
7001	30505				Col	165.838	B9V
7002	30564				Ori	0.000	C5II
7003	31205				CMa	123.305	K0III:...
7004	32208				Pup	135.501	A8:+...
7005	32990				Mon	141.044	K0
7006	33082				Mon	117.924	K0III
7007	35241				CMa	132.275	A9II
7008	36019				Cam	263.852	A0III
7009	38087				Car	0.000	K0III+...
7010	38406				CMi	155.039	M5
7011	39073				Car	325.733	B8III
7012	39180				Cnc	120.482	K1III
7013	41404		φ²	23	Cnc	84.531	A3V+...
7014	41737				Vel	606.061	B4V
7015	44126				Cnc	187.970	M4IIIvar
7016	45421				Cam	94.607	F2III
7017	45854				Hya	49.801	F6V
7018	46049				Car	662.252	K1/K2II/III
7019	46168				UMa	129.199	G2III
7020	48715				Car	617.284	B1Ib
7021	49321				Hya	156.006	B8V
7022	54688				Leo	56.180	A5V
7023	55068				Cen	52.002	F3V
7024	56135				UMa	261.097	K2IIICN-1
7025	56632				Cen	126.582	A1V
7026	58901				Cru	106.270	B9Vn
7027	59003				Mus	0.000	B8Ia-Iab
7028	60809				Crv	254.453	G5II
7029	66892				CVn	279.330	G6III
7030	68705				Vir	85.470	F3IV
7031	71746				Cen	348.432	K0/K1II
7032	72338				Lup	231.482	K1III
7033	72772				Cen	39.139	G0/G1V
7034	74875				Lup	78.555	Am
7035	76366				CrB	265.957	K2
7036	77007				Lib	122.549	K0III
7037	78153				Her	122.399	K0
7038	79350				CrB	154.560	K2III
7039	79581				Her	109.290	K2III
7040	79812				Nor	73.801	A7V
7041	81425				Her	69.784	F5III-IV
7042	81650				Ara	49.407	A9V
7043	82783				Sco	714.286	O9Ia
7044	82868				Ara	197.629	B3Vnpe
7045	84021				Dra	121.359	B9V
7046	84151				Sco	114.286	K1IIICN...
7047	85549				Sco	571.429	B5III
7048	86506				Her	130.378	K0III
7049	86768				Oph	333.333	B1.5V
7050	88294				Sgr	202.020	B7/B8II/III
7051	89474				Lyr	22.821	G2V
7052	89726				CrA	0.000	B0.5Ia
7053	89835				Dra	121.507	K1III:
7054	90336				Sgr	272.480	B7III
7055	91880				Sct	73.801	F7V
7056	91958				Her	43.956	F6V
7057	92687				Tel	427.350	B4III
7058	93629				Pav	211.864	G6II/III
7059	93993				Sgr	220.264	B9.5V
7060	95067				Lyr	288.184	B9V
7061	95673				Lyr	724.638	B3Ve
7062	96164				Dra	309.598	K4III
7063	97845				Cyg	502.513	B0.5IIIn
7064	99878				Sgr	305.810	K4III
7065	99918			3	Cap	135.870	B9IV
7066	99920				Sgr	318.471	M4III
7067	102230				Mic	280.899	K1III
7068	102530				Cyg	132.450	A3V
7069	105685				Ind	101.010	A5m...
7070	109493				Peg	129.702	A8IV
7071	110919				Cep	112.613	K0
7072	111649				Peg	312.500	K5
7073	111879				PsA	112.486	K0/K1III
7074	113593				PsA	120.337	K1III
7075	116972			76	Peg	112.740	K0
7076	0				Cet	25.138	dF3
7077	302				Cep	265.957	M4
7078	5251				Cas	512.821	K0
7079	6261				Cas	126.422	G5III...
7080	7243				Psc	147.929	K0
7081	10115				Per	176.056	G8III
7082	13421				Eri	97.656	A7IV
7083	18067				Cam	313.480	B9IVp
7084	18438				Cam	59.207	A5m
7085	18717				Tau	196.850	A0V
7086	19172				Cam	80.841	K0III-IV
7087	19810				Per	154.560	G5
7088	19877			48	Tau	45.413	F5Vvar
7089	20188				Tau	210.970	K0
7090	23296				Ori	49.603	A8IV
7091	26953				Ori	161.290	K4III
7092	30376				CMa	105.374	G8III
7093	31086				CMa	314.465	M4III
7094	32744				CMa	245.700	A0/A1V
7095	32838				Mon	99.900	A2p SrCrEu
7096	33271				Aur	137.741	K0III-IV
7097	33420				Mon	434.783	A2V+...
7098	34428				Gem	191.205	K1
7099	35463				Pup	225.225	K2/K3III
7100	37939				Pup	176.056	K3III
7101	38031				Pup	578.035	K3Iab/b
7102	39299				Pup	246.305	M3III
7103	39898				Mon	291.545	A0Vn
7104	40766				Hya	105.932	F3IIIp
7105	41806				Vel	460.829	B5V
7106	41927				UMa	167.224	K0
7107	42249				Cam	75.700	A2m
7108	45259				Vel	212.766	A0V
7109	46194				Vel	224.215	M5III
7110	46232				Leo	85.251	G9III:
7111	47427			37	Hya	307.692	A0Vn
7112	49408				UMa	118.624	A5IV
7113	49688				Cam	404.858	K0
7114	50492				Ant	163.934	K2/K3III
7115	50584				Sex	53.879	F1IV
7116	53167				Leo	274.725	K5III
7117	54291				Cen	117.096	K2II
7118	58002				Vir	143.267	F0V
7119	60589				Dra	176.678	G8III
7120	61981				Mus	625.000	F7Ib
7121	62376				Vir	265.957	A0spe...
7122	62799				Cen	160.514	A0IV
7123	63243				Hya	118.906	K0III
7124	64417				Com	131.752	K1III
7125	65606				Cen	436.681	A0III/IV
7126	66704				UMa	25.329	F7.7V
7127	68065				CVn	67.340	F4IV-V
7128	69671				Cen	21.218	F9V
7129	74505				Ser	87.413	A2V
7130	78017				Dra	145.138	A0V
7131	78117				Nor	48.450	F1IV
7132	78236				Lup	114.679	K0III
7133	80710				Dra	129.870	G9III
7134	84535		λ		UMi	271.739	M1III
7135	84801				Oph	49.677	G9V
7136	87163				Sgr	371.747	B3Vn
7137	88732				Dra	127.714	K0III
7138	90478				Sgr	78.125	A7V
7139	90969		κ²		CrA	47.214	B8
7140	91279				Her	93.458	G8IV
7141	91901				Sgr	107.066	K0III
7142	93418				Sgr	164.745	K0III
7143	94916				Aql	143.061	G9III
7144	95281				Aql	133.333	K0
7145	95487				Vul	147.059	A0V
7146	95664				Aql	252.525	B4III
7147	96917				Aql	112.867	K2
7148	98579				Sgr	99.900	A2/A3V
7149	107750				Cap	138.313	A1/A2III
7150	109212				Peg	306.748	M1
7151	110988				Cep	271.003	A0
7152	112567				PsA	134.228	G8III
7153	113345				Aqr	119.048	G9III
7154	113501				And	220.751	K2
7155	118029				Cet	150.376	G8III/IV
7156	417				Psc	138.889	G9III:
7157	730				Phe	128.370	G4IV...
7158	2832				Psc	37.566	F7V
7159	8086				Tri	129.702	G8III-IV SB
7160	8127				And	192.308	K5III
7161	10111				Phe	111.982	G8III
7162	12647				Ari	127.065	A2V
7163	13947				For	125.156	A0V
7164	14914				Per	190.114	K5III
7165	18565				Per	130.208	K1III:
7166	19859				Tau	21.331	G0IV...
7167	22300				Cam	52.356	F0
7168	23596		γ²		Cae	98.328	F2IV/V
7169	26190				Dor	95.329	G5IV
7170	27583				Pic	214.592	K0/K1III
7171	28820				Aur	182.815	K0III+...
7172	28829				Cam	132.450	K1III-IV
7173	30190				CMa	232.558	K5
7174	30218				Gem	131.406	G9:III:
7175	30669				CMa	169.779	K0/K1III
7176	30849				Col	74.571	F2/F3V
7177	31469				CMa	134.409	K0III
7178	32827				CMa	483.092	B2III/IV
7179	33064			60	Aur	69.541	F5V:
7180	33189				Pup	502.513	C3II
7181	33703				CMa	436.681	B3V
7182	34954				CMa	529.101	B2III
7183	35893				Pup	198.807	B5V
7184	36045				CMa	341.297	B2/B3III
7185	38183				Pup	106.610	K0III
7186	39263		ω²	4	Cnc	145.985	A1V
7187	39843				Car	250.627	B6V
7188	40604			21	Pup	273.973	A1V
7189	41484				Lyn	22.252	G5V
7190	42394				Pyx	361.011	M1III
7191	45424				Hya	111.607	A0V
7192	45437				Car	337.838	G8II
7193	47096			7	Leo	209.644	A1V
7194	48776				Ant	158.982	A4V
7195	51401			35	UMa	101.215	K2III:
7196	52526				Car	598.802	B0Ib:
7197	56657				Hya	71.124	F5V
7198	56961				Cen	0.000	O9.5Ib
7199	56996				Cha	110.497	K0III
7200	58603				Vir	157.978	G8III:
7201	60197				Com	91.827	F3V + F3V
7202	60638				Oct	224.215	K0III
7203	62807			32	Com	598.802	M0III
7204	64181				Vir	127.877	K0
7205	64395				Cen	0.000	F0II
7206	66236				Cen	303.951	B8III
7207	66607				Cha	236.407	B8IV
7208	68643				Vir	111.857	K2/K3III
7209	69862				Boo	70.522	F5
7210	71243				Boo	40.568	F5V
7211	74418				Lup	129.702	K2III
7212	75822				Dra	215.517	K5
7213	76567				Lib	205.339	K1III
7214	77186				Ser	194.175	K0III
7215	78059				Lib	61.805	F6V
7216	78955				Sco	27.108	G5V
7217	79031				Sco	119.474	B8IV/V
7218	79605				Sco	77.101	K1III
7219	80421				Nor	90.090	A2/A3V
7220	82405				Oph	60.938	F1III-IV
7221	84496				Dra	150.830	K1.5IIIb
7222	85975				Ara	124.378	G6/G8III
7223	87895				Her	28.249	G2V
7224	88671				Ser	215.054	G8IIp
7225	88754				Her	221.239	A2V
7226	89674				Pav	186.916	B9V
7227	90083				Sct	102.564	B9.5V
7228	91781				Sgr	310.559	M4III
7229	93197				Dra	131.752	G8III
7230	93770				Lyr	446.429	M0III
7231	94890				Cyg	136.054	K1III
7232	96356				Aql	117.371	K0
7233	98333				Dra	138.121	G8III
7234	98890				Dra	331.126	M3IIIa
7235	100016				Cyg	588.235	K4II:
7236	100762				Del	230.415	K5IIIvar
7237	101765			48	Cyg	261.780	B8IIIn
7238	102819			14	Del	153.374	A1Vs
7239	103071				Cap	107.759	K0III
7240	103949				Cyg	80.000	F0IVn
7241	105148				Pav	157.978	B8V
7242	106500				Gru	114.547	K1IIICN...
7243	108420				Cep	347.222	K5
7244	111965				Aqr	34.566	F6V
7245	114714				And	123.609	A0V
7246	115148				Peg	305.810	B8III
7247	117219				Phe	67.476	A7V
7248	186			31	Psc	122.850	A6V
7249	1502				Phe	112.486	K2III
7250	5772				Psc	408.163	M2S SB
7251	6312			35	Cas	78.125	A2Vnn
7252	7879		τ¹		Hyi	120.773	G6/G8III
7253	8020				Cas	446.429	B7II
7254	8044				And	57.770	K2IV
7255	8369				For	157.233	K0III
7256	8370				And	58.858	F6V
7257	10798				For	12.669	G8V
7258	14566				Per	227.273	B5V
7259	16015				Eri	140.252	A1V
7260	19673				Cam	115.607	K0
7261	21408				Tau	133.869	G5II-III+..
7262	22189				Ori	99.108	A2V
7263	22949				Tau	42.699	F0
7264	23874				Lep	257.069	M1III
7265	24377				Ori	307.692	M0V
7266	24847				Ori	219.298	B1.5Vn
7267	25288				Ori	462.963	B4IVn
7268	25786				Ori	729.927	B2IV-V
7269	29949			43	Aur	121.212	K2III
7270	30595				Mon	287.356	G9III
7271	33040				CMa	279.330	M6III
7272	35623				Aur	215.054	K0
7273	36914				Vol	358.423	B9
7274	37982				Pup	200.401	Ap Si
7275	39041				Vol	130.039	A3III
7276	41449				Pyx	184.502	G8III
7277	42187				Cnc	77.760	F0IV
7278	42850				Vol	285.714	K3III:
7279	43114				Pyx	384.615	B3V
7280	45603				Vel	268.096	K3III
7281	46407				Car	56.915	F3/F5V
7282	47070				Hya	87.642	A0V
7283	47591				Car	160.000	A0V
7284	50122				Ant	139.860	G8III
7285	50939				Sex	94.073	G9V
7286	51117			26	Sex	250.627	K0
7287	52160				Car	146.199	B8V
7288	54842				UMa	114.025	K2III
7289	55821				UMa	56.850	F6IV
7290	59879				UMi	39.526	F4V
7291	60305				CVn	97.561	K2III
7292	60699				Dra	123.305	G8III:
7293	61637				Vir	170.940	A1V
7294	62170				Cam	143.678	A5m
7295	63220				Vir	243.902	K5
7296	67246				Vir	31.666	G0V
7297	70029				Boo	132.275	A2V
7298	70580				Cen	98.135	K3III
7299	72194			5	Lib	444.444	K2III
7300	74083				Boo	139.082	K0III
7301	75000				CrB	86.957	A2m
7302	76666				Lib	99.800	B9.5V
7303	78486				Lup	215.983	K4III
7304	79125				Dra	123.609	A1V
7305	81428				UMi	134.228	G9III
7306	81580				Oph	40.064	F3V
7307	82539				TrA	134.953	K2III
7308	82861				Oph	42.017	K0/K1III/IV
7309	83342				Oph	121.212	A4V
7310	84478				Oph	5.971	K5V
7311	85020				Sco	0.000	B4Ia+...
7312	86184				Dra	45.683	F9V
7313	87428				Oph	110.865	K0
7314	87910				Oph	114.942	A1V
7315	89114				Sgr	101.523	A2V
7316	92717				Dra	246.305	A1V
7317	95211				Sgr	101.215	K1III
7318	95369				Pav	210.526	K2III
7319	96417				Vul	204.918	B9sp...
7320	96729			53	Sgr	98.717	A0V
7321	96931			46	Aql	215.517	B9III
7322	98320				Cyg	440.529	B5IV
7323	102827				Cyg	492.611	B4V
7324	103891				Del	245.700	M1III
7325	105695				Equ	113.636	F5III
7326	107030				Ind	221.239	K0III-IV
7327	108453				Aqr	53.937	F5IV
7328	111191				Peg	119.760	A5m
7329	111884			41	Peg	205.761	A2V
7330	112508				Cep	308.642	B9.5IV
7331	113009				Lac	304.878	B7III-IV
7332	114159				Gru	398.406	K4III
7333	115015				Aqr	121.359	A1/A2IV/V
7334	115476				Psc	206.612	K2
7335	117450				Cas	117.371	A0V
7336	798				Tuc	132.275	A6V
7337	1208				And	286.533	K5
7338	6685				Cas	145.138	A0Vnn
7339	6702				And	36.062	F7V
7340	7819				Psc	54.705	F2
7341	11261			71	Cet	273.973	A0III
7342	19111				Eri	88.574	G8/K0III
7343	19917				Ret	126.263	Ap EuCr(Sr)
7344	20533			62	Tau	278.551	B3V
7345	21428				Eri	251.256	B7III
7346	22128				Tau	210.526	B5III
7347	23092				Ori	133.333	A2V
7348	24909				Col	160.514	F0/F2IV
7349	25205				Ori	84.746	A2V
7350	27075				Lep	25.543	F8/G0V
7351	27901				Col	53.908	F3V
7352	29114				Aur	127.877	G9III
7353	33644				Mon	293.255	B7III
7354	34248				CMa	257.732	B3V
7355	34940				CMa	436.681	B2IV
7356	35132				CMa	253.807	A0V
7357	37089				Pup	775.194	F0Ib
7358	37091				Lyn	266.667	M1
7359	38206				Pup	282.486	K5III
7360	38355				Pup	602.410	B2IV-V
7361	39194				Cnc	87.951	K1III-IV
7362	39279				Lyn	250.627	K0
7363	39326				Mon	114.811	G0III
7364	39691				Vel	384.615	B3III
7365	41813				Vel	157.480	K3III
7366	42415				UMa	226.244	K0
7367	42579				Car	67.159	A3V
7368	43570				Hya	309.598	A5V
7369	45150				Hya	50.736	A9IVe...
7370	48413				Sex	139.082	G9III
7371	48861				UMa	121.212	K0III
7372	49645				Ant	135.318	K0III
7373	49870				LMi	192.678	K3III:
7374	50785				Car	110.988	G6III
7375	50916				Car	268.817	K5Ib-II
7376	52685			41	UMa	214.592	M1III
7377	52730				Car	763.359	A2IV
7378	53259				Crt	73.801	K2III
7379	54048				Crt	165.563	G8III
7380	54673				Car	173.913	K2/K3III
7381	57819				Crt	45.065	F1III-IV
7382	58469				Cru	0.000	A9Ib-II
7383	59291				Dra	74.019	F6IV
7384	59458			68	UMa	271.739	K5III
7385	59588				Hya	358.423	M4/M5Ib/II:
7386	59622				Hya	128.370	A0V
7387	59647				Cha	111.982	K2/K3IIICN.
7388	62172				CVn	98.425	F6IV
7389	64117				Mus	281.690	M1III
7390	64951				Cha	147.059	B9.5/A0V
7391	65230				CVn	118.906	A7m
7392	65678				UMa	97.561	F0
7393	67648				Cen	57.971	F6V
7394	68537				Dra	230.415	K5
7395	69122				Cen	381.679	B5IV
7396	71870				Aps	179.856	B9III
7397	72373				Lib	112.740	K0III
7398	73241				Lup	23.849	G5V
7399	75101				Ser	35.051	K0V
7400	82731				Sco	208.768	A5IIIm...
7401	83738				Oph	90.498	A9V
7402	83816				Her	135.318	A2IV
7403	84113				Oph	136.054	K0III
7404	85187				Her	153.374	B9V
7405	85195				Oph	250.000	B8V
7406	86546				Her	170.358	A1V
7407	88528				Her	61.576	F0IV-V
7408	88862				Oph	156.494	A5m
7409	92079				Sgr	222.717	M2/M3III
7410	94149				Aql	287.356	B5Vn
7411	94243				CrA	283.286	B7II/III
7412	95253				Aql	37.566	F6V
7413	95818			7	Vul	355.872	B5Vn
7414	97326				Dra	175.131	F0III
7415	99234				Aql	543.478	B3IV
7416	99529		ξ¹	1	Cap	143.885	K0III
7417	101684				Pav	50.813	F2V
7418	102258				Cep	0.000	B2III
7419	102499				Cyg	136.612	K0
7420	103963				Cyg	96.339	F3IV
7421	104048				Aqr	121.065	G5
7422	109190				Cep	208.333	G6III
7423	112746				PsA	68.871	F0V
7424	114607				Peg	116.550	G8III
7425	115129				Oct	142.653	K0III
7426	115833				Scl	172.712	K2III
7427	117860				Scl	81.235	A2V+...
7428	1215				And	135.135	A1Vn
7429	1296				Cep	192.308	B9Vn
7430	1575				And	175.131	K1III
7431	5141			77	Psc	40.634	F4V...
7432	6427				Cet	61.501	F5/F6V
7433	7786				Per	214.133	K5III
7434	7963				Cas	598.802	B8III
7435	8480				For	154.083	K2/K3III
7436	10446				Tri	64.226	K1III
7437	11479				Hor	119.189	A0V
7438	12708				Eri	182.482	B9V
7439	12744				Ari	104.275	A3V
7440	13424				Per	307.692	B8III
7441	17136				Eri	199.601	G8/K0III+..
7442	18201				Tau	161.031	A2V
7443	18658				Tau	40.032	F5V
7444	21144				Per	116.009	G5
7445	22280		ζ		Cae	131.752	K0III
7446	24984				Tau	166.113	B9IV
7447	25638				Ori	93.545	A4V
7448	26796				Col	153.610	B9.5V
7449	26853				Tau	99.701	K2
7450	27660				Dor	346.021	G8III
7451	28117				Aur	0.000	A2II
7452	28764				Pup	26.567	G0IV-V
7453	30501				Gem	245.098	K2III
7454	30517				Ori	141.044	G9III
7455	30675				Mon	75.415	A0Vn
7456	31593				CMa	322.581	B3V
7457	31889				Aur	212.314	K1III
7458	32539				Gem	176.678	A2V
7459	36657				Pup	196.464	B8V
7460	38870				CMi	61.958	F6V
7461	39035				Pup	0.000	B2IV-V
7462	39514				Pup	259.067	K5/M0III
7463	39722			28	Lyn	193.424	A1V
7464	41940		υ²	32	Cnc	170.358	G9III
7465	42142				Hya	160.514	G9III
7466	42440				Car	136.986	A0V
7467	43177				Vel	29.146	G0Ia0:
7468	43624				UMa	60.569	F5IV-V
7469	50562				Car	436.681	K2II
7470	52308				Car	0.000	WN7 + A(SB1)
7471	52785				Car	427.350	B2IV
7472	53849				Crt	145.138	K0III
7473	54725				Hya	281.690	M2/M3III
7474	55225				Cha	61.125	A8IIIm...
7475	55791			80	Leo	55.928	F3IV
7476	56944				UMa	156.006	B9p...
7477	60780				Cru	264.550	K4III
7478	61692			9	CVn	67.843	A7Vn
7479	68763				Vir	125.945	K1III+...
7480	69398				Hya	171.233	K2III
7481	69977				Hya	277.008	K5III
7482	73454				Boo	169.779	B9p SiSrCr
7483	73941				Boo	29.833	F8V
7484	76739				Lup	253.807	K3III
7485	78849				Oph	87.336	F2IV
7486	80610				Oph	238.095	K5
7487	80850				UMi	115.607	K1III
7488	82554				Sco	180.505	B9p Si
7489	82798				Her	77.579	F5II
7490	83007				Her	151.286	K0III
7491	83493				Her	229.885	A...
7492	83906				Oph	34.928	G8IV-V
7493	84938				Her	306.748	M2III
7494	89512				Ser	134.771	A4V
7495	90146				Dra	101.112	A3m
7496	91733				Pav	205.761	A5V
7497	92016				Sgr	61.125	F5/F6V
7498	93117				Oct	169.492	B9/B9.5V
7499	93315				Sgr	181.818	K0III
7500	93466				Dra	214.133	G8III:...
7501	94290				Lyr	43.497	F5V
7502	96204				Aql	202.429	M8V
7503	100155				Cyg	0.000	K5Ib
7504	100781				Del	364.964	K5
7505	101211				Mic	209.205	A5V
7506	101384				Cap	114.155	A0V
7507	103103				Mic	174.520	K1III
7508	105689				Vul	146.628	K0III
7509	106474				Oct	217.391	B3IV
7510	111296				Peg	183.150	K0
7511	112694				Ind	105.485	A2V
7512	113465				Psc	90.090	A1V
7513	114984				Cep	183.823	A2Vs
7514	115178				Scl	181.818	K2III
7515	115945			11	Psc	279.330	K0
7516	116505				And	72.046	F6V
7517	63				And	187.970	B9p SiEu
7518	5259				Cet	68.776	A3III
7519	6025				Psc	85.106	K0
7520	6486				Cas	58.824	F4V
7521	9149				Hyi	169.779	G8II/III
7522	10832				Phe	192.678	K2III
7523	12057				And	198.020	B9MNp...
7524	13271				Eri	88.106	A0V
7525	14797				Eri	327.869	F6III
7526	15700				For	114.416	A1V
7527	18990				Eri	154.560	K2/K3III/IV
7528	19721				Hor	291.545	K3III
7529	20138				Eri	102.041	A+...
7530	22508				Cam	207.039	A0IV
7531	22850				Tau	64.350	F3IV
7532	24440				Cam	132.626	A0V
7533	25505				Ori	124.533	K0
7534	26463				Aur	154.083	K0
7535	28561				Gem	240.964	B8V
7536	29178				Lep	152.672	B9Vn...
7537	31509				Col	39.604	F6V
7538	31603				Col	483.092	K0II
7539	32067				Mon	854.701	O6
7540	32222				Vol	136.799	G8III
7541	33330				CMa	294.985	B3V
7542	33532				CMa	854.701	B2V
7543	34956				Cam	129.870	K0
7544	35735			47	Cam	73.801	A8m
7545	36325				Gem	114.547	K2III
7546	38449				Lyn	113.507	A0Vn
7547	38667				Car	361.011	B8III
7548	38959				Lyn	129.199	K0
7549	39866				Pup	840.336	B3V
7550	41653				Car	193.424	G0V
7551	41939				Pyx	127.065	G8III
7552	41941				Vel	581.395	B5III
7553	43454			54	Cnc	38.314	G2IV
7554	43763				Car	218.341	B5V
7555	45214				Car	173.310	B9V
7556	47633				UMa	139.276	A1V
7557	48219				Ant	152.905	K0III
7558	49445				Leo	100.000	F2Vn
7559	50142				Hya	363.636	M1III
7560	50904				LMi	114.942	G8III
7561	52273				Ant	277.008	G8/K0III+..
7562	53151				Cha	621.118	K2II/III
7563	53492			50	LMi	78.493	K0
7564	53589				Car	0.000	G3Ia
7565	58452				Cen	121.803	B8/B9V
7566	59941				Com	175.439	K4III
7567	60417				Mus	49.801	K0IV-V
7568	60804				Vir	156.494	G8III
7569	64838				Vir	81.433	F0V
7570	66152				Mus	111.483	A0V
7571	68380				Vir	77.519	F8V
7572	68516				Boo	387.597	G5
7573	69564				Vir	42.863	F9V
7574	70528				Cir	132.626	A1V
7575	70626				Cen	147.275	B9V
7576	70873				Boo	23.742	G5V
7577	73116				Cen	114.416	A0/A1V
7578	74552				Cir	260.417	B5V
7579	75125				Ser	182.482	K0
7580	76234				Lup	107.643	B9V
7581	79420			20	UMi	200.401	K2IV
7582	81337				Her	126.263	B9sp...
7583	82543				Sco	0.000	WN...
7584	83013				Her	200.803	K3III
7585	84650				Sco	319.489	B5III
7586	84855				Her	39.651	F6Vawvar
7587	84947				Oph	172.712	K3III
7588	85622				Oph	78.989	K0III
7589	85934				Her	184.502	M4IIIa
7590	86501				Her	130.890	K2
7591	86769				Ser	43.995	F0V
7592	87822				Pav	35.689	F8V
7593	88148				Oph	135.318	A3spe...
7594	88213				Oph	480.769	B2IV
7595	88929				Her	123.457	K1III:
7596	89246				Her	164.745	K0III
7597	89620				Sgr	30.488	F8V
7598	90174				Ser	61.919	F6III-IV
7599	90597				CrA	132.275	G8III
7600	90884				Sct	82.169	A4/A5IV/V
7601	90967				Sct	123.762	A0Vn
7602	91172				Sgr	219.298	K1III
7603	91499				Ser	343.643	F8Ib-II
7604	94858				Tel	45.065	F7V
7605	96630				Aql	0.000	B3III
7606	97151				Cyg	251.256	M3III
7607	99453				Pav	160.000	A1V
7608	99870				Cyg	111.235	A2Vn
7609	101623				Mic	142.046	K1III
7610	101997				Cap	14.382	G8/K0V
7611	103079				Cyg	122.699	K2
7612	103752				Pav	79.745	A2V
7613	105017				Cyg	414.938	K0III+...
7614	106661				Cyg	110.865	G8III-IV
7615	108119				Peg	102.987	K0III+...
7616	108766				Peg	598.802	B5IIIn
7617	108969				Peg	284.900	G5Ia
7618	109375				Aqr	176.678	G8III
7619	109434				Cep	157.978	B9MNp...
7620	109445				Peg	135.685	K0III
7621	111086			56	Aqr	193.424	B8II
7622	112032				Peg	299.401	K5
7623	112603				Tuc	133.156	K0III
7624	113204				Aqr	212.766	K4/K5III
7625	114742				Peg	176.056	K2III
7626	117472				Cas	77.160	F2IV
7627	117712				Cep	10.891	K3V
7628	6378				Cas	76.046	F0IVn
7629	6971				Scl	168.919	K1III
7630	8514				For	27.352	F6V
7631	9022				Eri	200.401	B8/B9V
7632	9207				For	129.702	K0III
7633	10562				And	110.865	G9III-IV
7634	14318				Ari	161.551	K3III
7635	14757				Eri	90.662	K0III
7636	15807				Tau	373.134	G5III
7637	16319				Cas	262.467	M2III
7638	16602				Cam	66.934	F7V
7639	18428				Eri	0.000	M1III
7640	19233				Ret	23.630	G3V
7641	20698				Tau	217.865	K0
7642	21152				Tau	43.497	F5V
7643	21324				Eri	113.122	K1III
7644	24017				Cam	39.825	F3V:
7645	24825				Lep	263.158	B5IV/V
7646	28118				Lep	137.174	K0III
7647	29326				Ori	338.983	K1II
7648	29568				CMa	16.722	G5V
7649	29746				Ori	96.246	F5IV:
7650	30503				CMa	21.882	G2V
7651	32268				Aur	281.690	A2V
7652	32931				Mon	105.042	A2Vs
7653	34168				Lyn	413.223	B9IIIn
7654	36965				Lyn	140.647	F0
7655	37165				Gem	42.608	F0
7656	37773				Vol	194.175	G6/G8III
7657	38372			8	Pup	75.472	F3IV
7658	39038				Pup	0.000	B2IV-V
7659	39876				Pup	581.395	A3III
7660	42854				Hya	303.951	B9.5III-IV
7661	44665				Car	165.838	K3III
7662	45097				Cam	75.529	F2
7663	47454				Hya	225.734	A2V
7664	51290				UMa	369.004	K0
7665	53141				Leo	273.973	A3V
7666	57779				Leo	51.600	A5m
7667	59010				Vir	178.253	G8III:
7668	60994				Crv	24.649	G1/G2V
7669	64682				Mus	89.127	K2/K3III
7670	65303				Cen	649.351	B6IV
7671	66223				CVn	69.832	F0IV
7672	71658				Lup	55.188	F3IV
7673	83984				Ara	380.228	B8II/III
7674	84934				Her	158.982	G0III
7675	85474				Oph	97.371	F5IV
7676	86153				Her	236.407	M1II
7677	86537				Her	161.812	K1III+...
7678	87434				Her	108.225	K0III
7679	88599				Aps	251.889	K3/K4III
7680	90337				Her	117.924	B9V
7681	92475				Aql	386.100	K5III+...
7682	93234				Sgr	334.448	G5/G6II
7683	93543				Sgr	80.257	F5V
7684	95319				Lyr	15.760	G8V
7685	95820				Aql	275.482	F5-G1I-II
7686	96003				Cyg	363.636	K2II-IIIcomp
7687	96351				Aql	39.984	F6IV
7688	96428				Aql	119.048	K0II-III
7689	96688				Sge	0.000	M0Iab-Ib SB
7690	96734				Pav	103.306	A0Vn
7691	97029				Cyg	387.597	K0
7692	98954				Aql	126.263	M2  comp
7693	101300				Vul	87.032	Am
7694	103929				Cyg	111.857	K0
7695	107893				Cep	87.566	Am+...
7696	109306				PsA	78.003	A2III/IV
7697	111543				Lac	111.732	A3V
7698	112368				Peg	59.988	K1III-IV
7699	113080				Aqr	130.890	K5III
7700	113802				And	325.733	B2V
7701	115530				And	293.255	M0
7702	115839				Aqr	125.471	G6/G8III
7703	0				Ori	0.000	B5V
7704	345				Scl	124.844	A1V
7705	3132				Cep	33.256	F6V:
7706	3965				Cas	67.295	F2IV
7707	7651				And	160.514	B9pe...
7708	8233				For	43.497	F2V
7709	9983				And	125.945	G8III
7710	10227			5	Per	0.000	B5Ia
7711	13363				For	32.541	F6V
7712	14232				Ari	45.977	F0V
7713	14544				Per	82.102	A3Vnn
7714	16449				For	71.942	A3IV/V
7715	20467				Eri	282.486	K1III
7716	20630				Cae	36.887	F6V
7717	20904				Tau	51.600	F7V
7718	23908				Lep	208.768	K1III + F/G
7719	25810				Aur	175.439	G9III
7720	27001				Pic	85.034	F0IIIn
7721	27512				Pic	0.000	K1III
7722	28642				Aur	106.952	K0
7723	31105			19	Gem	134.953	A8V
7724	35253				Gem	77.220	G7IV
7725	36123				CMi	79.681	A2IV
7726	36346				Vol	221.730	K5III
7727	36553				CMi	227.790	K0
7728	37128				Pup	174.216	K4III
7729	38037				Pup	432.900	K5II/III
7730	38306				CMi	162.866	K2III
7731	40291				Pup	120.337	K2III
7732	41893				Hya	83.682	A7IV/V
7733	41926				Pyx	12.209	K0V
7734	43354				Vel	76.046	A2/A3II/III
7735	43520				Vel	515.464	B3V
7736	45249				Pyx	286.533	K5III
7737	50075				Ant	22.847	G0V
7738	50552				Sex	91.659	K0
7739	52660				Leo	99.602	K1III:
7740	53860				UMa	89.365	A2m
7741	56410				UMa	139.276	K0III
7742	57137				Cha	54.675	K0III/IV
7743	58085				Mus	43.535	F2IV
7744	60098			9	Com	54.466	F8Vs
7745	61328				Cen	65.147	F5IV-V
7746	62128				Cen	242.718	B8/B9V
7747	69592				Boo	59.880	A7V
7748	69735				Boo	50.000	F2IV
7749	71853				Cen	353.357	Asp...
7750	72983				Cir	256.410	B5V
7751	73571				Lib	203.666	A3
7752	75810				Ser	129.870	G8III-IV
7753	78540				Nor	197.629	B5V
7754	82241				Her	220.751	G5III
7755	82989				Her	61.125	K0V
7756	83677				Oph	275.482	K5
7757	83688				Oph	119.048	G8III-IV
7758	85313				Her	194.553	A5IV
7759	85589				Sco	117.509	A1V
7760	86713				Her	319.489	K4III
7761	88565				Her	54.705	F0V
7762	88972				Her	11.024	K2V
7763	88981				Ser	253.165	K1II
7764	89006				Pav	200.000	K4III
7765	95576				Dra	210.084	K5III
7766	97228				Cyg	300.300	B9.5V
7767	98346				Pav	105.708	A2V
7768	98910				Aql	724.638	F1III
7769	100434				Cyg	403.226	G5II+...
7770	100808				Cyg	189.036	B9V
7771	101808				Cap	47.529	A9V
7772	102631				Del	144.928	A0Vn
7773	103077				Aqr	44.150	G1V
7774	104788				Cep	42.753	G2IV+...
7775	104872				Aqr	289.855	M1III
7776	105662				Cap	137.741	K0III
7777	105729			20	Aqr	63.573	F0III
7778	107797				Cap	217.865	K3III
7779	109009				Peg	165.563	M2.5III:
7780	109124				Cep	197.629	A0III
7781	109977				Peg	119.904	G9III
7782	110408				Lac	170.358	B5V
7783	111753				Lac	169.779	G2III+...
7784	113433				Psc	104.167	F0V
7785	114152				And	197.239	K0
7786	115389				Peg	467.290	K3III
7787	116624				Aqr	118.483	K0III
7788	0				Sco	0.000	B9V
7789	1803			9	Cet	20.864	G3V
7790	2734				Psc	109.649	K0
7791	3641				Cas	40.750	F3V
7792	3992				Psc	137.931	K0III
7793	4446				Cas	64.893	F0m
7794	6093				Cas	348.432	M5
7795	7147				Tri	255.755	B7IIIMNp...
7796	7444				And	120.048	K1III
7797	7505				Psc	282.486	M0
7798	9862				Cet	89.767	K1III
7799	11293				Hor	230.947	M5III
7800	15987		χ¹		For	107.875	A1IV
7801	16672				For	353.357	K3III
7802	18769				Per	121.212	A0V
7803	20039				Cep	319.489	K0
7804	24955				Cam	118.203	G5
7805	25667				Ori	244.499	A0Vn
7806	28765				Aur	134.953	A7III
7807	29798				Ori	294.118	K5II
7808	30602				Mon	123.153	A0
7809	31266				CMa	98.814	K0III+...
7810	31662				Mon	152.439	K0
7811	33154				Mon	163.666	A6Vn
7812	33774				Pup	118.064	G8II/III
7813	36141				CMi	409.836	B7II-III
7814	36977				Car	177.305	K1/K2IIICN.
7815	37951				Pup	227.790	B9III
7816	40354				Cnc	364.964	G8III
7817	41781				Vel	364.964	B2.5V
7818	42516			39	Cnc	186.567	K0III
7819	43593				Vel	124.070	A0V
7820	43853				Pyx	71.633	A4V
7821	44331				Lyn	76.162	A9Vn
7822	44423				Vel	260.417	B6V
7823	44768				Cnc	58.173	F5V
7824	47260				Dra	71.023	F2V+...
7825	47627				Ant	337.838	Asp...
7826	48706				Vel	224.215	M1III
7827	48730				Vel	0.000	B2IV-V
7828	50893				Sex	425.532	K5
7829	54289				Car	134.589	A3V
7830	54749				Crt	189.753	K3III
7831	58809				Vir	70.126	F5
7832	60454				Cen	114.025	F2V
7833	60468				Hya	229.358	K5III
7834	61719				Com	133.156	K1III
7835	61748				CVn	134.589	A0p SrCrEu
7836	62046				UMa	164.204	K0
7837	67589				Dra	102.354	K2IV
7838	68739				Vir	100.908	K0
7839	68902				Cen	0.000	B0Ia
7840	69065				Cen	112.486	G8/K0III
7841	70385				Boo	609.756	K4III
7842	70966				Cen	282.486	K3III
7843	71168				Boo	75.019	F8IVw
7844	71333				Cen	171.527	K2III
7845	71406				Boo	116.686	K0
7846	72000				Cir	0.000	B3V:
7847	73118				Cir	561.798	B5V
7848	75959				Aps	395.257	B3V
7849	76006				CrB	74.794	F6III
7850	77729				Lup	77.459	K0III
7851	78870				Oph	146.843	K0
7852	79385				CrB	214.133	K0
7853	79867				Dra	181.488	K0
7854	87670				Dra	160.514	K0
7855	89010				Sgr	107.759	K0III
7856	89943				Dra	170.940	K1III
7857	92233				Oct	41.408	G2V
7858	93437				Lyr	260.417	B5IV
7859	94372				Sgr	138.313	K0III
7860	96316				Cyg	105.820	K0
7861	97142				Cyg	297.619	M1III
7862	98086				Oct	227.273	K3/K4III
7863	98701				Cyg	286.533	K1III
7864	99176				Sge	485.437	M3III
7865	99457				Cap	714.286	B1V
7866	100866				Cyg	0.000	F1II
7867	101966				Del	33.523	F8IV:
7868	105406				Cyg	27.012	F8V
7869	106021				Peg	235.294	M1
7870	106065				Ind	117.924	K2IIICN...
7871	106590				Cap	111.982	K1III
7872	108296				Peg	403.226	K5V
7873	108759				Oct	99.701	A5IV/V
7874	108797			29	Aqr	270.270	A0/1V + K1/2
7875	109647				Aqr	89.047	F7V
7876	110091				Aqr	41.981	F3V
7877	111200			58	Aqr	71.582	A8III
7878	111539			61	Aqr	149.254	K4III
7879	112170				Lac	775.194	A1V+...
7880	113131				Peg	418.410	S51
7881	114005				Psc	117.233	G9III
7882	115218				Cas	324.675	K1V
7883	116060				Aqr	460.829	K0
7884	116146			13	Psc	206.612	K1III
7885	2213			46	Psc	172.117	K0
7886	2937				Phe	146.843	K0II/IIICN
7887	4709				Cas	109.409	A4IV
7888	5485			32	Cet	118.624	K0III
7889	5688				Cas	201.613	B9V
7890	9521				For	147.059	A3III
7891	10050				Ari	37.538	F5V
7892	11020				Per	0.000	A1Ia
7893	12272				Cet	73.801	F6IV
7894	12784			36	Ari	103.520	K2III
7895	15323				Ari	26.681	G0
7896	15585				For	49.950	F7V
7897	15655				Hor	145.985	K0III
7898	16924				Tau	74.738	A5IV
7899	17328				Oct	152.905	B9V
7900	21525				Cae	118.765	A3Vs...
7901	22720				Cam	137.363	A2V
7902	24114				Lep	232.019	K1III/IV
7903	24925				Ori	281.690	B8III
7904	26263				Ori	476.190	B3IV
7905	26602				Lep	473.934	B4
7906	26781				Aur	186.220	B8IV
7907	27777				Aur	188.679	A2V
7908	29913				Car	366.300	K2/K3III
7909	30608				Mon	173.611	A4V
7910	33650			40	Gem	366.300	B8III
7911	34250				Lyn	118.906	G8III:
7912	35725				Aur	191.571	K0
7913	36740				Lyn	147.275	K0
7914	36986				Pup	187.266	K1II
7915	37289				Pup	279.330	K3III
7916	37530				Car	384.615	B2.5V
7917	37723				CMi	208.333	K0
7918	39625				Mon	149.477	K0
7919	40220				Pup	181.818	A3V
7920	41011				Cam	143.472	K0III...
7921	42071				Pyx	251.889	K3III
7922	45614				Cnc	197.629	A2IV
7923	45754				Pyx	183.823	B8V
7924	45888				UMa	203.252	K0
7925	47249			34	Hya	130.039	A1V
7926	47422				Car	215.054	B8/B9III/IV
7927	49619				Vel	354.610	B3III
7928	52877				UMa	120.773	A1V
7929	53411				Vel	100.100	A0V
7930	54319				Leo	293.255	K5
7931	54721				UMa	90.744	A3V
7932	56170				UMa	99.206	G9IV
7933	56830				Crt	63.092	G6/G8V
7934	59352			3	Com	224.215	A4V
7935	61557				Cen	102.041	A0V
7936	65621				Cen	123.762	G8/K0III
7937	65835				Hya	124.224	M6/M7e
7938	67261				Cen	740.741	A7V
7939	69655				Cen	315.457	K3III
7940	70809				Lup	131.579	Ap...
7941	71857				Boo	142.248	G8III
7942	73966				Lup	452.489	B3III
7943	76165				Lup	155.521	K0III
7944	78360				Aps	87.951	F3IV
7945	78710				Nor	813.008	K1II/III
7946	79530				Sco	143.678	B6IV
7947	79787				Nor	70.922	G5V
7948	79788				Sco	188.324	G8III
7949	81691				Oph	299.401	K0
7950	82898			20	Dra	69.930	F1V
7951	83269				Ara	200.401	Ap...
7952	86130				Her	133.511	K5
7953	86725				Oph	462.963	F0III/IV
7954	88815				Pav	152.672	K2/K3III
7955	90981				Pav	48.286	G5IV
7956	91677				Sct	0.000	F2/F3Ib/II
7957	92040				Dra	89.286	A8V
7958	94913			24	Aql	127.065	K0II-III:..
7959	95340				Vul	421.941	B9.5V
7960	101641			26	Vul	195.695	A5III
7961	105228				Mic	110.132	K0IV
7962	105425				Ind	110.132	K3III
7963	107398				Cyg	0.000	K5Ib
7964	110316				Lac	423.729	K2
7965	112179			67	Aqr	114.155	A0Vn
7966	113189				Gru	179.856	K2III
7967	116428				Aqr	144.300	G5III:
7968	116962				Cas	134.953	K2III
7969	0				Cet	21.048	G1 V
7970	0				Cet	15.533	G8 V
7971	0				Vir	28.662	
7972	0				Pav	18.734	
7973	695				Cas	369.004	G3II
7974	2628				Cas	151.745	A0Vn
7975	2663				Scl	33.113	F8/G0V
7976	3649				Cas	934.579	G0Ib
7977	5240				Cas	99.108	K2III...
7978	5477				Phe	125.628	G6II/III
7979	7363				Cet	220.751	K2III
7980	13789				For	119.904	A0Vn
7981	14649				Ari	150.602	K2
7982	15309				Cam	168.919	A3V
7983	16226				Tau	148.588	G5
7984	16447				Per	0.000	B9III
7985	16938				Per	210.526	B8Vn
7986	19601				Eri	110.132	K0III
7987	20856				Cae	364.964	M1III
7988	25453				Ori	92.166	A0Vn
7989	25580				Aur	33.852	F5
7990	25582				Ori	395.257	B2V
7991	26820				Ori	80.710	A9IV-V
7992	28596				Pic	294.118	M4III
7993	30200				Aur	106.724	A1Vs
7994	30382				Mon	325.733	B3V
7995	33012				Car	145.349	A3m...
7996	33591				CMa	232.558	B3V
7997	37461				Pup	350.877	B7IV/V
7998	39172				Mon	709.220	B2.5Ve
7999	42075				Pyx	67.295	G5V
8000	42951				Hya	61.767	F2+...
8001	43427				Cnc	289.017	A2Vs
8002	43590				Pyx	352.113	G8III+...
8003	46058				Leo	142.248	G5III-IV
8004	47231				UMa	97.656	G5
8005	49223				Car	0.000	K3Ib
8006	51461				Car	225.734	M2III
8007	53798				UMa	175.747	G9III
8008	54745				UMa	21.925	G0V
8009	55350				Mus	257.069	B4V
8010	58706				Mus	132.802	K1III
8011	60525				Com	90.253	F0V
8012	61208				Crv	115.207	K0III
8013	62084				Cru	170.068	K0/K1III
8014	66521				Cen	158.479	K1III
8015	69614				Vir	247.525	M4III
8016	70320				Lup	478.469	G5Ib
8017	72846				Boo	47.642	F6III
8018	73953			22	Lib	114.416	A1V
8019	77138				Nor	121.803	A3V
8020	77350				Lup	102.249	G8III/IVp..
8021	77397				CrB	314.465	K5
8022	79599				Sco	108.696	B9V
8023	80247				CrB	179.533	A4Vn
8024	83114				Dra	88.261	K0
8025	83365				Her	105.153	K0
8026	87042				Sco	149.031	A0V
8027	87264				Pav	245.700	B9IV
8028	87624				Sco	261.780	Ap...
8029	88429				Her	116.822	A0V
8030	90163				Lyr	287.356	K2
8031	90858				Ser	303.951	A0sp...
8032	91675				Lyr	309.598	B8V
8033	100672				Aql	234.742	K5
8034	101011				Cap	197.629	G8III
8035	101570				Pav	239.234	K2III
8036	102585				Cyg	353.357	K3III
8037	103168				Mic	314.465	M1III
8038	104041				Equ	151.057	K0
8039	105079				Aqr	194.175	A1V
8040	106103				Peg	193.424	K0
8041	106544				Aqr	276.243	M3
8042	108259				PsA	129.870	G8III
8043	108364				Cep	529.101	B2V
8044	109272				Lac	357.143	K5III
8045	110311				Tuc	357.143	K3/K4III
8046	111066				Aqr	79.681	F2/F3IV/V
8047	111072				Lac	111.235	K2III SB
8048	111247				Lac	212.314	G8III
8049	114163				Cas	418.410	B2.5IV
8050	114725				Peg	104.384	F6IVw
8051	115245				Cas	657.895	K2III
8052	116119				Peg	129.032	A1p Sr(CrEu)
8053	116187				Peg	197.239	K5
8054	117430				Cas	168.634	A0sp...
8055	6717				Cet	250.000	K0IV
8056	6794				And	53.220	Am...
8057	8664				Cet	167.504	K0
8058	9094				Cet	32.852	G5
8059	14719				Ari	165.017	A0V
8060	16516				Per	370.370	B2IV
8061	16531				Ret	143.472	K0III
8062	20558				Tau	190.114	K0
8063	22534		ι		Pic	38.536	F0IV
8064	22938				Ori	59.916	F5
8065	23551				Lep	568.182	B2IV
8066	24193				Aur	321.543	M2III
8067	24607				Ori	166.667	A0V
8068	26079				Pic	55.710	F8V
8069	26616				Tau	175.747	A1Vn
8070	28385				Aur	101.317	A5m
8071	28951				Cam	118.483	K0
8072	30627				Mon	173.010	G5
8073	32918				Pup	207.469	K2/K3III
8074	35080			24	Mon	138.504	G5III
8075	35707				Mon	0.000	O9V
8076	36351				Lyn	112.613	K0
8077	37666				Pup	199.601	B8IV
8078	38196				CMi	180.180	K0
8079	38945				CMi	231.482	A0V
8080	40063				Pup	980.392	B0III
8081	40639				Pup	961.538	M0III + A3/5
8082	40675				Cnc	143.885	K0
8083	41060				UMa	119.904	K0III
8084	41564				Hya	74.571	A5m
8085	42549				Cnc	218.341	K0III
8086	42775				Pyx	132.100	A0V
8087	43215				Pyx	213.675	M5III
8088	43246				Hya	170.940	K0
8089	43673				Vel	373.134	K0II/III+..
8090	45764				Cam	128.205	G8III
8091	48351				Sex	41.771	F8V
8092	49092				Vel	222.717	B8
8093	49343				Ant	165.838	K1III
8094	50067				Car	293.255	B2V
8095	50509				UMa	216.920	K1III
8096	50516				Leo	366.300	K0
8097	51248				UMa	22.910	G1V
8098	51265				Car	357.143	B2/B3III:ne
8099	51327				Car	204.082	M1III
8100	52032			36	LMi	442.478	K0
8101	52929				UMa	276.243	K0
8102	55003				Car	193.798	A3V
8103	57939	Groombridge 1830			UMa	9.092	G8Vp
8104	58369				UMa	47.037	A9V
8105	58436				Hya	322.581	A1IV/V
8106	62443			35	Vir	178.891	M4III
8107	62904				Com	44.803	G5IV
8108	65754				CVn	78.989	F0IV
8109	65796				Vir	154.083	K0III
8110	67104				Boo	128.866	K2
8111	67199				Cen	104.932	A1V
8112	68224				Hya	196.464	K1III
8113	69340				Vir	44.444	F7V
8114	70038				Vir	101.626	G5
8115	70418				Aps	296.736	B8V
8116	78476				TrA	425.532	F8II
8117	81231				Her	159.744	A2V
8118	84332				Sco	0.000	K0Ia
8119	85019				Sco	36.644	F8V
8120	85391				Oph	121.212	B9.5/A0V
8121	85450				Oph	204.082	M4III
8122	85826				Oph	135.318	B9.5V
8123	88172				Her	346.021	B8Vn
8124	88876				Sgr	444.444	A2/A3Iab
8125	90971				Oph	558.659	B8IIIp SiSr:
8126	94770				Pav	235.849	B8/B9V
8127	95239				Tel	71.994	F0V
8128	96919				Cyg	316.456	M5IIIa
8129	97485				Cyg	0.000	B0.5Ibvar
8130	101489				Del	290.698	K0
8131	101552				Mic	179.856	B8V
8132	102901				Mic	198.413	K5III
8133	102993				Cyg	531.915	B3III
8134	105091				Cep	840.336	B2III
8135	106064				Peg	145.138	K5
8136	106320				Oct	208.333	K3III
8137	106564				PsA	364.964	B8IIIw
8138	110478		π¹		Gru	163.132	S57:
8139	111601				Peg	125.156	A1III
8140	113904				Psc	88.653	F2V
8141	0				Cyg	20.921	G0 V
8142	34				Peg	74.627	F7.5IV-V
8143	635				Psc	183.486	B8IIIsp...
8144	1269				Cas	132.979	G8III...
8145	1821				Cet	337.838	M0III
8146	2889				Tuc	211.864	K2/K3III
8147	2954				Psc	223.214	K4III
8148	3056				Scl	273.973	K4III
8149	6789				Cet	128.370	K0/K1III
8150	7443				Phe	38.182	F3/F5V
8151	7597				Cet	251.889	K5
8152	8957				Hyi	55.586	F2V
8153	9655				Cet	404.858	K4III
8154	10379				Per	0.000	A3Iab
8155	10396				Cet	314.465	K0
8156	16712				Cam	53.362	F5V
8157	17588			22	Tau	116.550	A0Vn
8158	19509				Eri	263.158	K2IIIp...
8159	22737				Dor	366.300	M0/M1III
8160	24003	Mago			Cam	120.627	K1III
8161	24960				Ori	144.092	G8IV
8162	26515				Pic	154.083	A0V
8163	29525				Ori	17.950	G8V
8164	30741				Aur	184.843	K0
8165	31850				Gem	32.776	F8IV
8166	32322				CMa	27.137	F7V
8167	34608				Gem	45.830	G9V
8168	35751				CMi	71.378	G5
8169	37375				Pup	191.939	K2
8170	38316				Pup	140.449	B9.5V
8171	40474				UMa	151.286	A7Vm
8172	40656				Pup	138.504	K0III
8173	41547				Hya	253.165	K0
8174	43209				Vel	483.092	B2IV
8175	43623				Hya	139.082	K1III
8176	44565				Car	307.692	A8III
8177	46810				Ant	84.460	F3V
8178	46874				Ant	74.963	F2IV/V
8179	48839				Sex	106.724	G5
8180	49329			13	Sex	56.022	F4V
8181	49929			34	Leo	64.600	F7V
8182	51984				Vel	438.596	B3Vn
8183	52537				Car	100.604	A6IV
8184	54703				Hya	138.696	K0III
8185	55485				UMa	80.841	A7Vn
8186	55497				Cha	74.239	A5III/IV
8187	56500				Leo	174.825	K0
8188	62081				Cen	68.634	A7III
8189	62448				Hya	226.757	B8V
8190	62653				Com	108.460	K0III
8191	63822				UMi	120.192	F0V
8192	63883				Cen	310.559	M1III
8193	64108				Cha	123.457	A0V
8194	64779				Com	85.397	F0V
8195	66923				Cen	259.740	M0III
8196	67483				CVn	62.461	A7IV-V
8197	67537				Cen	112.613	K1III
8198	67620				Hya	19.474	G5V
8199	68956			3	UMi	130.890	A7V
8200	69011				Cen	93.633	B9V
8201	70451				Lup	159.490	K0/K1III
8202	72217				Lib	41.254	G2V
8203	75790				Lib	58.617	G0V
8204	79164				Dra	131.062	K0
8205	79203				Sco	46.512	F3V
8206	81198				Sco	177.305	K2/K3III
8207	83321				Ara	104.493	A7V
8208	84780				Oph	155.521	M5III
8209	85688				Her	290.698	F6III
8210	85786				Sco	112.108	K2III
8211	87427				Her	234.192	K0III
8212	89347				Oph	286.533	K2
8213	90476				Dra	122.100	K0IV
8214	91533				Lyr	164.204	K0
8215	93210				Lyr	292.398	B5IV
8216	96503				Cyg	375.940	B5V
8217	96856				Vul	523.560	K0Iab:
8218	97144				Aql	148.148	K0
8219	99158				Aql	39.370	F3V
8220	101133				Cyg	129.366	K2+...
8221	102040				Del	20.947	G5V
8222	105193				Cep	311.526	M3
8223	106306				Peg	137.931	G8Ib
8224	106363				Cap	67.935	A7V
8225	106419				Ind	300.300	K4III
8226	107297				Peg	177.936	K2
8227	108133				Cep	226.757	M3
8228	109408				Gru	198.020	K3III
8229	111138		ζ		PsA	132.450	K1III
8230	111278			39	Peg	50.251	F1V
8231	112144				Lac	321.543	B1V
8232	112300				Lac	291.545	K2
8233	113445				Peg	32.563	G2V+...
8234	113750				And	121.065	K0
8235	113852				Cas	87.336	G8IV
8236	113994				Peg	36.219	G8IV
8237	114371				Aqr	104.275	A0V
8238	114550				Oct	227.273	K4III
8239	115709				Aqr	116.959	K0III
8240	115907				Phe	161.290	K2III
8241	116941				And	227.273	K5III
8242	2178				Psc	117.233	A5
8243	2237				Cet	32.196	G3V
8244	4164				Cet	73.584	F3V
8245	4475				Cas	198.807	G8IV
8246	5042				Scl	163.666	K0III
8247	5315			29	Cet	48.473	K0IV
8248	5743	Revati B	ζ	86	Psc	93.985	F7V
8249	6140				And	128.535	A5m
8250	6714				Psc	95.329	K0
8251	7362				Cet	343.643	K0
8252	8641				Phe	161.812	K1IIICN...
8253	8688				Cet	355.872	M2III
8254	8847				Per	70.822	A5m
8255	9706				Psc	127.877	K0
8256	10830				And	63.980	F4V
8257	13257				Per	55.710	G0
8258	15282				Per	197.629	B9p
8259	17759				Tau	165.838	K5
8260	20661			70	Tau	47.170	F7V
8261	25368				Ori	225.225	B3V
8262	25973			18	Cam	42.699	F8V
8263	26592				Aur	78.003	K0
8264	28138				Col	240.964	G8III
8265	29788				Pic	37.425	G1V
8266	30988				CMa	322.581	M0/M1III
8267	31241				Col	150.602	G8III
8268	31385			14	Mon	115.473	A0Vs
8269	31650				Gem	121.951	A3V
8270	33909				Pup	134.953	A0V
8271	34066				Mon	413.223	B9IIIn
8272	36779				Lyn	327.869	K0
8273	38963				Car	144.718	A8/A9IV
8274	40007			13	Cnc	259.067	K0
8275	40433				Vel	248.756	K3/K4III
8276	40787				Pup	235.294	B8Ib/II
8277	41306				Pup	215.517	K1III
8278	41644				Car	223.714	Ap Si
8279	42123				Vel	36.443	G1V
8280	44717				UMa	421.941	A2V
8281	48029			19	Leo	84.674	A7Vn
8282	53157				UMa	96.993	K2III
8283	53811				Vel	122.249	K3III
8284	54030				Hya	214.133	M2/M3III
8285	54038				UMa	238.095	K0
8286	54380				Cen	173.010	K3III
8287	55164				Hya	47.461	F3V
8288	55953				Hya	358.423	K4/K5III
8289	57001				Hya	43.253	G2III/IV
8290	58810				Mus	346.021	G6III
8291	60066				Com	85.690	Am
8292	63297				Dra	333.333	K0
8293	63849				Cen	101.010	F5III
8294	65381				Vir	156.006	K1/K2III/IV
8295	65417				Vir	190.840	K0III
8296	67036				Cen	119.048	A0p
8297	69727				Vir	64.267	A9III
8298	72135				Lup	392.157	K4III
8299	72670				Aps	255.102	Ap...
8300	74336				Lup	156.494	K1III
8301	74775				Lup	56.625	F6V
8302	75587				Dra	123.001	A2IV
8303	75818				Lup	60.533	F2V
8304	80809			34	Her	101.420	A1V
8305	81499				Oph	223.714	K5
8306	83834				Her	458.716	K2
8307	85235				Dra	12.803	K0V
8308	85307				Oph	61.843	F3V
8309	86716				Sco	460.829	M1III
8310	87224				Oph	115.607	K0III
8311	93371				CrA	234.742	B9.5IV:
8312	93443				Vul	123.762	A4V
8313	94054				Tel	121.507	K1IV
8314	94130				CrA	121.654	K0III
8315	95370				Lyr	121.654	K1III
8316	96546				Cyg	657.895	K5
8317	97454				Aql	375.940	F8Ib-II
8318	97569				Pav	308.642	K4III
8319	98253				Cyg	325.733	A3V
8320	98785				Sgr	61.125	F7V
8321	99894	Chechia			Aql	65.617	G5
8322	100714				Cyg	251.256	A3III
8323	100876				Del	434.783	K0
8324	103154				Aqr	66.756	F1IV
8325	104481				Equ	75.245	F5IV
8326	107445				Cyg	151.515	G8III
8327	109412				PsA	128.041	A5V
8328	110504				Cep	0.000	G8Iavar
8329	113705				Psc	126.263	G5
8330	114096				Peg	27.949	F7V
8331	114981				And	77.519	K0IV
8332	116465				Peg	278.551	M1III
8333	116991				Cas	163.934	K0
8334	117510				Scl	98.328	A3V
8335	2846				Cet	115.340	K0III
8336	8143				Cet	189.394	G0
8337	9685				Eri	47.755	F2V
8338	10623				Cep	129.199	K0
8339	10795				Ari	93.458	A7V
8340	11212				For	188.679	K3III
8341	11427				Cet	37.244	F5V
8342	11474				Cet	166.667	K0III
8343	13036				Per	462.963	F5
8344	13176				Per	96.618	F6III-IV
8345	16587				Cam	154.560	A4III
8346	17436				Eri	96.899	K1III
8347	17558				Per	135.870	K0
8348	19590				Eri	158.479	G5
8349	19725				Eri	220.264	B5IV
8350	20360				Eri	210.526	A0
8351	21666				Pic	214.133	K2III
8352	23419				Ori	187.266	B8V
8353	24560				Lep	228.310	G0
8354	25192			22	Aur	162.602	B9Vs
8355	26104				Ori	160.772	K0
8356	26571				Tau	105.597	G9III
8357	29509				Ori	182.482	M...
8358	30480				Pic	31.756	G3III/IV
8359	31359			7	Lyn	295.858	K0III:
8360	32019			25	Gem	632.911	G5Ib
8361	32477				Car	127.227	G6III
8362	35326				CMa	296.736	B5Vn
8363	35548				Gem	208.768	A2Vn
8364	38292				Pup	167.224	G6III
8365	38686				Pup	270.270	K4III
8366	39198				Mon	69.252	G5
8367	40397				Vel	617.284	B3Vnne
8368	40559				Cam	147.275	A3IV
8369	40749				Vel	288.184	B3V
8370	42400				Vel	160.514	B8Vn
8371	42981				Hya	163.399	K0
8372	45543				Hya	112.108	K0
8373	46143				Car	214.133	K1III
8374	47242				Hya	140.449	K0
8375	47868				Ant	0.000	B0IV
8376	48324			23	Leo	369.004	M0III
8377	49642				Car	210.526	Ap Si
8378	50013				Hya	41.322	F7V
8379	50606				UMa	31.143	F9V
8380	50887			24	Sex	77.459	G5
8381	52488				Car	0.000	WN7 + A
8382	53260				Vel	0.000	K2III
8383	53387				Hya	179.212	K1III
8384	56050				Cen	0.000	B2Ia
8385	56508	Formosa			Leo	122.249	G9III
8386	62915				Vir	98.912	K0
8387	66060				Hya	50.531	F5IV
8388	67548				UMa	76.864	A3V
8389	69012				Cen	46.533	G3V
8390	69127			96	Vir	127.227	G8III
8391	69585				Boo	144.092	K2
8392	70051				Boo	92.937	A5III
8393	71510				Vir	74.794	F8
8394	73341				Cen	162.602	B8V
8395	75788				Dra	93.897	A3m
8396	75919				CrB	168.634	A4IV
8397	76603				Lib	26.624	F6V
8398	76651				Dra	140.845	K1III
8399	76736				TrA	78.493	A5V
8400	79522				Ser	101.523	K0
8401	80324				Sco	110.132	A0V+...
8402	80682				Dra	206.186	M0
8403	82418				Ara	161.551	A5+...
8404	83593				Her	156.740	A3IV
8405	88274				Oct	67.568	F4V
8406	89683				Her	497.512	K5
8407	90223				Tel	28.280	G2V
8408	91552				Lyr	146.199	A6m
8409	91820				Lyr	383.142	K5
8410	92972				Sgr	205.761	K2III
8411	93733				Dra	185.185	K3III
8412	97572				Vul	606.061	B5V
8413	98772				Vul	147.493	K2
8414	99200				Pav	333.333	K5III
8415	100779				Del	180.180	K0III
8416	101558				Mic	66.756	A5m...
8417	101900				Cyg	129.534	F2Vn
8418	102771				Cep	662.252	B0.5V
8419	104296				Ind	95.511	A9V
8420	104962				Cyg	452.489	B4IV
8421	105019			14	Aqr	507.614	M4III:
8422	105390				Cyg	65.617	G8IV
8423	105819				Aqr	74.239	A1IV
8424	106527				Peg	63.251	F7V
8425	107555				Cep	152.905	A0V
8426	108952			13	PsA	636.943	K5III
8427	109458			28	Peg	208.333	A3III
8428	110487				Lac	136.986	K0
8429	112168				Aqr	146.628	A5V
8430	112324				Cep	35.436	F5
8431	115915				Peg	136.054	G9III
8432	117986				Peg	202.840	M3
8433	118081				Cet	145.773	G8/K0III
8434	0				Sco	0.000	O9Ib
8435	253				Cet	203.666	K1III
8436	1402				Cet	48.497	F3V
8437	1639				Cas	218.341	G0
8438	4382				Psc	125.156	G8II
8439	4911				And	96.061	A9V
8440	7283				UMi	103.093	A3V
8441	9237				Cet	109.769	G5
8442	10309				Cep	140.845	A3
8443	13347				Cas	90.009	A1m
8444	15193				Per	134.953	A0
8445	17858				Cam	148.588	A0Vn
8446	18275				Dor	109.170	A4V
8447	22081				Dor	148.810	K0/K1III
8448	22152				Cam	32.321	F7V
8449	23268			6	Aur	336.700	K4Iab:
8450	26728				Ori	243.309	B9.5IIIp Si
8451	29140				Mon	104.603	G5
8452	32500				Oct	39.355	F3V
8453	33133		ψ⁸	61	Aur	229.358	B9.5sp...
8454	33577				Car	94.340	F2II
8455	34350				Car	374.532	B3V
8456	34860				Gem	42.481	F8V
8457	37705				CMi	123.305	F0III
8458	37996				Pup	136.986	K1III
8459	38925				Pup	150.150	K0III
8460	40016				Vel	537.634	B3IV
8461	42462				Cnc	101.937	K1III
8462	42701				Hya	94.967	A5m
8463	44509				Vel	358.423	B4V
8464	44574				Cnc	72.833	A8V
8465	45305				Hya	166.113	G6/G8III/IV
8466	47119				Dra	128.700	B9V
8467	50316			24	LMi	33.190	G0V
8468	52815				Car	145.349	B9.5V
8469	55133				Cen	105.374	A0V
8470	55332				Mus	147.710	A0V
8471	56769				Cen	0.000	O8var
8472	58057				Cen	50.607	F7V
8473	60353			17	Vir	29.922	F8V
8474	61172				Hya	186.220	A3V
8475	61738				Mus	174.520	B8Vn
8476	64751				Com	101.420	G8III
8477	66251				Cam	229.358	K5III:
8478	66254				Cen	184.843	K2III
8479	66594				Boo	165.838	K3III
8480	70798				Cen	0.000	A0II/III
8481	71251				Dra	29.300	F7V
8482	74769				Lup	177.620	G8III
8483	75294			30	Lib	296.736	K4III
8484	76456				CrB	36.778	F5V:
8485	77042				Nor	480.769	G0Ib
8486	78731				Nor	229.358	B9II/IIIp..
8487	80708				Oph	94.697	K5
8488	80840				Oph	0.000	A7Ib
8489	81891				Sco	185.185	B8V
8490	82944				Aps	308.642	A5IV/V
8491	83857				Dra	191.571	A1V
8492	84556				Sco	0.000	B0.5Iab:
8493	84883				Ser	47.778	F1III+...
8494	85268				Dra	27.457	G0
8495	87865				Sco	149.925	K3III
8496	88675				Ara	826.446	A2III
8497	89920				CrA	490.196	K2II
8498	92301				Sgr	312.500	A1V + K1III
8499	94646				Sge	257.732	M2III
8500	97573				Vul	143.885	G8III
8501	98146				Cyg	104.603	A1V
8502	99270				Tel	175.439	K5III
8503	100142				Cyg	793.651	B2V
8504	100332				Sgr	112.994	K3III
8505	101911				Aqr	74.405	K0
8506	104537				Cyg	423.729	B6IV
8507	105637				Cyg	281.690	K5
8508	107409				Ind	128.370	K1III
8509	108632				Peg	68.776	F5III
8510	110055				Lac	228.833	K0
8511	110314				Cep	185.529	G8III
8512	110346				Peg	225.734	M4III
8513	110790				Lac	458.716	B2V
8514	111801				PsA	127.551	K1III
8515	112986				Lac	263.852	B8V
8516	113498				Cep	330.033	B9III
8517	113784				Gru	126.263	K1III
8518	115522				Aqr	62.539	F3IV/V
8519	117133				Cas	149.925	G4III:
8520	410				Peg	168.067	G8II
8521	728				Peg	110.865	A4Vm
8522	1499				Cet	23.245	G0V
8523	2707			16	Cas	189.753	B9III
8524	3576				Cet	89.047	F0IV
8525	4558				Psc	129.702	A2V
8526	4801				Cet	92.850	K2/K3III
8527	10826	Mira	ο	68	Cet	91.659	M5e-M9e
8528	11121				For	271.003	K2III
8529	13008				Eri	39.620	F2V
8530	13429				Hor	143.678	K0/K1III
8531	14626				Cas	793.651	B1V:e
8532	15800				Tau	111.483	K0
8533	16042				Ari	51.626	G5IV
8534	17832			26	Tau	75.643	F0
8535	17950				Eri	43.668	F2
8536	18926				Eri	304.878	B3V
8537	19746				Per	151.286	G9III
8538	20985				Tau	119.474	G8III
8539	23818				Lep	38.432	G2V
8540	25059				Lep	136.426	K0III
8541	27116				Tau	108.578	A3
8542	27293				Aur	155.763	G5
8543	27705				Col	215.517	K3III
8544	30357				Lyn	152.672	K1III
8545	30423				Pic	103.842	A3V
8546	32269				Car	220.264	B5/B6V
8547	32404			32	Gem	877.193	A9III
8548	33015				Pup	145.560	B8V
8549	34177				Pup	317.460	K3III
8550	34270				Vol	161.812	K0III
8551	34367				Gem	289.017	B9V
8552	35933				Gem	970.874	B2Ve
8553	36211				Cam	257.732	B9III
8554	39958				Cnc	434.783	G0II
8555	40342				Cnc	94.967	A0Vne...
8556	40655				Car	74.184	F5V
8557	42434				UMa	127.551	A2Vn
8558	43850				Hya	250.627	K2III
8559	44825				Cnc	106.724	F2V
8560	46075				Vel	99.108	A1m...
8561	47893				Car	284.900	B8III/IV
8562	48320				Cha	256.410	B8IV
8563	50218			22	LMi	203.252	G8III
8564	50728				Hya	106.044	A4IV/V
8565	52806				Car	357.143	B5Vvar
8566	54430				Hya	132.802	A1V
8567	58119				UMa	227.790	M3III
8568	59489				Com	71.225	F5V
8569	60210				Com	120.627	K0
8570	60418				Vir	121.654	K0
8571	62478			28	Com	125.786	A1V
8572	67103				UMa	34.590	F7IV-V
8573	69107				UMa	119.760	K0III
8574	69773				Vir	177.936	K0
8575	69881				Vir	32.541	F9V
8576	69958				Boo	101.420	A5Vn
8577	74490				Lib	151.515	B8III
8578	74500			23	Lib	26.206	G5V
8579	74690				Boo	61.843	G5
8580	74695				Ser	308.642	K0
8581	79086				Ser	203.252	M4III
8582	81663				Oph	143.061	K0
8583	81803				Sco	94.787	G3III
8584	82091				Ara	128.041	A1V
8585	83556				TrA	373.134	M3/M4III
8586	85666				Oph	83.682	A1V
8587	86060			52	Oph	258.398	Ap Si
8588	87045				Her	116.822	A2Vs
8589	89370				Pav	167.785	K4III
8590	91142				Ser	110.254	A2pvar
8591	91662				Tel	123.916	K3III
8592	92608				CrA	208.768	K3III
8593	93012				Pav	313.480	K3III
8594	93068				Dra	125.156	A2V
8595	93374				Sge	129.870	K1III
8596	94478				Aql	147.929	A3V
8597	96297				Dra	168.919	K2
8598	96396				Cyg	166.389	G9III
8599	96572				Cyg	140.252	G6V
8600	97244				Aql	362.319	B3III
8601	97484				Sgr	537.634	K5III
8602	97709				Aql	763.359	K0...
8603	97849				Sgr	119.048	A1V
8604	98012				Sgr	366.300	K2/K3III
8605	99024				Aql	111.732	K0
8606	99188				Tel	56.022	G3V
8607	99624				Aql	202.429	K5
8608	99666				Tel	196.850	K2III
8609	99719				Cyg	438.596	A0V
8610	99929				Cyg	675.676	B6III
8611	101268				Cyg	45.914	F2
8612	101339				Aql	354.610	K2
8613	102670				Mic	160.772	K1IV
8614	103596				Cyg	246.305	B9
8615	104441				Mic	77.220	F7V
8616	104634				Aqr	125.471	Fm delta Del
8617	105646				Cap	266.667	K1III
8618	106424				Oct	116.822	A0V
8619	106550				Peg	304.878	K2
8620	106604				Cep	189.753	Ap Si
8621	107271				Peg	136.986	K0
8622	112305				Lac	238.095	K5
8623	112895				Tuc	143.678	K1IIICN...
8624	114367				Ind	52.521	F3IV
8625	114408				Ind	63.613	K0IV
8626	114686				Peg	179.212	K2
8627	115756				Tuc	298.507	K4III
8628	116422			15	Psc	86.058	K0
8629	117445				Psc	54.705	F5III-IV
8630	117551				Cas	40.617	F3V
8631	118116				Cas	387.597	B9III-IV
8632	1948			43	Psc	180.505	K0
8633	4786				Cas	322.581	G5
8634	4844				Cas	226.244	A3V
8635	9163				And	680.272	K0
8636	10069				For	66.711	F0IV/V
8637	10633				Per	0.000	B1Iab
8638	12189			30	Ari	41.754	F6III
8639	12300				For	55.279	F6V
8640	12720				Cet	120.192	K0
8641	12964				Eri	48.031	F3IV/V
8642	14264				Per	106.952	F0
8643	16697				For	138.504	K0III
8644	23695				Tau	137.741	A5m
8645	24332				Aur	26.116	F8
8646	24520				Pic	232.558	K2III
8647	25322				Cam	492.611	M0
8648	27353				Tau	250.000	K1III
8649	28180				Pic	207.039	K5/M0III
8650	28988				Pup	112.740	K1III
8651	29185				Pup	59.172	F8V
8652	29348			39	Cam	362.319	M0
8653	30706				Col	50.403	F3V
8654	30798				Mon	161.551	B9V
8655	31736				CMa	234.192	A2V
8656	32040				Aur	83.822	F8III
8657	33453				Aur	526.316	M3
8658	34297				CMa	0.000	B7Iab...
8659	35317				Aur	147.275	K0
8660	39348				Lyn	104.932	F8V
8661	40086				Lyn	166.113	G5
8662	40160				Vel	0.000	K3III:
8663	40263				Hya	152.905	K0
8664	41904			34	Cnc	165.289	A1V
8665	41970				Vel	469.484	B2/B3V
8666	43152				Hya	189.036	A2V
8667	43338				Pyx	78.493	A6IV
8668	44888				Hya	128.370	K0IIICN...
8669	44979				Vel	161.551	A9Vn
8670	44984				Cnc	38.926	F2p
8671	45272				Cnc	155.763	A2V
8672	47039				Ant	68.353	F5V
8673	48375				Sex	350.877	M2III:
8674	48895				Leo	74.294	F3V
8675	50069				Vel	200.803	K2III
8676	50391				Vel	64.683	A8V+...
8677	50485				UMa	37.106	G5
8678	51883				Dra	160.256	G4III:
8679	53556				Car	267.380	B7V
8680	53940				Vel	448.430	M4III
8681	54388			64	Leo	77.459	A5m
8682	57092				Mus	34.412	G1V
8683	57507				Hya	17.473	G5V
8684	57749				Hya	154.560	G8III
8685	58859				Cen	117.647	B9V
8686	59389				Mus	268.817	K0/K1III
8687	60421				Crv	283.286	M3III
8688	62743				Vir	156.006	G8III
8689	63204				Cen	118.483	A0p
8690	65372				Cen	120.773	G8III
8691	65969				Hya	99.502	A1V
8692	66326				Vir	120.482	K1III+...
8693	66385				UMa	156.250	K1III
8694	66405				Cen	131.926	K0III
8695	67778				CVn	355.872	K5
8696	69778				Aps	617.284	K2IIp
8697	70538				Hya	71.787	K0III
8698	73850				Lup	35.112	F6V
8699	73881				Lup	282.486	B3V
8700	76985				Ser	173.310	G5III
8701	79441				CrB	73.260	F3V
8702	81404				Her	163.666	K0
8703	81800				Her	29.334	F8V
8704	83090				Oph	51.894	F3IV/V
8705	83499				Sco	0.000	O5f
8706	85149				Her	175.439	F8IV
8707	85405				Ser	136.240	K0II/III
8708	86098				Sco	103.413	A0V
8709	86510				Aps	140.056	G8III
8710	87564				Pav	151.057	K0/K1III
8711	87782				Sgr	98.522	A1V
8712	88030				Her	130.548	B9sp...
8713	91090				Oph	186.220	A1V
8714	92456				Sct	413.223	K1II/III
8715	92866				CrA	133.333	K1III
8716	93666				Aql	362.319	C5II
8717	95149				Sgr	18.832	G1/G2V
8718	96095				Sgr	41.615	F6V
8719	102276				Cyg	0.000	G8Ib
8720	104202				Equ	72.202	K0
8721	105046				Aqr	209.205	K0
8722	107749				Cyg	0.000	A2Ib
8723	110907				Peg	162.866	G8III
8724	113283				PsA	7.609	K4Vp
8725	115036				And	179.856	B9p...
8726	50				Phe	59.418	G1IV
8727	1268				Hyi	189.394	G8/K0III
8728	3175				Cet	146.413	G8III
8729	3903				Phe	108.578	A9/F0III
8730	5575				Psc	132.450	G5
8731	7593				Cas	558.659	A6Iab
8732	10096				Phe	71.174	F3V
8733	10273				Cet	159.236	G5
8734	16156		χ³		For	114.286	A1V
8735	16177				Cam	178.891	B9V
8736	16695				Tau	134.409	G0
8737	16779				Eri	192.678	K0
8738	17214				Eri	92.764	F2III
8739	17493				Hor	137.931	G8/K0III
8740	19222				Cam	110.497	K0
8741	19434				Tau	62.383	F2
8742	21517				Tau	416.667	F5Ib
8743	22003				Aur	60.205	A8V
8744	23724				Aur	105.597	A5V
8745	24348			14	Cam	79.302	A7Vn
8746	24507				Men	111.483	A6V
8747	24832			18	Aur	68.587	A7V
8748	24881				Aur	247.525	K0
8749	25011				Ori	280.899	B5Vp
8750	25180				Lep	49.975	F6V
8751	25301				Aur	250.627	K2
8752	25732				Ori	110.988	A2
8753	26623				Ori	166.945	B7V
8754	27346				Cam	145.773	G5
8755	28634				Aur	28.612	F5
8756	30141				CMa	166.945	K0III
8757	32746				Aur	224.719	K5
8758	33754				Mon	471.698	B1Ib
8759	34238				Cam	350.877	K0III
8760	35946				Vol	82.372	A3V
8761	38209				Pup	111.857	K2III
8762	38303				CMi	152.439	G5
8763	38349				Lyn	186.220	K2
8764	40299				Vel	392.157	B3V
8765	41426				Vel	54.054	F5V...
8766	41905				Vel	231.482	K2III
8767	43528				Vel	323.625	Ap...
8768	43573				Pyx	235.294	K2/K3III
8769	44148				Cnc	421.941	K5III
8770	45170		π¹	81	Cnc	20.363	G9V
8771	46879				UMa	195.695	K0
8772	47779				Leo	120.192	K0
8773	48023				Leo	170.649	K0
8774	51047			29	LMi	126.103	K1III
8775	51852				Hya	79.428	A5IV/V
8776	55846			83	Leo	17.746	K0IV
8777	56388				Leo	375.940	K5
8778	56716				Dra	309.598	K5
8779	56816				UMa	210.970	A5IV
8780	58450				Vir	269.542	K2
8781	58512				UMa	119.617	A9III
8782	59021				Hya	51.653	G0V
8783	64375				Hya	110.620	A5V
8784	64797				Com	11.072	K2V
8785	65682				Hya	429.185	K5III
8786	65723				CVn	117.371	G8III
8787	66522				Boo	73.260	A9Vs
8788	66613				UMa	263.158	K2
8789	68184				UMa	10.064	K3V
8790	68413				Cen	59.312	F1III-IV
8791	70452				Lib	90.498	F4III
8792	70501				Lib	154.083	K2III
8793	71295				Lib	149.701	A3V
8794	71494				Lup	272.480	K2/K3III
8795	72508				Boo	57.110	F5IV
8796	74044				Cir	120.773	F2III
8797	74391				Lib	160.514	K4III
8798	75324				Lup	154.083	G8III
8799	75736				Oct	65.062	Am
8800	76048				Lup	128.866	B6/B7V
8801	76198				Ser	64.309	F3III
8802	77235				Lib	71.124	F0V
8803	80719				Oph	50.942	F2V
8804	82723				Ara	471.698	K1II
8805	85317				Dra	120.627	A4V
8806	90509				Oct	213.220	B8/B9V
8807	90729				Her	34.578	G8IV
8808	91132				Sgr	91.491	F0IV/V
8809	91369				Sct	246.914	B8II/III
8810	91394				Ser	47.962	F9IV
8811	91707				Lyr	456.621	B5V
8812	92296				Sct	230.947	A2
8813	93209				CrA	152.905	B9.5V
8814	93238				Pav	103.627	A8V
8815	96771				Dra	155.521	A5V
8816	97607				Aql	529.101	B2.5IVe
8817	97967			57	Aql	155.763	B8V
8818	98038				Aql	81.833	F2V
8819	98458				Vul	800.000	G8II
8820	99294				Cyg	324.675	K0
8821	100250				Cyg	354.610	B9p Si
8822	100379				Pav	44.623	F6V
8823	100651				Cyg	649.351	B9.5III
8824	101505				Vul	279.330	B3IV
8825	102496				Mic	67.843	F3/F5V
8826	107299				Ind	45.496	F7IV/V
8827	107710				Cep	98.039	F3IV
8828	112432				Gru	235.294	K0III-IV
8829	112533				Tuc	226.244	K1III
8830	114937				Gru	158.982	K0III
8831	115121				Scl	250.627	K5III
8832	116781				And	90.826	F2IV
8833	117571				Phe	118.765	G8III
8834	128				Cep	70.771	Am...
8835	1009				And	140.845	K0
8836	1331				Cet	182.815	B6III/IV
8837	6429			43	Cet	137.363	K0III:
8838	6687				Cet	96.525	K0
8839	9951				Phe	93.458	A4V
8840	10361				Per	0.000	K5
8841	10854				Cet	125.471	A3V
8842	11644				For	100.604	DAn...
8843	14791				Cas	80.064	A4V
8844	15884				Hor	123.762	A0V
8845	16425				Per	115.741	A5
8846	17026				Tau	142.248	Am...
8847	17298				Hor	40.323	F8V
8848	21053				Tau	41.511	F5V
8849	22923				Ori	131.062	A0V
8850	25911				Cep	101.523	A5m
8851	26054				Aur	106.270	A2m
8852	27164				Aur	230.947	K0
8853	28656				Cam	204.082	G5
8854	30700			9	Mon	287.356	B4V
8855	31977				Vol	132.450	K1IIICN...
8856	34234				Mon	0.000	B0.5IVn
8857	34763				Gem	362.319	K5
8858	37293				Pup	234.192	B6V
8859	37634				CMi	198.020	K0
8860	37934			49	Cam	96.712	F0p SrEu
8861	38403				Lyn	103.734	A3
8862	39094				Lyn	257.732	K5
8863	39730				Pup	226.244	K1III
8864	40878				Lyn	59.382	F0IV
8865	41572				Pyx	162.866	A1/A2V
8866	41833				Cnc	242.718	K0
8867	46566				UMa	42.035	F3Vs
8868	46891				Leo	83.542	A3Vnn
8869	47521				UMa	118.203	K1III-IV
8870	47664				UMa	91.743	A5m
8871	48469				Vel	813.008	B1V
8872	49052				Vel	145.138	K0III
8873	49477				Vel	131.406	K0III
8874	50693				Hya	62.461	F3IV
8875	52103				Car	452.489	B4/B5III/IV
8876	55645				Cen	189.036	M0III
8877	59742				Hya	156.986	K0III
8878	62600				CVn	166.667	K1III
8879	63647				UMa	193.050	A3Vn
8880	64530				CVn	512.821	M0
8881	65530				UMa	21.169	G6V
8882	69704				Boo	140.252	K0
8883	70236				Boo	236.407	MIII
8884	72518				Cir	289.855	B3III
8885	73156				Boo	126.582	A1V
8886	74441				Ser	189.753	K2
8887	74895				Ser	178.253	K0
8888	75272				Lib	129.702	K0III
8889	79208				TrA	95.057	A3m...
8890	79834				Ser	236.407	K0
8891	83202				Sco	56.497	F3V
8892	84700				Ara	148.368	K1III
8893	84856				Oph	47.619	G1V
8894	89104				Dra	150.830	A1Vnn
8895	90398				Her	321.543	B3V
8896	90437				Sct	96.899	K0
8897	92487				CrA	0.000	B5III
8898	93053				Dra	95.420	G5IV comp
8899	94604				Dra	166.667	A3V
8900	94910				Sge	239.808	B8III + K
8901	95453				Aql	108.108	A9V
8902	96601				Vul	168.919	K0III
8903	97819				Tel	60.533	A2V
8904	98661				Vul	540.540	B1Iab
8905	101467				Cyg	92.081	K0III-IV
8906	102370				Cep	132.802	G8III
8907	102414				Cap	145.349	G8III
8908	102804				Cyg	411.523	F7V: comp
8909	103822				Cyg	223.714	A1V comp
8910	103871				Cyg	400.000	B3Vn
8911	103889				Aqr	500.000	B6V
8912	106643				Peg	136.986	G8II
8913	108268				Ind	190.840	G6III
8914	108513				Peg	64.683	K0
8915	109079				Lac	196.464	A0V
8916	109691				Peg	231.482	K2
8917	109788				Peg	165.838	K4III
8918	116106				Aqr	26.116	F8V
8919	0				Cap	48.450	
